track_id,danceability,energy,key,loudness,mode,speechiness,acousticness,instrumentalness,liveness,valence,tempo,track_name,popularity,duration_ms,artist_id,artist_name,num_artists,album_id,release_date,playlist_id,playlist_name,duration_mins,genre
3rcIETyqsnaFShhWCtywaA,0.796,0.81,3,-3.973,0,0.0347,0.0119,0.000136,0.125,0.686,120.005,Kapag Tumibok Ang Puso,0,180866,5TNuvf8y7Y3QLXsNaIYCYX,Janella Salvador,1,5ExrCnkKUNwQHtzzAVdL4B,2015-01-01,0BlH9dSprBFq6ftgjkvPgh,Happy OPM Songs,3.0144333333333333,happy opm
0wDOW3KujYyW6hIFmhHgIF,0.73,0.746,3,-5.349,1,0.0312,0.0862,0.0,0.169,0.831,120.033,Baby I Need Your Loving,0,191920,2q1YvyrLqKmBqNjIozl2Ne,Harana,1,49SJlnu4AMpyHkMSymozsN,2015-01-01,0BlH9dSprBFq6ftgjkvPgh,Happy OPM Songs,3.1986666666666665,happy opm
0o5Vy8oK1sfMsHD2Dr6D4k,0.54,0.827,3,-4.958,0,0.123,0.276,1.37e-05,0.219,0.739,84.889,Kilometro,0,191213,6aiCKnIN68hohzU3ZzNq48,Sarah Geronimo,1,6XyCKRUSZTALq3AJgb7Dqu,2014-10-04,0BlH9dSprBFq6ftgjkvPgh,Happy OPM Songs,3.1868833333333333,happy opm
2Ccg5O8xZUtfXloVOykOiu,0.598,0.795,8,-1.602,1,0.0497,0.623,0.000193,0.0971,0.499,97.999,Tala,0,245053,6aiCKnIN68hohzU3ZzNq48,Sarah Geronimo,1,2MCThGZYlAQRw3HDjkIODU,2015-12-04,0BlH9dSprBFq6ftgjkvPgh,Happy OPM Songs,4.084216666666666,happy opm
4ai7c2BUjNpElhZdZDH7qF,0.764,0.894,0,-2.892,1,0.0327,0.227,0.0,0.0906,0.963,99.986,Dahil Sa'Yo,9,211200,0XOSmu9Qn1agQULUVe0dAK,Inigo Pascual,1,7dT7OfZcmX7HjE8EBqehEF,2016-10-21,0BlH9dSprBFq6ftgjkvPgh,Happy OPM Songs,3.52,happy opm
6NVgNgeFuwbA5lAU0eLnNt,0.803,0.708,10,-8.378,1,0.0404,0.211,3.96e-05,0.0505,0.933,130.427,Urong-Sulong,0,193040,6cXE5RU6ad2uzeRUxh7Olj,MAJA,1,4oVAuQe5tpXdv9viET16jo,2014-03-06,0BlH9dSprBFq6ftgjkvPgh,Happy OPM Songs,3.2173333333333334,happy opm
67hjKSdkleY4v7qZ3Q3AFr,0.692,0.74,7,-7.26,1,0.0263,0.0348,4.65e-06,0.182,0.53,106.982,Hinahanap-Hanap Kita,0,242393,5yVM85m9yNcHO6o0vaaVxW,Daniel Padilla,1,7HhsebvA3PWaXopruhWXCX,2011-01-01,0BlH9dSprBFq6ftgjkvPgh,Happy OPM Songs,4.039883333333333,happy opm
5DdSN5U634K0bREQEbz6VI,0.601,0.644,8,-5.741,1,0.114,0.239,0.0,0.124,0.758,183.905,Dati,0,240600,"['2P3aLwJ41aRYkyFFw2FRM7', '2j0vP8ZxbL4V0hBbHOjvrH', '3i56tClx1CsaoGJC8BKlhz']","['Sam Concepcion', 'Tippy Dos Santos', 'Quest']",3,4WBmtqpXR1uws9d2Sg6UrZ,2013-01-01,0BlH9dSprBFq6ftgjkvPgh,Happy OPM Songs,4.01,happy opm
64GAph0jPD64kCucBIz2Hw,0.722,0.876,11,-2.19,0,0.0601,0.0307,0.0,0.342,0.695,104.96,Trouble - English Version,0,186598,3zlxVfcuV4nPjcvTvlPWmZ,Kriesha Chu,1,3okYPFTxKPZIUYM3I57kak,2018-08-17,0BlH9dSprBFq6ftgjkvPgh,Happy OPM Songs,3.1099666666666668,happy opm
50YeUpUrI2oqxPRSQbn9bc,0.686,0.777,11,-3.001,0,0.034,0.3,0.0,0.201,0.657,109.066,Lumang Tugtugin,0,211424,0XOSmu9Qn1agQULUVe0dAK,Inigo Pascual,1,4fHCM4WChLMeGhhVqhujth,2018-09-14,0BlH9dSprBFq6ftgjkvPgh,Happy OPM Songs,3.5237333333333334,happy opm
4Lm7iUXaIT9fzCUHMsO10W,0.631,0.923,1,-4.357,0,0.056,0.0639,0.0,0.316,0.707,98.054,Darating Din,0,195240,5rmy4yOHBOptMctO6t5Drl,Kim Chiu,1,7gvlVXjdCVWWMX3tA5ZBf3,2015-01-01,0BlH9dSprBFq6ftgjkvPgh,Happy OPM Songs,3.254,happy opm
57NF2cTqsTx11rOlNKkwWA,0.841,0.69,1,-5.415,0,0.0399,0.216,0.0123,0.363,0.73,127.986,Chinito,7,226876,0DnjaQqb436AH1idffI6CQ,Yeng Constantino,1,4oSnCQpi32oI4UdUw2rKRL,2013-01-01,0BlH9dSprBFq6ftgjkvPgh,Happy OPM Songs,3.7812666666666668,happy opm
1pQlZd7zzPuzHuFRkQmSyQ,0.699,0.61,9,-4.935,0,0.0385,0.391,0.0,0.193,0.739,124.996,Mr. Kupido,1,224613,6U5NhAY38FWP22Wu1hd7Vh,Myrtle Sarrosa,1,0bHJLCYWUyskbHrFkrCI5t,2013-04-08,0BlH9dSprBFq6ftgjkvPgh,Happy OPM Songs,3.74355,happy opm
2hUH1ZU3uTiqgXMdKsZiUd,0.76,0.722,9,-4.463,1,0.0326,0.471,0.000336,0.327,0.86,109.966,Para-Paraan,0,187613,17Do37U0HEbxu1tOrKH8dL,Nadine Lustre,1,1puKZofUDo6HwiXbJVqQNv,2014-08-20,0BlH9dSprBFq6ftgjkvPgh,Happy OPM Songs,3.1268833333333332,happy opm
7Ge2nDLuobn9GEyrxKXevq,0.82,0.833,6,-5.908,1,0.137,0.359,0.0007,0.225,0.916,93.006,Kakaibabe,0,210520,1dpv0XBdgUa5z4vzn7ahIz,Donnalyn,1,1gcjCCkUaktYqInjv4LpCN,2014-08-20,0BlH9dSprBFq6ftgjkvPgh,Happy OPM Songs,3.5086666666666666,happy opm
0XcVmOI1djCh1rrQpEv2Pn,0.717,0.732,5,-3.482,1,0.0451,0.467,0.0,0.134,0.65,124.968,Happy Break Up,0,234706,1dpv0XBdgUa5z4vzn7ahIz,Donnalyn,1,1QD6wcSpWljzsXDAS6NmL8,2015-09-11,0BlH9dSprBFq6ftgjkvPgh,Happy OPM Songs,3.911766666666667,happy opm
4SS1u8rczYiLJvN5Z4v1aQ,0.743,0.741,6,-5.825,1,0.125,0.112,0.000742,0.357,0.672,80.977,Huwag Siya,0,254373,"['1dpv0XBdgUa5z4vzn7ahIz', '5GdspZ491zr64zzwVJJjJZ']","['Donnalyn', 'Shehyee']",2,1gcjCCkUaktYqInjv4LpCN,2014-08-20,0BlH9dSprBFq6ftgjkvPgh,Happy OPM Songs,4.23955,happy opm
7iPjDhYjuxVpD2bWKAZZOY,0.723,0.757,9,-5.192,0,0.0359,0.108,0.0,0.154,0.79,112.013,Ikaw Na Na Na Na - Disco Version,0,181080,2CZutpxBb9EoWpnjh4kqx2,G2B,1,70tYXA7aBtmtaQdhXYYiXg,2013-01-01,0BlH9dSprBFq6ftgjkvPgh,Happy OPM Songs,3.018,happy opm
626flbKikvrxJyUESqvER4,0.755,0.697,0,-7.941,1,0.0398,0.444,1.21e-05,0.259,0.489,120.051,Discolamon,36,248120,0U46MggdSX3enMM5t5G7jI,Banda Ni Kleggy,1,6B9QOoIvccz95kgIq0CaRM,2015-07-11,0BlH9dSprBFq6ftgjkvPgh,Happy OPM Songs,4.1353333333333335,happy opm
56sRPwcfFXDxtCwvCDgkEc,0.618,0.698,2,-6.925,1,0.0343,0.038,4.08e-06,0.384,0.628,125.027,Kumusta Ka,0,181867,5yVM85m9yNcHO6o0vaaVxW,Daniel Padilla,1,3f2mb0nkdNKLDfDnvvTqAc,2013-01-01,0BlH9dSprBFq6ftgjkvPgh,Happy OPM Songs,3.0311166666666667,happy opm
5P1GlyYGuofTOWUDvHllcG,0.752,0.838,9,-4.438,1,0.0271,0.018,5.97e-05,0.154,0.787,114.969,Chinito Problems,0,241237,6JOWPLiMEZPRrwyhn8gw8C,Enchong Dee,1,0Pn2CdUAOw6FeE31nuFn6d,2014-01-01,0BlH9dSprBFq6ftgjkvPgh,Happy OPM Songs,4.020616666666666,happy opm
2yboUlaojptpWI7GcnKnn7,0.736,0.674,0,-4.695,1,0.0664,0.381,0.0,0.342,0.762,126.088,"Mr. Kupido - From ""A Love So Beautiful""",0,217983,649gjTwOWFCf1lTdgkN8Jd,Natsumi,1,6fPSLBNkbfuSHCyR5JwTXE,2018-04-27,0BlH9dSprBFq6ftgjkvPgh,Happy OPM Songs,3.63305,happy opm
3eSDXqvDhUriIOsnBCDoBc,0.717,0.711,4,-9.257,1,0.0282,0.168,2.59e-06,0.153,0.941,129.966,In or Out,0,271882,3LKVw6XQYcot0OZMFmf4IP,Sandara Park,1,1ESZDjfyERKdAadxy19p50,2005-01-01,0BlH9dSprBFq6ftgjkvPgh,Happy OPM Songs,4.531366666666667,happy opm
0r4ntnBbIFueu9Cd3bcyF5,0.878,0.875,2,-6.081,1,0.0613,0.388,0.0,0.804,0.96,132.884,The Spageti Song (feat. Joey De Leon),43,231640,"['4HuN4J7CJxP3Y3FizjNxXa', '204rRUtZ6aVfefn4b0DW62']","['Sexbomb Girls', 'Joey De Leon']",2,7AOFfSEM5Nx0M2ku2mgkwt,2005-04-18,0BlH9dSprBFq6ftgjkvPgh,Happy OPM Songs,3.8606666666666665,happy opm
433uxflA2eon698IDXQP71,0.833,0.606,4,-9.637,0,0.0383,0.129,1.81e-05,0.085,0.936,117.977,Kilig,0,202773,6cXE5RU6ad2uzeRUxh7Olj,MAJA,1,4oVAuQe5tpXdv9viET16jo,2014-03-06,0BlH9dSprBFq6ftgjkvPgh,Happy OPM Songs,3.37955,happy opm
4b8WHzIlHN33VyJwccBlIc,0.77,0.801,11,-8.479,1,0.0392,0.172,8.57e-06,0.0306,0.972,127.012,Ayokong Tumanda,51,328893,5cYJYBMg1n71v7cvthr1SO,The Itchyworms,1,7B5frROxaagqiqHXnxVerP,2013-05-16,0BlH9dSprBFq6ftgjkvPgh,Happy OPM Songs,5.48155,happy opm
5VoY18OYEE2E6RJCBd2jki,0.702,0.941,0,-2.293,0,0.0428,0.4,0.0,0.146,0.922,125.984,Go Up,56,189047,3g7vYcdDXnqnDKYFwqXBJP,SB19,1,4JlsfnNH8MCDXR0ypy1zcm,2020-07-31,0BlH9dSprBFq6ftgjkvPgh,Happy OPM Songs,3.1507833333333335,happy opm
0EplIjPro6oHSgYI1RZwX0,0.747,0.863,9,-4.074,1,0.0284,0.141,0.0,0.404,0.954,130.967,Urong Sulong,0,233946,44sizcqbUVsSbgOAEfvLNY,Pop Girls,1,0RIooXl2ms5698GsKZ6C2F,2009-02-12,0BlH9dSprBFq6ftgjkvPgh,Happy OPM Songs,3.8991,happy opm
5fuBcv4rZP0mtjNSj3UPsk,0.785,0.944,1,-4.003,1,0.0904,0.0399,0.0,0.0957,0.954,126.01,Tumitigil Ang Mundo,1,247670,10bk3EHVC30yi6F10nmvL8,BGYO,1,2Jg15zG5g9QnXZT0O1Wjjj,2022-07-13,0BlH9dSprBFq6ftgjkvPgh,Happy OPM Songs,4.127833333333333,happy opm
0DnNMu0v71ICscsyuQgmu3,0.809,0.728,5,-5.519,1,0.0361,0.0422,0.0,0.121,0.938,128.009,WIN YOUR HEART,53,209531,3g7vYcdDXnqnDKYFwqXBJP,SB19,1,7pIITdtb7JJNSF7ah0hltg,2022-07-17,0BlH9dSprBFq6ftgjkvPgh,Happy OPM Songs,3.492183333333333,happy opm
7wcxFgRc4igrAwo0GsD1Mc,0.581,0.803,8,-6.157,1,0.0579,0.0345,0.0,0.0789,0.704,100.924,"Tuloy Pa Rin - From ""abnkkbsnplako """,46,293666,6uL1sJWYOjC2V4j9LzmLES,Flip Music All Stars,1,7GWNX1eSeGec65MfGgkQaZ,2014-01-28,0BlH9dSprBFq6ftgjkvPgh,Happy OPM Songs,4.894433333333334,happy opm
2V7ynsdaofsrzPgMn1VoH8,0.711,0.971,11,-4.906,0,0.093,0.044,0.0,0.348,0.82,127.061,Awitin Mo At Isasayaw Ko,31,178426,4HuN4J7CJxP3Y3FizjNxXa,Sexbomb Girls,1,7AOFfSEM5Nx0M2ku2mgkwt,2005-04-18,0BlH9dSprBFq6ftgjkvPgh,Happy OPM Songs,2.9737666666666667,happy opm
0RWSCMLypBE9vqK1EhwCxI,0.775,0.842,3,-4.965,1,0.0686,0.138,0.0,0.265,0.774,102.986,Sinayang Mo,0,193689,5BukDmriB1WrLFDavZzHdJ,Jeremy G,1,1g8zVJRkeTH5UqT8F5p8RZ,2022-09-30,0BlH9dSprBFq6ftgjkvPgh,Happy OPM Songs,3.22815,happy opm
6vzopDJ9mXKb9wDXP1RLgV,0.76,0.561,9,-7.884,1,0.0338,0.155,9.75e-05,0.278,0.682,107.967,Ewan,51,234280,6MXu7TWZnmykwkXiRJeUMh,Imago,1,6zQgFMVjE1LpUGyMDA7K8h,2007-01-01,0BlH9dSprBFq6ftgjkvPgh,Happy OPM Songs,3.9046666666666665,happy opm
6lIb9gcuy4tm5SU1XVSP9K,0.864,0.834,1,-5.303,1,0.0392,0.0633,0.000133,0.0725,0.973,121.016,Hayop Sa Ganda,40,194014,39EHxSQAIaWusRqSI9xoyF,1:43,1,16DSNgw4WnwcGHS8fWjuKX,2014-08-03,0BlH9dSprBFq6ftgjkvPgh,Happy OPM Songs,3.2335666666666665,happy opm
6FhJycP10KoRYnm8uovCJ9,0.896,0.849,0,-8.912,1,0.053,0.138,0.0,0.0723,0.982,137.972,Dulce Tirah Tirah,31,211621,0rhvE3OgmlFSE2V5EzI1hr,Denelle F,1,49fnr3vh3QOhClXJqxRevN,2007-10-01,0BlH9dSprBFq6ftgjkvPgh,Happy OPM Songs,3.5270166666666665,happy opm
1ZASZCYarg1OZ41lnhW65g,0.843,0.985,7,-1.281,1,0.0724,0.0529,0.0641,0.0213,0.894,139.994,Paro Paro G,49,156055,7CKH1s7UyutklRbZ40Ebc7,DJ Sandy,1,6ZC9Aac8qvrdAASQPjBz4z,2022-02-22,0BlH9dSprBFq6ftgjkvPgh,Happy OPM Songs,2.6009166666666665,happy opm
2mHZkcKMA1MkXAziIXQtVv,0.76,0.79,5,-4.47,1,0.0273,0.03,0.0,0.0445,0.936,98.016,"Paligoy-Ligoy - From ""Diary Ng Panget""",62,198533,17Do37U0HEbxu1tOrKH8dL,Nadine Lustre,1,3KCYGc5oOMidMFih08J4or,2014,0BlH9dSprBFq6ftgjkvPgh,Happy OPM Songs,3.308883333333333,happy opm
2KnBndXWB37U95D0m7tGcg,0.71,0.771,6,-6.075,0,0.0553,0.218,2.36e-06,0.107,0.9,89.975,Aba Bakit Hindi?,0,198000,17Do37U0HEbxu1tOrKH8dL,Nadine Lustre,1,1puKZofUDo6HwiXbJVqQNv,2014-08-20,0BlH9dSprBFq6ftgjkvPgh,Happy OPM Songs,3.3,happy opm
6HVT2c1ZZdhH1nGFb4AxUJ,0.745,0.628,7,-7.449,1,0.0535,0.553,0.0,0.0843,0.803,117.919,Estranghero,73,186610,61nn6nOoLWjVC1ER2qFAvN,Cup of Joe,1,4RVn8ciIB4E7FMEBbmLpNc,2022-06-10,37i9dQZF1EIhkcT9SIIIOn,Happy OPM Mix,3.1101666666666667,happy opm
4ESVeOSa7asoWhkAg6aTB2,0.434,0.352,8,-7.397,1,0.0424,0.825,2.66e-05,0.104,0.234,75.378,tila tala,67,281296,3BQ7MYNeB0wMPtHYPWvu1C,syd hartha,1,5leaLgCdTTc6idyVEdBEGP,2018-03-14,37i9dQZF1EIhkcT9SIIIOn,Happy OPM Mix,4.688266666666666,happy opm
4IeuTj1pEHuL9vJSiEqEfR,0.458,0.533,0,-5.249,1,0.0381,0.447,0.0,0.114,0.343,149.832,Ligaya,72,248800,31fsDbpNPKe346urriO4ma,mrld,1,0ccUyUkrIynFO5USku5IHH,2021-10-06,37i9dQZF1EIhkcT9SIIIOn,Happy OPM Mix,4.1466666666666665,happy opm
3Eb5sztvEMa0Mqnb8DUAlU,0.676,0.565,10,-9.411,1,0.03,0.00321,0.000579,0.241,0.689,113.007,Come Inside Of My Heart,78,246396,4k9wp4ipHdA1bu1T4x1ZTG,IV Of Spades,1,5mGR6qKnpILzSzq1yyAUXk,2019-01-18,37i9dQZF1EIhkcT9SIIIOn,Happy OPM Mix,4.1066,happy opm
0EA8jl8Wje9ALRKC8Qlzyt,0.596,0.182,6,-16.004,1,0.0378,0.903,0.0,0.0909,0.268,111.734,Happy w u,70,280714,"['7uDdl5V5AETSFY7K3muu22', '7Hb2cm4pIeCUKwfzutKyjp']","['Arthur Nery', 'Jason Dhakal']",2,3wGtsGy8caFXddQMJau2kb,2020-12-22,37i9dQZF1EIhkcT9SIIIOn,Happy OPM Mix,4.678566666666667,happy opm
5nAURveExXhziMuq8MHEXp,0.787,0.879,2,-4.475,1,0.0646,0.102,6.07e-06,0.0872,0.773,129.998,Crush,49,221756,3ZxIEoqpyP82lbkoFNbw4k,Tweens Of Pop,1,7l8cP2wPjc57nuFoTuUeUp,2012,37i9dQZF1EIhkcT9SIIIOn,Happy OPM Mix,3.6959333333333335,happy opm
5WBgWyIEdpxWhFk9QOPE7C,0.575,0.77,4,-6.684,1,0.285,0.694,1.46e-05,0.283,0.679,169.972,Ako Na Lang,70,204786,45n4dyhe8nXULBDb6wHSXe,Zia Quizon,1,4mj0GHGo0qWcKw1JgklCfq,2011,37i9dQZF1EIhkcT9SIIIOn,Happy OPM Mix,3.4131,happy opm
0QBPWTTVyV3VclqALtmLWv,0.641,0.673,2,-8.346,1,0.0248,0.264,0.101,0.123,0.328,96.01,Isip,70,265182,5xRllYZrqUU5by4KMyz9cY,Healy After Dark,1,4yBK4tfSJXauEBNwEcRvkV,2023-07-05,37i9dQZF1EIhkcT9SIIIOn,Happy OPM Mix,4.4197,happy opm
66tKd60oZUTAK0PdmXJl09,0.762,0.6,7,-5.444,1,0.0404,0.408,1.01e-05,0.283,0.721,132.014,Bukod-Tangi,62,222045,61nn6nOoLWjVC1ER2qFAvN,Cup of Joe,1,4yAWdaZDMWNCNrpwd745NH,2021-04-09,37i9dQZF1EIhkcT9SIIIOn,Happy OPM Mix,3.70075,happy opm
63g7T96x98kozrsNDHWqHv,0.627,0.575,9,-11.128,1,0.0323,0.068,2.01e-06,0.115,0.669,139.997,Kung Maging Akin Ka,60,253235,61OfH8eB8aJIc9T98cecNT,Sugarcane,1,7lCRLdARDimlGNWn58X28v,2021-02-13,37i9dQZF1EIhkcT9SIIIOn,Happy OPM Mix,4.220583333333333,happy opm
39SQ0CjIineoa2mbiJpZdk,0.672,0.271,6,-11.62,1,0.0397,0.741,0.0,0.06,0.623,113.067,Captivated,65,219949,4k9wp4ipHdA1bu1T4x1ZTG,IV Of Spades,1,5mGR6qKnpILzSzq1yyAUXk,2019-01-18,37i9dQZF1EIhkcT9SIIIOn,Happy OPM Mix,3.6658166666666667,happy opm
4mc3rUoMwwiNTHA4al9nNd,0.652,0.76,6,-4.098,0,0.0406,0.221,9.09e-05,0.147,0.615,98.079,Fallen,79,201806,29zSTMejPhY0m7kwNQ9SPI,Lola Amour,1,65mubteFOgv2qZeSWMdNl7,2021-06-25,37i9dQZF1EIhkcT9SIIIOn,Happy OPM Mix,3.3634333333333335,happy opm
4d9aHwNs1oYFoXXANb9r2r,0.767,0.66,10,-5.94,1,0.031,0.558,0.0,0.119,0.961,119.929,Panalangin,52,207337,5yVM85m9yNcHO6o0vaaVxW,Daniel Padilla,1,68z8GsaQZCe99Q0B2HZfUG,2013-01-01,37i9dQZF1EIhkcT9SIIIOn,Happy OPM Mix,3.455616666666667,happy opm
51NAz1GAp82XJ4bXGZa2qR,0.598,0.427,11,-8.037,0,0.064,0.473,0.000366,0.103,0.461,170.078,By My Side ft. Tiara Andini,60,234352,"['67IN4cLJ7798gUapyZlmac', '0kPb52ySN2k9P6wEZPTUzm']","['Zack Tabudlo', 'Tiara Andini']",2,5iuJcpdpAmd13OpnG7Wp2x,2022-10-28,37i9dQZF1EIhkcT9SIIIOn,Happy OPM Mix,3.905866666666667,happy opm
0dCDBADaqgcQ62LdyRsejn,0.484,0.233,0,-9.077,1,0.0356,0.761,0.000249,0.452,0.315,143.221,Home,53,333622,2JI8ViuZDBybY6Xd9ujUrb,Reese Lansangan,1,2ckgN1jJObKrLisIuVso10,2016-10-29,37i9dQZF1EIhkcT9SIIIOn,Happy OPM Mix,5.560366666666667,happy opm
12QcuTyW2yumtruHEyUJh6,0.651,0.543,9,-8.733,1,0.027,0.214,0.0,0.105,0.509,120.024,Ligaw Tingin,55,256487,7mpEg5WV7rNQSLwxxVJ4kk,Zildjian Parma,1,2XBsH0yNuSFrTKNrHS14LG,2022-09-25,37i9dQZF1EIhkcT9SIIIOn,Happy OPM Mix,4.274783333333334,happy opm
43t6oyPWJ67nifk7JgDgoI,0.447,0.363,1,-9.743,1,0.0478,0.923,0.000249,0.132,0.125,115.457,Sunsets With You,64,253913,"['3jjbX9cm5Np3ekAypS71si', '3TrbbmtvHwXSKbBc1tClSV']","['Cliff', 'Yden']",2,2fEfoRUwtHZa6OZ44Mjc6X,2022-02-04,37i9dQZF1EIhkcT9SIIIOn,Happy OPM Mix,4.231883333333333,happy opm
3FsDo7jplRKAkFzxZ4vbZu,0.871,0.407,11,-11.166,1,0.0784,0.451,0.00012,0.0966,0.741,121.992,Bahala Na,62,228688,2owtRYReKCG1n2AAS5AcpS,Kenaniah,1,50ZqQAS4Cp2ATe9w1MUHB7,2023-07-07,37i9dQZF1EIhkcT9SIIIOn,Happy OPM Mix,3.8114666666666666,happy opm
4AkpzRUJO1EDd5WrwWMWno,0.526,0.919,9,-4.477,1,0.0649,0.041,0.0,0.239,0.925,132.183,Ako'y Tinamaan,47,200826,6uZjmsQb20mD9kVaEmWMhp,Reo Brothers,1,5xRlf4JYBaPgNs1ugFKGXb,2015-01-19,37i9dQZF1EIhkcT9SIIIOn,Happy OPM Mix,3.3471,happy opm
22Nd3GuO7sHopPjdKccRcq,0.48,0.299,7,-12.077,1,0.0525,0.838,0.0,0.133,0.196,121.75,An Art Gallery Could Never Be As Unique As You,77,158677,31fsDbpNPKe346urriO4ma,mrld,1,0FRaoawfqep3bJcCqcQZpD,2019-12-11,37i9dQZF1EIhkcT9SIIIOn,Happy OPM Mix,2.644616666666667,happy opm
6bLwOcpjZOL1GuCHBoB4VZ,0.796,0.404,9,-10.316,1,0.0574,0.647,0.000169,0.0972,0.298,127.668,LDR - Sped Up,68,165427,68URuxUxsFzcPp2y3j0kjW,Shoti,1,43KGg9deOHTDz5MBWPyQGp,2023-05-13,37i9dQZF1EIhkcT9SIIIOn,Happy OPM Mix,2.7571166666666667,happy opm
0HAciULA3lNbyp0kCBrJnC,0.648,0.316,8,-11.308,1,0.0277,0.434,1.32e-05,0.123,0.308,99.006,Maybe Maybe,63,313500,29zSTMejPhY0m7kwNQ9SPI,Lola Amour,1,5eawUz4lU3YG3j79LhubBG,2017-05-16,37i9dQZF1EIhkcT9SIIIOn,Happy OPM Mix,5.225,happy opm
14WzMa1QRDXqsZI2lEZDfv,0.74,0.446,2,-10.142,1,0.0304,0.233,6.81e-06,0.351,0.263,104.004,Vivid,49,270000,1CZ6BqSNNDTbyne4SltF0e,Any Name's Okay,1,6HgKv6RnCFgEwl8S91mYtQ,2019-11-21,37i9dQZF1EIhkcT9SIIIOn,Happy OPM Mix,4.5,happy opm
5m3LwvrAXhXFlzZ3nxcm5x,0.646,0.701,7,-6.633,1,0.0358,0.17,0.0,0.248,0.436,89.976,Moao,42,245382,2TmqQRA5s51zD2C4zbiqPq,Purples n' Oranges,1,1Irh1AYtaWfuDm6NabCsso,2019-06-15,37i9dQZF1EIhkcT9SIIIOn,Happy OPM Mix,4.0897,happy opm
4aqkICleG6HLRc2ygpWqN1,0.692,0.874,1,-4.632,1,0.0568,0.225,0.0,0.0636,0.874,129.983,Na Na Na,47,251076,7tNO3vJC9zlHy2IJOx34ga,BINI,1,28rgW6IXDsrk4YtTcFtGGK,2021-10-14,37i9dQZF1EIhkcT9SIIIOn,Happy OPM Mix,4.1846,happy opm
5vmN5FboWGKqb0MZuKfUJa,0.319,0.82,11,-3.862,1,0.152,0.21,0.0,0.0749,0.506,87.094,For Everything,30,211440,4NeCu267LZemnoq44lZYKy,Julie Anne San Jose,1,7xq2b0gkMRI47DCek284HB,2012,37i9dQZF1EIhkcT9SIIIOn,Happy OPM Mix,3.524,happy opm
0wUUUDuDxTwC27kE6kw1oL,0.644,0.483,5,-7.733,1,0.0371,0.301,0.0,0.114,0.291,119.972,What Is This Feeling?,37,223656,2JI8ViuZDBybY6Xd9ujUrb,Reese Lansangan,1,39vgyUQqSdYeEF6J7WeSXE,2021-05-30,37i9dQZF1EIhkcT9SIIIOn,Happy OPM Mix,3.7276,happy opm
3Ues7YM3y8JYnTeu2OYFVH,0.557,0.406,2,-9.614,1,0.0463,0.708,1.57e-05,0.152,0.346,77.035,Just Because,62,193246,31fsDbpNPKe346urriO4ma,mrld,1,4KE1Eeu0tO0f2czX9pfaRc,2023-02-10,37i9dQZF1EIhkcT9SIIIOn,Happy OPM Mix,3.2207666666666666,happy opm
1iKLxHlIBGKANB2LfXbpGQ,0.744,0.555,9,-8.288,1,0.0332,0.291,0.0101,0.103,0.445,139.955,Sana Walang Magbago,44,198428,2owtRYReKCG1n2AAS5AcpS,Kenaniah,1,50ZqQAS4Cp2ATe9w1MUHB7,2023-07-07,37i9dQZF1EIhkcT9SIIIOn,Happy OPM Mix,3.3071333333333333,happy opm
5Jr9SMmCzMN9CsvdDNhh6N,0.776,0.688,4,-8.552,1,0.0329,0.191,1.67e-06,0.214,0.898,127.971,Kinikilig,42,225601,1IJ4wDIUWLb0XLmPN79SDj,Hazel Faith,1,5rqkvJZW1kv6myOdtSESDx,2017-11-10,37i9dQZF1EIhkcT9SIIIOn,Happy OPM Mix,3.7600166666666666,happy opm
4xy6P7NgxEzaai4WUlVDsB,0.545,0.76,10,-5.152,1,0.0271,0.00907,4.45e-05,0.0564,0.631,90.052,Clouds,50,223599,1CZ6BqSNNDTbyne4SltF0e,Any Name's Okay,1,453E6lhHqpjUaYEoRhkMF4,2019-08-30,37i9dQZF1EIhkcT9SIIIOn,Happy OPM Mix,3.72665,happy opm
17fq6LtVwn5AvyAkVZZL4z,0.773,0.271,5,-12.229,1,0.038,0.902,0.00104,0.137,0.788,125.083,Walang Aminan,49,154999,66jyWeUhy75IiWKCvAakuA,huhsmile,1,2vJjKU0dCcpILifHOCfTq9,2021-04-30,37i9dQZF1EIhkcT9SIIIOn,Happy OPM Mix,2.5833166666666667,happy opm
5TA8eIdBIT8QFQcjTaXTdo,0.72,0.515,10,-6.011,0,0.0286,0.425,0.0,0.108,0.278,130.009,My Girl,43,183136,7aerdWadzubpu06Oxysg6R,Paolo Sandejas,1,65wbntygODEhsjoHkR8h7L,2018-07-27,37i9dQZF1EIhkcT9SIIIOn,Happy OPM Mix,3.0522666666666667,happy opm
2sS4bfcYRKMRAVk6HfNmYK,0.397,0.231,9,-11.577,1,0.0326,0.984,5.74e-05,0.0997,0.312,80.306,You're the Best Thing That Ever Happened to Me,40,257279,1juIpte4oHJ5ngVLPTUPuJ,Justin Vasquez,1,1FlMGksc5QpAmBX9ylejuF,2020-08-29,37i9dQZF1EIhkcT9SIIIOn,Happy OPM Mix,4.287983333333333,happy opm
5M5Kej5IPErlFEp8nZT8UO,0.686,0.513,0,-6.145,1,0.0722,0.519,0.0,0.282,0.513,84.995,Mixed Signals,48,170192,3bsQY9pFWVzUMxlSgGQuBn,Patch Quiwa,1,6wci5omZqwlkmlfYeFBr63,2022-06-03,37i9dQZF1EIhkcT9SIIIOn,Happy OPM Mix,2.836533333333333,happy opm
4JZVI1zcMGg3qlrLj8s728,0.699,0.554,2,-8.846,1,0.0267,0.413,0.00192,0.108,0.664,109.992,Ako Nalang Kasi,46,216484,0XRPxTyrrVeDXLt6Wxw4UD,rhodessa,1,42yYgHAsEQL30sasJlHLdw,2020-09-24,37i9dQZF1EIhkcT9SIIIOn,Happy OPM Mix,3.6080666666666668,happy opm
2R7E1srMlJfMZWsyw0yjh2,0.627,0.754,3,-8.222,1,0.0314,0.352,0.00811,0.0839,0.692,125.025,Ctrl + Esc,41,198810,49hXOL1GCkpxGUVNtV4ke8,Project Orange,1,6dTchoFUTkfIjdJpgh2K2d,2019-11-15,37i9dQZF1EIhkcT9SIIIOn,Happy OPM Mix,3.3135,happy opm
0ZVXBU8LCG0HutT5Oa8eI4,0.769,0.602,9,-7.3,1,0.0312,0.0923,0.0229,0.0594,0.527,104.992,Bangin,40,227723,5GB0qrWq0mz2OanyfhXGp0,Paul Pablo,1,1v0xYbW5NagAzjMeBWIM5A,2021-02-26,37i9dQZF1EIhkcT9SIIIOn,Happy OPM Mix,3.7953833333333336,happy opm
7JHsx9J7zW5jOeen4OufUT,0.551,0.173,5,-18.25,1,0.0328,0.706,0.0015,0.112,0.408,169.89,What Are We,54,320915,31fsDbpNPKe346urriO4ma,mrld,1,1C19zBgMZssqTdeYZY2zS3,2020-05-22,37i9dQZF1EIhkcT9SIIIOn,Happy OPM Mix,5.348583333333333,happy opm
4yOIDYK8ALNI5K9sdwE6kc,0.514,0.652,0,-3.589,0,0.0334,0.122,0.0,0.0673,0.304,129.998,Love Na Love Kita,22,172533,5LjeS9Ayepynd2NQAeosRz,Jovit Baldivino,1,1DU8LHvpRHhNhzfMIAIiQu,2015-07-07,37i9dQZF1EIhkcT9SIIIOn,Happy OPM Mix,2.87555,happy opm
0wg3eXDIU3FkTkFDSG5dya,0.341,0.16,8,-14.002,1,0.0358,0.914,1.79e-05,0.109,0.259,168.287,roses & sunflowers,47,208043,4acGozsQZscrP4YKMg2Xwn,Timmy Albert,1,0bRwXSaSaPA0q4HLc1moBe,2019-05-01,37i9dQZF1EIhkcT9SIIIOn,Happy OPM Mix,3.4673833333333333,happy opm
5SyigMsSY8uAV1m27fhnLD,0.695,0.337,2,-9.196,0,0.0419,0.846,0.000165,0.0643,0.184,122.0,Uhaw,68,267049,6Dp4LInLyMVA2qhRqQ6AGL,Dilaw,1,432KTeJ8URaOv2GduJw7K5,2022-11-18,0j1DsJ4OxzbWGYCRCblGI9,happy opm beats makes me happy,4.450816666666666,happy opm
4MsOWApwFYowURf1CsztXP,0.7,0.546,4,-9.961,0,0.0519,0.762,1.11e-05,0.103,0.293,134.152,Sinderela,63,248894,61nn6nOoLWjVC1ER2qFAvN,Cup of Joe,1,75CKoVyanOM8WDOVpvNhcv,2019-04-05,0j1DsJ4OxzbWGYCRCblGI9,happy opm beats makes me happy,4.148233333333334,happy opm
3TN0iGCBNNPbuqD7DyAe7A,0.684,0.441,4,-12.147,1,0.0366,0.775,0.00557,0.241,0.819,117.009,Aphrodite - Aphrodite (Album Version),58,236541,03KZ3tIgA3DSCU4o8PahVG,The Ridleys,1,4prgRUxaRi1OHVtCMrCbK2,2019-12-14,0j1DsJ4OxzbWGYCRCblGI9,happy opm beats makes me happy,3.94235,happy opm
2vitrupqp6xBHhzy6aGP29,0.423,0.607,10,-7.816,1,0.0421,0.0755,3.73e-06,0.0713,0.415,199.837,Hintay,43,232800,"['2PfMott3D1hpVkngaG4FZK', '5VPEnjen5Hmkj0Tc60im3u']","['Sleep Alley', 'Up For Byes']",2,1exAzJDtJRZwtryrxvZ8Kw,2020-02-14,0j1DsJ4OxzbWGYCRCblGI9,happy opm beats makes me happy,3.88,happy opm
78w1YWDvOt2YuhljTtBVfJ,0.545,0.545,1,-9.355,1,0.0335,0.0913,0.00553,0.128,0.111,125.027,Pag-Uwi,33,280891,2PfMott3D1hpVkngaG4FZK,Sleep Alley,1,5ScdOnFg7wW6u8rZEmWYYM,2021-03-12,0j1DsJ4OxzbWGYCRCblGI9,happy opm beats makes me happy,4.681516666666667,happy opm
7IroIG4xaUh87f3I2WxFkA,0.503,0.426,2,-12.417,1,0.0294,0.157,0.194,0.092,0.244,143.874,Alive,40,301668,1hMAGfvamVXuSWBFQRFMeq,Over October,1,0JSEAaCxA14d56DYrlUCaB,2019-11-29,0j1DsJ4OxzbWGYCRCblGI9,happy opm beats makes me happy,5.0278,happy opm
45XJsGpFTyzbzeWK8VzR8S,0.696,0.615,10,-6.212,1,0.0345,0.206,2.53e-06,0.305,0.438,90.029,A Day At A Time,44,142002,"['4jGPdu95icCKVF31CcFKbS', '5ebPSE9YI5aLeZ1Z2gkqjn']","['Gentle Bones', 'Clara Benin']",2,4o0TtRrfckZCm8yNzbZoH4,2021-03-05,0j1DsJ4OxzbWGYCRCblGI9,happy opm beats makes me happy,2.3667,happy opm
3QrQsWbuMYaI4q4uDiiGpk,0.525,0.475,5,-10.633,0,0.0267,0.802,0.0636,0.0949,0.423,135.997,Milkyway,35,237923,03KZ3tIgA3DSCU4o8PahVG,The Ridleys,1,6w0Bj5vav89kXf4kRX0SOC,2023-01-01,0j1DsJ4OxzbWGYCRCblGI9,happy opm beats makes me happy,3.9653833333333335,happy opm
2KsW481cLcJdtsYa3bWcWq,0.481,0.449,4,-8.857,1,0.0463,0.276,7.9e-05,0.145,0.418,185.949,Bulalakaw,28,346290,6lTUjzrkveIemv9jnBVMfy,Matthew Hermosura,1,6iVKxy0Xj7TzIeu4KqxEhV,2022-07-29,0j1DsJ4OxzbWGYCRCblGI9,happy opm beats makes me happy,5.7715,happy opm
0pCVtVr8WwPfmi18UuJeoB,0.309,0.558,3,-7.322,1,0.0348,0.0783,0.0609,0.244,0.542,145.699,Meaningful Silence (Our Song),47,273620,03KZ3tIgA3DSCU4o8PahVG,The Ridleys,1,2hnNW4SAPC0saZsCsNGQjU,2017-06-03,0j1DsJ4OxzbWGYCRCblGI9,happy opm beats makes me happy,4.560333333333333,happy opm
4Ae6ScLqE5PDYouXr9IHNR,0.451,0.402,10,-11.973,1,0.0302,0.708,0.00127,0.288,0.0952,87.646,Dinamalayan,46,294583,199ECS30J1oOc3Ftz93dsk,Ferdinand Aragon,1,15ttDPrSFEH34EZw8wpJww,2019-07-30,0j1DsJ4OxzbWGYCRCblGI9,happy opm beats makes me happy,4.909716666666666,happy opm
0V9rj37SqxF06EOV809odq,0.544,0.781,8,-4.86,1,0.0352,0.00781,8.38e-05,0.132,0.422,124.869,Di Ka Sayang,58,254000,4DAcJXcjX0zlQAZAPAx4Zb,Ben&Ben,1,272Ej3MRWKl2sMQ284qyxr,2020-11-06,0j1DsJ4OxzbWGYCRCblGI9,happy opm beats makes me happy,4.233333333333333,happy opm
1ax06geCh4xRi4dGBs5p9D,0.566,0.173,4,-11.811,1,0.0291,0.899,0.0,0.287,0.288,109.774,Celeste,53,199636,2AcrkelR47hApTQirQhv6F,Tothapi,1,4Hp38oiTO22R7onwSjX8ju,2022-10-21,0j1DsJ4OxzbWGYCRCblGI9,happy opm beats makes me happy,3.3272666666666666,happy opm
0S9E3lwPotusU4QRVVg2wC,0.448,0.436,0,-8.153,1,0.0297,0.464,0.000646,0.104,0.351,169.947,Leron (feat. Trisha Macapagal),42,240000,"['2Ev7vtPI38BE2kQvwmH4ce', '6oF9fOWX7L88hNPKqWzB0O']","['Arthur Miguel', 'Trisha Macapagal']",2,0OVWJZkcHFVCzGuTw8Lauw,2022-08-24,0j1DsJ4OxzbWGYCRCblGI9,happy opm beats makes me happy,4.0,happy opm
4TDJ2Kd3Jh0ykPQeNkKHLp,0.612,0.668,4,-7.792,1,0.0547,0.00152,0.0236,0.122,0.524,120.024,Sumama Ka Sakin,21,204000,5VPEnjen5Hmkj0Tc60im3u,Up For Byes,1,2HZoXOBpgMkqzixNtZnoFk,2019-10-25,0j1DsJ4OxzbWGYCRCblGI9,happy opm beats makes me happy,3.4,happy opm
41SE77LHNAj911kYih7kmZ,0.614,0.429,9,-10.473,1,0.0264,0.499,0.0388,0.0724,0.25,139.912,Sinta,60,403285,51dRRpVbvYJNPe5fYQunm9,CLUBS,1,3ca7EeHKEMsCBqdHb1LnXS,2021-07-24,0j1DsJ4OxzbWGYCRCblGI9,happy opm beats makes me happy,6.721416666666666,happy opm
2L7y3slgMMdZKaVwSPAzQz,0.685,0.557,9,-7.183,1,0.0582,0.259,0.0,0.114,0.545,133.979,Ginhawa,42,217973,0jKQrxK2zHqxyOAyIMrUQt,SUD,1,6xlKQHrZDSR1n52nZuG6L9,2021-08-27,0j1DsJ4OxzbWGYCRCblGI9,happy opm beats makes me happy,3.6328833333333335,happy opm
3cOgXHh7vFpw2jyj4Ppxxz,0.744,0.288,7,-6.661,1,0.0321,0.815,0.0,0.113,0.564,109.977,Alas Dose,55,320811,61nn6nOoLWjVC1ER2qFAvN,Cup of Joe,1,761nscOOtJFgpXje18Xl39,2019-11-08,0j1DsJ4OxzbWGYCRCblGI9,happy opm beats makes me happy,5.34685,happy opm
2iGeiOOKZ0GDZG9mNm0QGE,0.692,0.556,4,-7.454,1,0.0353,0.849,0.0843,0.0871,0.78,113.953,Aphrodite,53,245434,03KZ3tIgA3DSCU4o8PahVG,The Ridleys,1,3QIRTomKTJagC4gKD7WnFA,2016-03-23,0j1DsJ4OxzbWGYCRCblGI9,happy opm beats makes me happy,4.090566666666667,happy opm
4tq14Ac6Q77iGmIhgockU7,0.633,0.345,1,-17.946,1,0.0378,0.816,0.24,0.119,0.545,100.036,Germany & Rome,46,282180,03KZ3tIgA3DSCU4o8PahVG,The Ridleys,1,4prgRUxaRi1OHVtCMrCbK2,2019-12-14,0j1DsJ4OxzbWGYCRCblGI9,happy opm beats makes me happy,4.703,happy opm
3pT7wGF5w6Jhgj7w08dCeQ,0.468,0.484,9,-5.778,1,0.0359,0.726,0.0674,0.136,0.526,152.67,dahan-dahan,60,264341,29zSTMejPhY0m7kwNQ9SPI,Lola Amour,1,0xWLRLBLyorsbEwOeWzklC,2022-10-12,0j1DsJ4OxzbWGYCRCblGI9,happy opm beats makes me happy,4.405683333333333,happy opm
2WGLRqSoF5wytphWekR3hH,0.674,0.568,1,-10.676,1,0.0277,0.017,0.0299,0.0928,0.348,95.989,Different Shade of Blue,46,170000,7aerdWadzubpu06Oxysg6R,Paolo Sandejas,1,2orjH3lEX3NtFwZyVpitGl,2022-01-07,0j1DsJ4OxzbWGYCRCblGI9,happy opm beats makes me happy,2.8333333333333335,happy opm
4P2LvLI8D2OmARL7lZMaMe,0.644,0.401,7,-9.869,1,0.0425,0.725,0.00031,0.312,0.41,140.079,Pancit (ft. Janine Berdin),53,222500,"['0a4r2EnsevvHCukoJ1xFwJ', '4qPhnQfRgdgcZEdXgENOnr']","['juan karlos', 'Janine Berdin']",2,1uz0l95IZ7JDJDUCqui3SU,2022-03-31,0j1DsJ4OxzbWGYCRCblGI9,happy opm beats makes me happy,3.7083333333333335,happy opm
4TNGmau5QX3nxXK8ceB0tX,0.65,0.252,0,-12.38,1,0.0353,0.593,0.0,0.154,0.332,142.804,A Million Little Things,41,208074,5F6Eu8EFrLQXOqgEj5gbhJ,Shirebound & Busking,1,4vbfSwR6gcRwLxNZuTWAWI,2018-01-22,0j1DsJ4OxzbWGYCRCblGI9,happy opm beats makes me happy,3.4679,happy opm
6H1x0S41IKbJ614E33Xrhh,0.672,0.467,6,-12.899,1,0.032,0.169,0.00332,0.0801,0.868,89.998,Pagitan,42,349333,3WDWdGrDmyczFUkPPkd8aK,Minaw,1,3DWjLWwGp7R51o8tJIHi2u,2021-10-08,0j1DsJ4OxzbWGYCRCblGI9,happy opm beats makes me happy,5.822216666666667,happy opm
7olwYHNw2fuXMdoa7AEpYD,0.321,0.326,7,-11.24,1,0.0305,0.392,0.0,0.152,0.21,99.942,Tinatangi,17,348400,4jjbWwnu5KFvzhjhnQSAAc,NIWRON,1,6LwCpzt431ed4kZxY4QcgN,2021-11-26,0j1DsJ4OxzbWGYCRCblGI9,happy opm beats makes me happy,5.806666666666667,happy opm
0qTxDgYZKnSttWlyIXrIgi,0.719,0.457,2,-12.932,1,0.036,0.12,0.0488,0.0698,0.512,100.011,Paano,19,277000,4jjbWwnu5KFvzhjhnQSAAc,NIWRON,1,25UWIJhQSm92i9rtzNJn8a,2021-06-21,0j1DsJ4OxzbWGYCRCblGI9,happy opm beats makes me happy,4.616666666666666,happy opm
683vYd6JzbsguUFrX5VeG9,0.648,0.815,1,-4.343,1,0.0387,0.152,0.0,0.232,0.703,116.062,Mananatili,64,231724,61nn6nOoLWjVC1ER2qFAvN,Cup of Joe,1,5xJmMjAm9YSLcZJ0wwAiaL,2022-04-01,0j1DsJ4OxzbWGYCRCblGI9,happy opm beats makes me happy,3.8620666666666668,happy opm
5tbXaRaHQYqI8iFIrQjoIa,0.63,0.478,10,-7.029,1,0.028,0.596,0.505,0.2,0.459,120.028,Halaga,38,270998,6AvnL2gWjNYs1hRVJx4huK,Maki,1,1DkfZsh5JvV8E4EWbozOdo,2021-12-17,0j1DsJ4OxzbWGYCRCblGI9,happy opm beats makes me happy,4.516633333333333,happy opm
5DMKim0FG9f4U2y6xy4w7r,0.604,0.219,11,-14.452,1,0.0311,0.199,0.00206,0.136,0.373,126.924,Binibini,13,341684,6zO4hMiJBJloY1Bbh9Ha2f,Seconds After Sunset,1,4FfssSak05tU9fBkimlDFj,2020,0j1DsJ4OxzbWGYCRCblGI9,happy opm beats makes me happy,5.694733333333334,happy opm
3xT8Nqy3eX2t4ImPRwR660,0.607,0.529,7,-5.345,1,0.0254,0.574,0.0,0.119,0.309,74.98,Walang Kapantay,0,319875,5SChS914naD0ev5pHTFMdt,The Knobs,1,7eWnYXrZmrA0Xiv7iWo3st,2021-02-12,0j1DsJ4OxzbWGYCRCblGI9,happy opm beats makes me happy,5.33125,happy opm
5riQUYoIZ5jDXZD0kqN66W,0.37,0.408,9,-7.073,1,0.0307,0.203,1.32e-06,0.106,0.375,178.795,Dekada,41,220000,6EWxRnepcr37PGDIara8gI,Justin Taller,1,1G3JgZMBSqp2mUtfIp8eEr,2023-01-20,0j1DsJ4OxzbWGYCRCblGI9,happy opm beats makes me happy,3.6666666666666665,happy opm
6xlUGjSVu90hOMa8cxXCRh,0.563,0.922,11,-5.446,1,0.0777,0.301,9.61e-06,0.105,0.762,157.783,Tataya,62,182088,61nn6nOoLWjVC1ER2qFAvN,Cup of Joe,1,1F2ig7MRKqlfl7smmYMrD5,2023-03-10,0j1DsJ4OxzbWGYCRCblGI9,happy opm beats makes me happy,3.0348,happy opm
0ohOruprA894vVKYLHwPgc,0.476,0.525,8,-5.432,1,0.028,0.646,0.0,0.315,0.483,81.914,Makasama,48,243658,0iXMbg56YghBO3Fx2dZFwA,Lucas Miguel,1,7w5Fs0pSS2lSIwKXBurIGK,2021-10-01,0j1DsJ4OxzbWGYCRCblGI9,happy opm beats makes me happy,4.060966666666666,happy opm
6qd1UFqyyjgprIoa30bE6V,0.501,0.556,5,-5.008,1,0.0337,0.384,0.0,0.141,0.36,126.058,Tingin,30,240238,0iXMbg56YghBO3Fx2dZFwA,Lucas Miguel,1,4IWo0An2FPR2S16kZLUxkk,2023-05-05,0j1DsJ4OxzbWGYCRCblGI9,happy opm beats makes me happy,4.003966666666667,happy opm
37w0Klo4bOTw6A0xzWFB5C,0.655,0.522,8,-6.47,1,0.0483,0.0616,0.000214,0.111,0.644,74.893,Dumaloy - 2021 Remaster,56,259586,0jKQrxK2zHqxyOAyIMrUQt,SUD,1,6xlKQHrZDSR1n52nZuG6L9,2021-08-27,0j1DsJ4OxzbWGYCRCblGI9,happy opm beats makes me happy,4.326433333333333,happy opm
57b8omZlWURtZ3lft8m2Sb,0.704,0.331,7,-8.053,1,0.0353,0.865,0.0072,0.109,0.551,107.488,Dalum at Hibas - Sinag,36,151217,5F6Eu8EFrLQXOqgEj5gbhJ,Shirebound & Busking,1,5t94QaabbhzNgvzJDGPshF,2018-04-30,0j1DsJ4OxzbWGYCRCblGI9,happy opm beats makes me happy,2.5202833333333334,happy opm
7MrDfa1uQGVXx0JMZ2u5tN,0.708,0.704,5,-4.747,1,0.0624,0.71,0.0,0.066,0.71,80.018,Hayaan Mo Sila,63,367229,"['2iB7AJhJmkWkkehY9ccB0j', '00xU4wfephkJrjwJPDvfkf']","['Ex Battalion', 'O.C. Dawgs']",2,12DwmRcztX6NAZR0vQsYUF,2018-01-13,3fSyM0XFwRNICakfaw7a9A,Happy OPM Rap,6.1204833333333335,happy opm
4pUM81y5Rq7vAUeFhJRBXa,0.883,0.569,1,-8.727,1,0.0615,0.544,6.54e-05,0.0777,0.544,101.999,Miracle Nights,64,374117,"['0WleeEe3UurwlNbDGhb5Yz', '58DoiT68nhZoGfdiIZiiUw', '4mHU0bUvlVfiq0oarPYlAn']","['ALLMO$T', 'L.A. GOON$', 'Peso Mercado']",3,0rfMYevzZnaPqqFWtnY9NO,2019-08-24,3fSyM0XFwRNICakfaw7a9A,Happy OPM Rap,6.235283333333333,happy opm
3FGbfm2NLfCgdDXZTyUDVp,0.738,0.465,7,-6.987,1,0.0467,0.233,1.1e-05,0.135,0.265,110.069,Hanggang sa Huli,62,289090,4HPuFCMUiNcV4f3ew0flbZ,Alisson Shore,1,4Yjs5ZMEZVyMxivzPfjjsl,2018-11-01,3fSyM0XFwRNICakfaw7a9A,Happy OPM Rap,4.8181666666666665,happy opm
01OWQg6z6oL2q9fuLuFmDi,0.87,0.597,1,-8.339,1,0.0613,0.18,0.0,0.0902,0.56,103.019,Malayo Ka Man,59,254139,"['3r0NbTTxtCBUyxcIR4prXr', '6EJq8HkmiNvcbGyKGNs43M', '1mu7fvV0tXEx4O3NROKgze', '0lLCFkAncltHh96BcwLU0b']","['Jr Crown', 'Kath', 'Cyclone', 'Young Weezy']",4,6orfvnGW44vSsyl87NFlqn,2020-03-11,3fSyM0XFwRNICakfaw7a9A,Happy OPM Rap,4.23565,happy opm
1iV24xOkfxyD2Jb0NCC1Fj,0.555,0.448,0,-9.133,1,0.363,0.527,3.65e-05,0.0497,0.749,65.757,"Come with Me (feat. Bosx1ne, Flow-G, King Badger & Jroa)",59,340606,"['2iB7AJhJmkWkkehY9ccB0j', '3xbpJdoJDLAfYn3ZeLlukg', '3PDFGpPl4ienSn5Vwisfrh', '71hhKLR9oCOsHLdRIoQ5OU', '2U5mF0PZqGu6glnz55yY0y']","['Ex Battalion', 'Bosx1ne', 'Flow G', 'King Badger', 'John Roa']",5,5eMwpHWNJ5j92ouBflLaaa,2017-04-13,3fSyM0XFwRNICakfaw7a9A,Happy OPM Rap,5.6767666666666665,happy opm
493h85YXHYDKA9jXhUxajA,0.8,0.526,0,-8.344,0,0.0473,0.174,0.0,0.203,0.489,99.019,No Games (feat. King Badger & Skusta Clee),59,329432,"['2iB7AJhJmkWkkehY9ccB0j', '71hhKLR9oCOsHLdRIoQ5OU', '117XFtbZPnCI1EYKjYZWJc']","['Ex Battalion', 'King Badger', 'Skusta Clee']",3,1T64gDVSKpZd7uAzCtDL1a,2016-09-25,3fSyM0XFwRNICakfaw7a9A,Happy OPM Rap,5.4905333333333335,happy opm
6oIwLVBibUeuWOw80B0yDV,0.779,0.685,9,-4.309,0,0.0428,0.421,0.0,0.11,0.946,90.054,Bahala Ka,57,245676,"['7dxr6AabRWhsfYRyVJlErK', '3PDFGpPl4ienSn5Vwisfrh', '7ypt5Qvb2h6rIahhfls05p', '5xOvrnVpLjzfGi69GDlzQY']","['MC Einstein', 'Flow G', 'Jekkpot', 'Yuridope']",4,1UfPTXKl2f1BpvpYmEdQKB,2020-12-28,3fSyM0XFwRNICakfaw7a9A,Happy OPM Rap,4.0946,happy opm
3E5CIRWsRgJF2CtTqPNwv3,0.848,0.447,5,-10.56,0,0.0781,0.242,0.0,0.0858,0.353,117.959,Neneng B,60,358015,"['3lFMRWaEWZlfXdBig97kks', '060TqET6tyyfAQLXDyIDD8']","['Nik Makino', 'Raf Davis']",2,4aqeztI6Xa3zDLBSGcOGP3,2019-05-15,3fSyM0XFwRNICakfaw7a9A,Happy OPM Rap,5.966916666666667,happy opm
5dE2M9Q15O1JMeOODNNgIm,0.835,0.497,9,-7.439,0,0.0985,0.609,0.000173,0.135,0.717,104.99,"Bat Ngayon?, Pt.1",0,217286,6vCnF48qqPHgVMBEvcbgkU,CLR,1,0TOj6v7D9mPLfDOsZnqnhb,2018-04-01,3fSyM0XFwRNICakfaw7a9A,Happy OPM Rap,3.6214333333333335,happy opm
7jYudL7b6hcLnMDQ59b7zA,0.704,0.481,5,-11.796,1,0.371,0.00265,0.0,0.11,0.178,74.991,Lexi,56,229093,3lFMRWaEWZlfXdBig97kks,Nik Makino,1,1jk4UR8tHzHoExZRmS3OHr,2018-08-06,3fSyM0XFwRNICakfaw7a9A,Happy OPM Rap,3.818216666666667,happy opm
1f3azBzBWxNk9vq2Uo6yd8,0.602,0.685,7,-7.251,1,0.0271,0.0131,0.00563,0.273,0.491,115.04,Sandali Na Lang,58,218013,6Ww3OMFzCaO33ulKh1LBFN,Hale,1,562TcgdSCsGZ0ok5QtXcJC,2008,1fYgPkWCK6d44y3KK6YIzg,Happy opm,3.63355,happy opm
2p96CyFHfHN4AGBXiO8Ntu,0.647,0.695,4,-6.901,1,0.0276,0.0115,0.0,0.0785,0.616,112.029,"Walang Yamang Mas Hihigit Sa Iyo - From ""Asian Treasures""",46,229560,"['6Xx1uQPrAF37dtVMKEmvx5', '6bplYHkJrUlJw2LbLFmo8V']","['Cuesh√©', 'Tata Betita']",2,3XmwuvOc9rOP45DRQ3Asx8,2007-06-01,1fYgPkWCK6d44y3KK6YIzg,Happy opm,3.826,happy opm
2LLefAaNp1nmmCePiSVMIZ,0.394,0.764,6,-4.738,1,0.0317,0.00328,0.00675,0.0818,0.348,137.681,Jopay,60,271209,7lIVjtsgz0y1oRQFBAVNzq,Mayonnaise,1,1rrkISeVKsvNS6GwdaKgfG,2004,1fYgPkWCK6d44y3KK6YIzg,Happy opm,4.52015,happy opm
7f3S33lB0WEQCSMGNs0GC4,0.756,0.728,9,-7.538,1,0.0457,0.466,2.5e-05,0.0933,0.82,89.976,Love Story Ko,56,227321,7HJDRQAfEcFiARVehhM6qD,Gloc-9,1,30jAKGaclfAFfp9JPLKjNF,2005-08-16,1fYgPkWCK6d44y3KK6YIzg,Happy opm,3.788683333333333,happy opm
7K6g55fp09yQLBhgni3xqV,0.753,0.685,1,-5.994,1,0.0408,0.178,0.0159,0.0472,0.962,88.01,Simpleng Tao,65,244600,7HJDRQAfEcFiARVehhM6qD,Gloc-9,1,0ywziMzhZW2ee99KGelaNv,2003-09-01,1fYgPkWCK6d44y3KK6YIzg,Happy opm,4.076666666666667,happy opm
3TfOJ9pP9YyEGICzg8Tm3y,0.461,0.76,11,-8.164,1,0.0439,0.0238,0.0,0.0912,0.711,139.693,Sembreak,37,246160,7374lH6kwx9uQATYQ9H3Cp,Eraserheads,1,2DIpgoeZAbwk3wF1qSDj8v,2004-01-23,1fYgPkWCK6d44y3KK6YIzg,Happy opm,4.102666666666667,happy opm
3pfXzXbRJNXOT7f2IQ1s2p,0.775,0.641,0,-10.825,1,0.0621,0.0377,0.0,0.0424,0.806,120.053,Sumayaw Ka,46,222160,7HJDRQAfEcFiARVehhM6qD,Gloc-9,1,50Da52WhXNCApJvMPG7YNg,2007-03-16,1fYgPkWCK6d44y3KK6YIzg,Happy opm,3.7026666666666666,happy opm
0JittVQ2D1HdUlfwMJSHc3,0.735,0.794,8,-8.057,1,0.0509,0.0837,0.00063,0.169,0.774,123.055,Pop Machine,29,340240,7374lH6kwx9uQATYQ9H3Cp,Eraserheads,1,2DIpgoeZAbwk3wF1qSDj8v,2004-01-23,1fYgPkWCK6d44y3KK6YIzg,Happy opm,5.6706666666666665,happy opm
66R5CoT3X3a4cVpH03HOKc,0.631,0.315,7,-11.896,1,0.0321,0.732,0.0,0.586,0.575,96.401,Inuman Na,54,244800,2XHTklRsNMOOQT56Zm3WS4,Parokya Ni Edgar,1,2tORy9LgWrCEOpqpSx0XdA,1999-01-01,1fYgPkWCK6d44y3KK6YIzg,Happy opm,4.08,happy opm
6JItFdviyPRLCS5mEOS0iq,0.691,0.799,2,-4.107,1,0.0302,0.536,0.0,0.141,0.549,126.667,Love Team,52,274506,5cYJYBMg1n71v7cvthr1SO,The Itchyworms,1,7jEJsX7LeqOxDF9oIcqE5H,2005-01-01,1fYgPkWCK6d44y3KK6YIzg,Happy opm,4.5751,happy opm
0Pafr67ogSuAur2L3DxB4b,0.513,0.507,1,-5.874,1,0.0286,0.498,2.29e-06,0.102,0.384,140.198,Mahika,66,210586,7LvDTuFCBv08xm6u1pOMK0,TJ Monterde,1,65PZ3P2MKJuSAVCMM9WWkA,2014-06-16,44qyXcUE1Q4AdREcNv72Wh,Happy opm,3.5097666666666667,happy opm
3KcBIT6PnRXEE5Ghe3b2ii,0.781,0.187,5,-14.651,1,0.0424,0.54,1.51e-06,0.0777,0.305,100.024,LDR,61,211244,68URuxUxsFzcPp2y3j0kjW,Shoti,1,49r5GFwFKkhicAyUWtEW2X,2022-08-27,44qyXcUE1Q4AdREcNv72Wh,Happy opm,3.5207333333333333,happy opm
6BagszWy3hTQUd48ZTHZ1D,0.539,0.518,1,-8.532,1,0.0327,0.136,0.0,0.168,0.8,200.019,PiNK (Pag-Ibig Na Kaya?),24,247999,39EHxSQAIaWusRqSI9xoyF,1:43,1,4s1cRQ4eTWx7jIzGgMxiZV,2011-01-01,4UmfJGF1MGrH9tAo6VxxiL,Happy Opm,4.1333166666666665,happy opm
1vPk6ZTflnvm8LgtXzPDrT,0.641,0.665,7,-7.839,1,0.0263,0.571,0.00107,0.159,0.677,138.017,Sa Isang Sulyap Mo,59,237466,39EHxSQAIaWusRqSI9xoyF,1:43,1,6Y0Fy68GRW18rPaEu7OCuj,2012-08-01,4UmfJGF1MGrH9tAo6VxxiL,Happy Opm,3.9577666666666667,happy opm
3TXBKjvXKeZzo4eSkE4yvl,0.741,0.733,3,-6.97,1,0.0268,0.00602,0.353,0.163,0.866,120.002,Baby I Need Your Loving - Minus One,0,189653,2q1YvyrLqKmBqNjIozl2Ne,Harana,1,49SJlnu4AMpyHkMSymozsN,2015-01-01,4UmfJGF1MGrH9tAo6VxxiL,Happy Opm,3.1608833333333335,happy opm
4hZIDcgEk9hn7pBC0sZqY4,0.556,0.625,0,-7.178,1,0.036,0.339,0.0,0.11,0.407,104.789,"Dying Inside To Hold You - From "" All Of You"" Official Soundtrack",16,236283,0u4G1K1CSzcp5PZ6G6FIGu,Darren Espanto,1,3Te2OGBOzfSI1daFvSUTHE,2020-12-18,4UmfJGF1MGrH9tAo6VxxiL,Happy Opm,3.93805,happy opm
034zHn5tOZLlwDxv0zy3rj,0.658,0.473,5,-10.021,1,0.0247,0.692,0.0,0.336,0.57,98.003,A Smile In Your Heart,57,229120,4QvYFzlTFZFg2904xx8gOu,Ariel Rivera,1,223PcnqBSV1tre7f8FW9Ue,2000,4UmfJGF1MGrH9tAo6VxxiL,Happy Opm,3.8186666666666667,happy opm
0GuAFGEkbWayjhWdlYlr7K,0.207,0.535,0,-6.82,1,0.0414,0.201,0.0,0.336,0.264,199.909,"Closer You and I - From ""Loving in Tandem""",6,196067,"['1t2caVgyabZrVDAlmMGraV', '0lslA51eKXwTUY0TSX9Emy']","['Michael Pangilinan', 'Marion Aunor']",2,5mkhEWVxQqBCivhl4hMYtx,2017-09-15,4UmfJGF1MGrH9tAo6VxxiL,Happy Opm,3.2677833333333335,happy opm
7uvAopYpZJzILHqLJrbcE8,0.741,0.75,10,-8.213,1,0.0445,0.432,0.0,0.723,0.956,125.001,I-Boogie Mo Ako Baby,24,295164,"['5cYJYBMg1n71v7cvthr1SO', '719ZCUqy59oGckcB1MzVTx']","['The Itchyworms', 'The Company']",2,7jZE0FUxHvspzTAAUEFAmI,2020-07-17,4UmfJGF1MGrH9tAo6VxxiL,Happy Opm,4.9194,happy opm
6jX57FXjAZXxmtR4qPDSM9,0.437,0.18,0,-9.335,1,0.0322,0.864,0.00657,0.113,0.136,109.75,Dalawang Tao,0,296786,7Lzdxvsnpn25LJAfV6kIaW,Rice Lucido,1,4V82KwGiF69onClvAj9Dw5,2018-08-28,2qAKpsuCEeCGaJGO35Mnsw,happy OPM,4.946433333333333,happy opm
0ztDBQdQmdVZvorSmIjMih,0.566,0.121,8,-8.206,1,0.0345,0.862,0.0,0.0788,0.293,135.268,Tagpuan,14,260240,0rZRTXEmmPmx6gt92tBqIc,Moira Dela Torre,1,05rQadwAVYTpNNnBoeTuj0,2018-02-19,2qAKpsuCEeCGaJGO35Mnsw,happy OPM,4.3373333333333335,happy opm
0X4irSrnxuuxwmlelnJfGv,0.575,0.365,1,-7.967,1,0.0285,0.764,0.0,0.0844,0.319,128.833,Prom (Acoustic Version),0,266640,543f0NvGig5Moo9XROTUur,Ebe Dancel,1,5bbkpqNOZTT1LZuta2FrDv,2018-03-27,2qAKpsuCEeCGaJGO35Mnsw,happy OPM,4.444,happy opm
44LISQd6IiOz0p1gclJZyF,0.282,0.148,4,-14.092,0,0.0364,0.915,2.27e-05,0.107,0.179,167.764,Puno,31,364000,"['1UinZrIrCaV8JER0SrAaxO', '5ebPSE9YI5aLeZ1Z2gkqjn']","['Coeli', 'Clara Benin']",2,3367qvzoEKunDjOxetZRYv,2018-03-30,2qAKpsuCEeCGaJGO35Mnsw,happy OPM,6.066666666666666,happy opm
2M3L8fORMZJ7f0EX7lb3Lq,0.792,0.267,0,-9.958,1,0.0666,0.867,0.0,0.103,0.57,91.496,Exploration No. 5,42,228038,2JI8ViuZDBybY6Xd9ujUrb,Reese Lansangan,1,4udjiMxdYw8SGansxRzTZZ,2016-01-29,2qAKpsuCEeCGaJGO35Mnsw,happy OPM,3.8006333333333333,happy opm
6FT35oVqQZFiTPL9BLmHOH,0.48,0.385,9,-7.26,1,0.0319,0.445,0.00474,0.12,0.191,73.109,Tayo Lang Ang May Alam,50,292473,2inqTOq06scVP6BkEyHBsp,Peryodiko,1,4zpGOdK4bqkJ5GgKlSUOma,2014-10-01,2qAKpsuCEeCGaJGO35Mnsw,happy OPM,4.87455,happy opm
06IPbvFOLoAQ3BDy3XDt0r,0.225,0.25,5,-11.716,1,0.0287,0.831,0.0311,0.141,0.0835,76.551,Tahanan,47,256000,4eKq7eArL96wSQjaaMg9Ic,Munimuni,1,6ZZ1k5uPjX9FVXLGskN7hf,2018-03-15,2qAKpsuCEeCGaJGO35Mnsw,happy OPM,4.266666666666667,happy opm
74gmYHHKVjnah9FCVOi4Mg,0.513,0.064,10,-22.596,1,0.0332,0.961,0.00088,0.0996,0.314,139.893,Tila,47,185874,5ebPSE9YI5aLeZ1Z2gkqjn,Clara Benin,1,5G0fMmidbFTO9qkbfiPKeP,2015-11-23,2qAKpsuCEeCGaJGO35Mnsw,happy OPM,3.0979,happy opm
7ssN9e6meCIsUbkDj8jfo6,0.418,0.163,9,-15.049,1,0.0375,0.897,8.32e-06,0.0871,0.2,116.21,Araw't Gabi,41,284774,5ebPSE9YI5aLeZ1Z2gkqjn,Clara Benin,1,6LQVBIY9fcfWjOwswcIiGL,2020-10-02,2qAKpsuCEeCGaJGO35Mnsw,happy OPM,4.7462333333333335,happy opm
2HSOaxB5lD4lpsXCMgeE83,0.33,0.206,7,-7.003,1,0.0297,0.868,8.36e-06,0.181,0.121,135.738,Nabibighani,29,414511,1UinZrIrCaV8JER0SrAaxO,Coeli,1,0OwY4AocgEfC1ExRQ0mHvX,2020-09-18,2qAKpsuCEeCGaJGO35Mnsw,happy OPM,6.908516666666666,happy opm
