name,popularity,duration_ms,track_id,artist_id,artist_name,num_artists,album_id,release_date,playlist_id,playlist_name
Kapag Tumibok Ang Puso,0,180866,3rcIETyqsnaFShhWCtywaA,5TNuvf8y7Y3QLXsNaIYCYX,Janella Salvador,1,5ExrCnkKUNwQHtzzAVdL4B,2015-01-01,0BlH9dSprBFq6ftgjkvPgh,Happy OPM Songs
Baby I Need Your Loving,0,191920,0wDOW3KujYyW6hIFmhHgIF,2q1YvyrLqKmBqNjIozl2Ne,Harana,1,49SJlnu4AMpyHkMSymozsN,2015-01-01,0BlH9dSprBFq6ftgjkvPgh,Happy OPM Songs
Kilometro,0,191213,0o5Vy8oK1sfMsHD2Dr6D4k,6aiCKnIN68hohzU3ZzNq48,Sarah Geronimo,1,6XyCKRUSZTALq3AJgb7Dqu,2014-10-04,0BlH9dSprBFq6ftgjkvPgh,Happy OPM Songs
Tala,0,245053,2Ccg5O8xZUtfXloVOykOiu,6aiCKnIN68hohzU3ZzNq48,Sarah Geronimo,1,2MCThGZYlAQRw3HDjkIODU,2015-12-04,0BlH9dSprBFq6ftgjkvPgh,Happy OPM Songs
Dahil Sa'Yo,9,211200,4ai7c2BUjNpElhZdZDH7qF,0XOSmu9Qn1agQULUVe0dAK,Inigo Pascual,1,7dT7OfZcmX7HjE8EBqehEF,2016-10-21,0BlH9dSprBFq6ftgjkvPgh,Happy OPM Songs
Urong-Sulong,0,193040,6NVgNgeFuwbA5lAU0eLnNt,6cXE5RU6ad2uzeRUxh7Olj,MAJA,1,4oVAuQe5tpXdv9viET16jo,2014-03-06,0BlH9dSprBFq6ftgjkvPgh,Happy OPM Songs
Hinahanap-Hanap Kita,0,242393,67hjKSdkleY4v7qZ3Q3AFr,5yVM85m9yNcHO6o0vaaVxW,Daniel Padilla,1,7HhsebvA3PWaXopruhWXCX,2011-01-01,0BlH9dSprBFq6ftgjkvPgh,Happy OPM Songs
Dati,0,240600,5DdSN5U634K0bREQEbz6VI,"['2P3aLwJ41aRYkyFFw2FRM7', '2j0vP8ZxbL4V0hBbHOjvrH', '3i56tClx1CsaoGJC8BKlhz']","['Sam Concepcion', 'Tippy Dos Santos', 'Quest']",3,4WBmtqpXR1uws9d2Sg6UrZ,2013-01-01,0BlH9dSprBFq6ftgjkvPgh,Happy OPM Songs
Trouble - English Version,0,186598,64GAph0jPD64kCucBIz2Hw,3zlxVfcuV4nPjcvTvlPWmZ,Kriesha Chu,1,3okYPFTxKPZIUYM3I57kak,2018-08-17,0BlH9dSprBFq6ftgjkvPgh,Happy OPM Songs
Lumang Tugtugin,0,211424,50YeUpUrI2oqxPRSQbn9bc,0XOSmu9Qn1agQULUVe0dAK,Inigo Pascual,1,4fHCM4WChLMeGhhVqhujth,2018-09-14,0BlH9dSprBFq6ftgjkvPgh,Happy OPM Songs
Darating Din,0,195240,4Lm7iUXaIT9fzCUHMsO10W,5rmy4yOHBOptMctO6t5Drl,Kim Chiu,1,7gvlVXjdCVWWMX3tA5ZBf3,2015-01-01,0BlH9dSprBFq6ftgjkvPgh,Happy OPM Songs
Chinito,7,226876,57NF2cTqsTx11rOlNKkwWA,0DnjaQqb436AH1idffI6CQ,Yeng Constantino,1,4oSnCQpi32oI4UdUw2rKRL,2013-01-01,0BlH9dSprBFq6ftgjkvPgh,Happy OPM Songs
Mr. Kupido,1,224613,1pQlZd7zzPuzHuFRkQmSyQ,6U5NhAY38FWP22Wu1hd7Vh,Myrtle Sarrosa,1,0bHJLCYWUyskbHrFkrCI5t,2013-04-08,0BlH9dSprBFq6ftgjkvPgh,Happy OPM Songs
Para-Paraan,0,187613,2hUH1ZU3uTiqgXMdKsZiUd,17Do37U0HEbxu1tOrKH8dL,Nadine Lustre,1,1puKZofUDo6HwiXbJVqQNv,2014-08-20,0BlH9dSprBFq6ftgjkvPgh,Happy OPM Songs
Kakaibabe,0,210520,7Ge2nDLuobn9GEyrxKXevq,1dpv0XBdgUa5z4vzn7ahIz,Donnalyn,1,1gcjCCkUaktYqInjv4LpCN,2014-08-20,0BlH9dSprBFq6ftgjkvPgh,Happy OPM Songs
Happy Break Up,0,234706,0XcVmOI1djCh1rrQpEv2Pn,1dpv0XBdgUa5z4vzn7ahIz,Donnalyn,1,1QD6wcSpWljzsXDAS6NmL8,2015-09-11,0BlH9dSprBFq6ftgjkvPgh,Happy OPM Songs
Huwag Siya,0,254373,4SS1u8rczYiLJvN5Z4v1aQ,"['1dpv0XBdgUa5z4vzn7ahIz', '5GdspZ491zr64zzwVJJjJZ']","['Donnalyn', 'Shehyee']",2,1gcjCCkUaktYqInjv4LpCN,2014-08-20,0BlH9dSprBFq6ftgjkvPgh,Happy OPM Songs
Ikaw Na Na Na Na - Disco Version,0,181080,7iPjDhYjuxVpD2bWKAZZOY,2CZutpxBb9EoWpnjh4kqx2,G2B,1,70tYXA7aBtmtaQdhXYYiXg,2013-01-01,0BlH9dSprBFq6ftgjkvPgh,Happy OPM Songs
Discolamon,36,248120,626flbKikvrxJyUESqvER4,0U46MggdSX3enMM5t5G7jI,Banda Ni Kleggy,1,6B9QOoIvccz95kgIq0CaRM,2015-07-11,0BlH9dSprBFq6ftgjkvPgh,Happy OPM Songs
Kumusta Ka,0,181867,56sRPwcfFXDxtCwvCDgkEc,5yVM85m9yNcHO6o0vaaVxW,Daniel Padilla,1,3f2mb0nkdNKLDfDnvvTqAc,2013-01-01,0BlH9dSprBFq6ftgjkvPgh,Happy OPM Songs
Chinito Problems,0,241237,5P1GlyYGuofTOWUDvHllcG,6JOWPLiMEZPRrwyhn8gw8C,Enchong Dee,1,0Pn2CdUAOw6FeE31nuFn6d,2014-01-01,0BlH9dSprBFq6ftgjkvPgh,Happy OPM Songs
"Mr. Kupido - From ""A Love So Beautiful""",0,217983,2yboUlaojptpWI7GcnKnn7,649gjTwOWFCf1lTdgkN8Jd,Natsumi,1,6fPSLBNkbfuSHCyR5JwTXE,2018-04-27,0BlH9dSprBFq6ftgjkvPgh,Happy OPM Songs
In or Out,0,271882,3eSDXqvDhUriIOsnBCDoBc,3LKVw6XQYcot0OZMFmf4IP,Sandara Park,1,1ESZDjfyERKdAadxy19p50,2005-01-01,0BlH9dSprBFq6ftgjkvPgh,Happy OPM Songs
The Spageti Song (feat. Joey De Leon),43,231640,0r4ntnBbIFueu9Cd3bcyF5,"['4HuN4J7CJxP3Y3FizjNxXa', '204rRUtZ6aVfefn4b0DW62']","['Sexbomb Girls', 'Joey De Leon']",2,7AOFfSEM5Nx0M2ku2mgkwt,2005-04-18,0BlH9dSprBFq6ftgjkvPgh,Happy OPM Songs
Kilig,0,202773,433uxflA2eon698IDXQP71,6cXE5RU6ad2uzeRUxh7Olj,MAJA,1,4oVAuQe5tpXdv9viET16jo,2014-03-06,0BlH9dSprBFq6ftgjkvPgh,Happy OPM Songs
Ayokong Tumanda,51,328893,4b8WHzIlHN33VyJwccBlIc,5cYJYBMg1n71v7cvthr1SO,The Itchyworms,1,7B5frROxaagqiqHXnxVerP,2013-05-16,0BlH9dSprBFq6ftgjkvPgh,Happy OPM Songs
Go Up,56,189047,5VoY18OYEE2E6RJCBd2jki,3g7vYcdDXnqnDKYFwqXBJP,SB19,1,4JlsfnNH8MCDXR0ypy1zcm,2020-07-31,0BlH9dSprBFq6ftgjkvPgh,Happy OPM Songs
Urong Sulong,0,233946,0EplIjPro6oHSgYI1RZwX0,44sizcqbUVsSbgOAEfvLNY,Pop Girls,1,0RIooXl2ms5698GsKZ6C2F,2009-02-12,0BlH9dSprBFq6ftgjkvPgh,Happy OPM Songs
Tumitigil Ang Mundo,1,247670,5fuBcv4rZP0mtjNSj3UPsk,10bk3EHVC30yi6F10nmvL8,BGYO,1,2Jg15zG5g9QnXZT0O1Wjjj,2022-07-13,0BlH9dSprBFq6ftgjkvPgh,Happy OPM Songs
WIN YOUR HEART,53,209531,0DnNMu0v71ICscsyuQgmu3,3g7vYcdDXnqnDKYFwqXBJP,SB19,1,7pIITdtb7JJNSF7ah0hltg,2022-07-17,0BlH9dSprBFq6ftgjkvPgh,Happy OPM Songs
"Tuloy Pa Rin - From ""abnkkbsnplako """,46,293666,7wcxFgRc4igrAwo0GsD1Mc,6uL1sJWYOjC2V4j9LzmLES,Flip Music All Stars,1,7GWNX1eSeGec65MfGgkQaZ,2014-01-28,0BlH9dSprBFq6ftgjkvPgh,Happy OPM Songs
Awitin Mo At Isasayaw Ko,31,178426,2V7ynsdaofsrzPgMn1VoH8,4HuN4J7CJxP3Y3FizjNxXa,Sexbomb Girls,1,7AOFfSEM5Nx0M2ku2mgkwt,2005-04-18,0BlH9dSprBFq6ftgjkvPgh,Happy OPM Songs
Sinayang Mo,0,193689,0RWSCMLypBE9vqK1EhwCxI,5BukDmriB1WrLFDavZzHdJ,Jeremy G,1,1g8zVJRkeTH5UqT8F5p8RZ,2022-09-30,0BlH9dSprBFq6ftgjkvPgh,Happy OPM Songs
Ewan,51,234280,6vzopDJ9mXKb9wDXP1RLgV,6MXu7TWZnmykwkXiRJeUMh,Imago,1,6zQgFMVjE1LpUGyMDA7K8h,2007-01-01,0BlH9dSprBFq6ftgjkvPgh,Happy OPM Songs
Hayop Sa Ganda,40,194014,6lIb9gcuy4tm5SU1XVSP9K,39EHxSQAIaWusRqSI9xoyF,1:43,1,16DSNgw4WnwcGHS8fWjuKX,2014-08-03,0BlH9dSprBFq6ftgjkvPgh,Happy OPM Songs
Dulce Tirah Tirah,31,211621,6FhJycP10KoRYnm8uovCJ9,0rhvE3OgmlFSE2V5EzI1hr,Denelle F,1,49fnr3vh3QOhClXJqxRevN,2007-10-01,0BlH9dSprBFq6ftgjkvPgh,Happy OPM Songs
Paro Paro G,49,156055,1ZASZCYarg1OZ41lnhW65g,7CKH1s7UyutklRbZ40Ebc7,DJ Sandy,1,6ZC9Aac8qvrdAASQPjBz4z,2022-02-22,0BlH9dSprBFq6ftgjkvPgh,Happy OPM Songs
"Paligoy-Ligoy - From ""Diary Ng Panget""",62,198533,2mHZkcKMA1MkXAziIXQtVv,17Do37U0HEbxu1tOrKH8dL,Nadine Lustre,1,3KCYGc5oOMidMFih08J4or,2014,0BlH9dSprBFq6ftgjkvPgh,Happy OPM Songs
Aba Bakit Hindi?,0,198000,2KnBndXWB37U95D0m7tGcg,17Do37U0HEbxu1tOrKH8dL,Nadine Lustre,1,1puKZofUDo6HwiXbJVqQNv,2014-08-20,0BlH9dSprBFq6ftgjkvPgh,Happy OPM Songs
Estranghero,73,186610,6HVT2c1ZZdhH1nGFb4AxUJ,61nn6nOoLWjVC1ER2qFAvN,Cup of Joe,1,4RVn8ciIB4E7FMEBbmLpNc,2022-06-10,37i9dQZF1EIhkcT9SIIIOn,Happy OPM Mix
tila tala,67,281296,4ESVeOSa7asoWhkAg6aTB2,3BQ7MYNeB0wMPtHYPWvu1C,syd hartha,1,5leaLgCdTTc6idyVEdBEGP,2018-03-14,37i9dQZF1EIhkcT9SIIIOn,Happy OPM Mix
Ligaya,72,248800,4IeuTj1pEHuL9vJSiEqEfR,31fsDbpNPKe346urriO4ma,mrld,1,0ccUyUkrIynFO5USku5IHH,2021-10-06,37i9dQZF1EIhkcT9SIIIOn,Happy OPM Mix
Come Inside Of My Heart,78,246396,3Eb5sztvEMa0Mqnb8DUAlU,4k9wp4ipHdA1bu1T4x1ZTG,IV Of Spades,1,5mGR6qKnpILzSzq1yyAUXk,2019-01-18,37i9dQZF1EIhkcT9SIIIOn,Happy OPM Mix
Happy w u,70,280714,0EA8jl8Wje9ALRKC8Qlzyt,"['7uDdl5V5AETSFY7K3muu22', '7Hb2cm4pIeCUKwfzutKyjp']","['Arthur Nery', 'Jason Dhakal']",2,3wGtsGy8caFXddQMJau2kb,2020-12-22,37i9dQZF1EIhkcT9SIIIOn,Happy OPM Mix
Crush,49,221756,5nAURveExXhziMuq8MHEXp,3ZxIEoqpyP82lbkoFNbw4k,Tweens Of Pop,1,7l8cP2wPjc57nuFoTuUeUp,2012,37i9dQZF1EIhkcT9SIIIOn,Happy OPM Mix
Ako Na Lang,70,204786,5WBgWyIEdpxWhFk9QOPE7C,45n4dyhe8nXULBDb6wHSXe,Zia Quizon,1,4mj0GHGo0qWcKw1JgklCfq,2011,37i9dQZF1EIhkcT9SIIIOn,Happy OPM Mix
Isip,70,265182,0QBPWTTVyV3VclqALtmLWv,5xRllYZrqUU5by4KMyz9cY,Healy After Dark,1,4yBK4tfSJXauEBNwEcRvkV,2023-07-05,37i9dQZF1EIhkcT9SIIIOn,Happy OPM Mix
Bukod-Tangi,62,222045,66tKd60oZUTAK0PdmXJl09,61nn6nOoLWjVC1ER2qFAvN,Cup of Joe,1,4yAWdaZDMWNCNrpwd745NH,2021-04-09,37i9dQZF1EIhkcT9SIIIOn,Happy OPM Mix
Kung Maging Akin Ka,60,253235,63g7T96x98kozrsNDHWqHv,61OfH8eB8aJIc9T98cecNT,Sugarcane,1,7lCRLdARDimlGNWn58X28v,2021-02-13,37i9dQZF1EIhkcT9SIIIOn,Happy OPM Mix
Captivated,65,219949,39SQ0CjIineoa2mbiJpZdk,4k9wp4ipHdA1bu1T4x1ZTG,IV Of Spades,1,5mGR6qKnpILzSzq1yyAUXk,2019-01-18,37i9dQZF1EIhkcT9SIIIOn,Happy OPM Mix
Fallen,79,201806,4mc3rUoMwwiNTHA4al9nNd,29zSTMejPhY0m7kwNQ9SPI,Lola Amour,1,65mubteFOgv2qZeSWMdNl7,2021-06-25,37i9dQZF1EIhkcT9SIIIOn,Happy OPM Mix
Panalangin,52,207337,4d9aHwNs1oYFoXXANb9r2r,5yVM85m9yNcHO6o0vaaVxW,Daniel Padilla,1,68z8GsaQZCe99Q0B2HZfUG,2013-01-01,37i9dQZF1EIhkcT9SIIIOn,Happy OPM Mix
By My Side ft. Tiara Andini,60,234352,51NAz1GAp82XJ4bXGZa2qR,"['67IN4cLJ7798gUapyZlmac', '0kPb52ySN2k9P6wEZPTUzm']","['Zack Tabudlo', 'Tiara Andini']",2,5iuJcpdpAmd13OpnG7Wp2x,2022-10-28,37i9dQZF1EIhkcT9SIIIOn,Happy OPM Mix
Home,53,333622,0dCDBADaqgcQ62LdyRsejn,2JI8ViuZDBybY6Xd9ujUrb,Reese Lansangan,1,2ckgN1jJObKrLisIuVso10,2016-10-29,37i9dQZF1EIhkcT9SIIIOn,Happy OPM Mix
Ligaw Tingin,55,256487,12QcuTyW2yumtruHEyUJh6,7mpEg5WV7rNQSLwxxVJ4kk,Zildjian Parma,1,2XBsH0yNuSFrTKNrHS14LG,2022-09-25,37i9dQZF1EIhkcT9SIIIOn,Happy OPM Mix
Sunsets With You,64,253913,43t6oyPWJ67nifk7JgDgoI,"['3jjbX9cm5Np3ekAypS71si', '3TrbbmtvHwXSKbBc1tClSV']","['Cliff', 'Yden']",2,2fEfoRUwtHZa6OZ44Mjc6X,2022-02-04,37i9dQZF1EIhkcT9SIIIOn,Happy OPM Mix
Bahala Na,62,228688,3FsDo7jplRKAkFzxZ4vbZu,2owtRYReKCG1n2AAS5AcpS,Kenaniah,1,50ZqQAS4Cp2ATe9w1MUHB7,2023-07-07,37i9dQZF1EIhkcT9SIIIOn,Happy OPM Mix
Ako'y Tinamaan,47,200826,4AkpzRUJO1EDd5WrwWMWno,6uZjmsQb20mD9kVaEmWMhp,Reo Brothers,1,5xRlf4JYBaPgNs1ugFKGXb,2015-01-19,37i9dQZF1EIhkcT9SIIIOn,Happy OPM Mix
An Art Gallery Could Never Be As Unique As You,77,158677,22Nd3GuO7sHopPjdKccRcq,31fsDbpNPKe346urriO4ma,mrld,1,0FRaoawfqep3bJcCqcQZpD,2019-12-11,37i9dQZF1EIhkcT9SIIIOn,Happy OPM Mix
LDR - Sped Up,68,165427,6bLwOcpjZOL1GuCHBoB4VZ,68URuxUxsFzcPp2y3j0kjW,Shoti,1,43KGg9deOHTDz5MBWPyQGp,2023-05-13,37i9dQZF1EIhkcT9SIIIOn,Happy OPM Mix
Maybe Maybe,63,313500,0HAciULA3lNbyp0kCBrJnC,29zSTMejPhY0m7kwNQ9SPI,Lola Amour,1,5eawUz4lU3YG3j79LhubBG,2017-05-16,37i9dQZF1EIhkcT9SIIIOn,Happy OPM Mix
Vivid,49,270000,14WzMa1QRDXqsZI2lEZDfv,1CZ6BqSNNDTbyne4SltF0e,Any Name's Okay,1,6HgKv6RnCFgEwl8S91mYtQ,2019-11-21,37i9dQZF1EIhkcT9SIIIOn,Happy OPM Mix
Moao,42,245382,5m3LwvrAXhXFlzZ3nxcm5x,2TmqQRA5s51zD2C4zbiqPq,Purples n' Oranges,1,1Irh1AYtaWfuDm6NabCsso,2019-06-15,37i9dQZF1EIhkcT9SIIIOn,Happy OPM Mix
Na Na Na,47,251076,4aqkICleG6HLRc2ygpWqN1,7tNO3vJC9zlHy2IJOx34ga,BINI,1,28rgW6IXDsrk4YtTcFtGGK,2021-10-14,37i9dQZF1EIhkcT9SIIIOn,Happy OPM Mix
For Everything,30,211440,5vmN5FboWGKqb0MZuKfUJa,4NeCu267LZemnoq44lZYKy,Julie Anne San Jose,1,7xq2b0gkMRI47DCek284HB,2012,37i9dQZF1EIhkcT9SIIIOn,Happy OPM Mix
What Is This Feeling?,37,223656,0wUUUDuDxTwC27kE6kw1oL,2JI8ViuZDBybY6Xd9ujUrb,Reese Lansangan,1,39vgyUQqSdYeEF6J7WeSXE,2021-05-30,37i9dQZF1EIhkcT9SIIIOn,Happy OPM Mix
Just Because,62,193246,3Ues7YM3y8JYnTeu2OYFVH,31fsDbpNPKe346urriO4ma,mrld,1,4KE1Eeu0tO0f2czX9pfaRc,2023-02-10,37i9dQZF1EIhkcT9SIIIOn,Happy OPM Mix
Sana Walang Magbago,44,198428,1iKLxHlIBGKANB2LfXbpGQ,2owtRYReKCG1n2AAS5AcpS,Kenaniah,1,50ZqQAS4Cp2ATe9w1MUHB7,2023-07-07,37i9dQZF1EIhkcT9SIIIOn,Happy OPM Mix
Kinikilig,42,225601,5Jr9SMmCzMN9CsvdDNhh6N,1IJ4wDIUWLb0XLmPN79SDj,Hazel Faith,1,5rqkvJZW1kv6myOdtSESDx,2017-11-10,37i9dQZF1EIhkcT9SIIIOn,Happy OPM Mix
Clouds,50,223599,4xy6P7NgxEzaai4WUlVDsB,1CZ6BqSNNDTbyne4SltF0e,Any Name's Okay,1,453E6lhHqpjUaYEoRhkMF4,2019-08-30,37i9dQZF1EIhkcT9SIIIOn,Happy OPM Mix
Walang Aminan,49,154999,17fq6LtVwn5AvyAkVZZL4z,66jyWeUhy75IiWKCvAakuA,huhsmile,1,2vJjKU0dCcpILifHOCfTq9,2021-04-30,37i9dQZF1EIhkcT9SIIIOn,Happy OPM Mix
My Girl,43,183136,5TA8eIdBIT8QFQcjTaXTdo,7aerdWadzubpu06Oxysg6R,Paolo Sandejas,1,65wbntygODEhsjoHkR8h7L,2018-07-27,37i9dQZF1EIhkcT9SIIIOn,Happy OPM Mix
You're the Best Thing That Ever Happened to Me,40,257279,2sS4bfcYRKMRAVk6HfNmYK,1juIpte4oHJ5ngVLPTUPuJ,Justin Vasquez,1,1FlMGksc5QpAmBX9ylejuF,2020-08-29,37i9dQZF1EIhkcT9SIIIOn,Happy OPM Mix
Mixed Signals,48,170192,5M5Kej5IPErlFEp8nZT8UO,3bsQY9pFWVzUMxlSgGQuBn,Patch Quiwa,1,6wci5omZqwlkmlfYeFBr63,2022-06-03,37i9dQZF1EIhkcT9SIIIOn,Happy OPM Mix
Ako Nalang Kasi,46,216484,4JZVI1zcMGg3qlrLj8s728,0XRPxTyrrVeDXLt6Wxw4UD,rhodessa,1,42yYgHAsEQL30sasJlHLdw,2020-09-24,37i9dQZF1EIhkcT9SIIIOn,Happy OPM Mix
Ctrl + Esc,41,198810,2R7E1srMlJfMZWsyw0yjh2,49hXOL1GCkpxGUVNtV4ke8,Project Orange,1,6dTchoFUTkfIjdJpgh2K2d,2019-11-15,37i9dQZF1EIhkcT9SIIIOn,Happy OPM Mix
Bangin,40,227723,0ZVXBU8LCG0HutT5Oa8eI4,5GB0qrWq0mz2OanyfhXGp0,Paul Pablo,1,1v0xYbW5NagAzjMeBWIM5A,2021-02-26,37i9dQZF1EIhkcT9SIIIOn,Happy OPM Mix
What Are We,54,320915,7JHsx9J7zW5jOeen4OufUT,31fsDbpNPKe346urriO4ma,mrld,1,1C19zBgMZssqTdeYZY2zS3,2020-05-22,37i9dQZF1EIhkcT9SIIIOn,Happy OPM Mix
Love Na Love Kita,22,172533,4yOIDYK8ALNI5K9sdwE6kc,5LjeS9Ayepynd2NQAeosRz,Jovit Baldivino,1,1DU8LHvpRHhNhzfMIAIiQu,2015-07-07,37i9dQZF1EIhkcT9SIIIOn,Happy OPM Mix
roses & sunflowers,47,208043,0wg3eXDIU3FkTkFDSG5dya,4acGozsQZscrP4YKMg2Xwn,Timmy Albert,1,0bRwXSaSaPA0q4HLc1moBe,2019-05-01,37i9dQZF1EIhkcT9SIIIOn,Happy OPM Mix
Uhaw,68,267049,5SyigMsSY8uAV1m27fhnLD,6Dp4LInLyMVA2qhRqQ6AGL,Dilaw,1,432KTeJ8URaOv2GduJw7K5,2022-11-18,0j1DsJ4OxzbWGYCRCblGI9,happy opm beats makes me happy
Sinderela,63,248894,4MsOWApwFYowURf1CsztXP,61nn6nOoLWjVC1ER2qFAvN,Cup of Joe,1,75CKoVyanOM8WDOVpvNhcv,2019-04-05,0j1DsJ4OxzbWGYCRCblGI9,happy opm beats makes me happy
Aphrodite - Aphrodite (Album Version),58,236541,3TN0iGCBNNPbuqD7DyAe7A,03KZ3tIgA3DSCU4o8PahVG,The Ridleys,1,4prgRUxaRi1OHVtCMrCbK2,2019-12-14,0j1DsJ4OxzbWGYCRCblGI9,happy opm beats makes me happy
Hintay,43,232800,2vitrupqp6xBHhzy6aGP29,"['2PfMott3D1hpVkngaG4FZK', '5VPEnjen5Hmkj0Tc60im3u']","['Sleep Alley', 'Up For Byes']",2,1exAzJDtJRZwtryrxvZ8Kw,2020-02-14,0j1DsJ4OxzbWGYCRCblGI9,happy opm beats makes me happy
Pag-Uwi,33,280891,78w1YWDvOt2YuhljTtBVfJ,2PfMott3D1hpVkngaG4FZK,Sleep Alley,1,5ScdOnFg7wW6u8rZEmWYYM,2021-03-12,0j1DsJ4OxzbWGYCRCblGI9,happy opm beats makes me happy
Alive,40,301668,7IroIG4xaUh87f3I2WxFkA,1hMAGfvamVXuSWBFQRFMeq,Over October,1,0JSEAaCxA14d56DYrlUCaB,2019-11-29,0j1DsJ4OxzbWGYCRCblGI9,happy opm beats makes me happy
A Day At A Time,44,142002,45XJsGpFTyzbzeWK8VzR8S,"['4jGPdu95icCKVF31CcFKbS', '5ebPSE9YI5aLeZ1Z2gkqjn']","['Gentle Bones', 'Clara Benin']",2,4o0TtRrfckZCm8yNzbZoH4,2021-03-05,0j1DsJ4OxzbWGYCRCblGI9,happy opm beats makes me happy
Milkyway,35,237923,3QrQsWbuMYaI4q4uDiiGpk,03KZ3tIgA3DSCU4o8PahVG,The Ridleys,1,6w0Bj5vav89kXf4kRX0SOC,2023-01-01,0j1DsJ4OxzbWGYCRCblGI9,happy opm beats makes me happy
Bulalakaw,28,346290,2KsW481cLcJdtsYa3bWcWq,6lTUjzrkveIemv9jnBVMfy,Matthew Hermosura,1,6iVKxy0Xj7TzIeu4KqxEhV,2022-07-29,0j1DsJ4OxzbWGYCRCblGI9,happy opm beats makes me happy
Meaningful Silence (Our Song),47,273620,0pCVtVr8WwPfmi18UuJeoB,03KZ3tIgA3DSCU4o8PahVG,The Ridleys,1,2hnNW4SAPC0saZsCsNGQjU,2017-06-03,0j1DsJ4OxzbWGYCRCblGI9,happy opm beats makes me happy
Dinamalayan,46,294583,4Ae6ScLqE5PDYouXr9IHNR,199ECS30J1oOc3Ftz93dsk,Ferdinand Aragon,1,15ttDPrSFEH34EZw8wpJww,2019-07-30,0j1DsJ4OxzbWGYCRCblGI9,happy opm beats makes me happy
Di Ka Sayang,58,254000,0V9rj37SqxF06EOV809odq,4DAcJXcjX0zlQAZAPAx4Zb,Ben&Ben,1,272Ej3MRWKl2sMQ284qyxr,2020-11-06,0j1DsJ4OxzbWGYCRCblGI9,happy opm beats makes me happy
Celeste,53,199636,1ax06geCh4xRi4dGBs5p9D,2AcrkelR47hApTQirQhv6F,Tothapi,1,4Hp38oiTO22R7onwSjX8ju,2022-10-21,0j1DsJ4OxzbWGYCRCblGI9,happy opm beats makes me happy
Leron (feat. Trisha Macapagal),42,240000,0S9E3lwPotusU4QRVVg2wC,"['2Ev7vtPI38BE2kQvwmH4ce', '6oF9fOWX7L88hNPKqWzB0O']","['Arthur Miguel', 'Trisha Macapagal']",2,0OVWJZkcHFVCzGuTw8Lauw,2022-08-24,0j1DsJ4OxzbWGYCRCblGI9,happy opm beats makes me happy
Sumama Ka Sakin,21,204000,4TDJ2Kd3Jh0ykPQeNkKHLp,5VPEnjen5Hmkj0Tc60im3u,Up For Byes,1,2HZoXOBpgMkqzixNtZnoFk,2019-10-25,0j1DsJ4OxzbWGYCRCblGI9,happy opm beats makes me happy
Sinta,60,403285,41SE77LHNAj911kYih7kmZ,51dRRpVbvYJNPe5fYQunm9,CLUBS,1,3ca7EeHKEMsCBqdHb1LnXS,2021-07-24,0j1DsJ4OxzbWGYCRCblGI9,happy opm beats makes me happy
Ginhawa,42,217973,2L7y3slgMMdZKaVwSPAzQz,0jKQrxK2zHqxyOAyIMrUQt,SUD,1,6xlKQHrZDSR1n52nZuG6L9,2021-08-27,0j1DsJ4OxzbWGYCRCblGI9,happy opm beats makes me happy
Alas Dose,55,320811,3cOgXHh7vFpw2jyj4Ppxxz,61nn6nOoLWjVC1ER2qFAvN,Cup of Joe,1,761nscOOtJFgpXje18Xl39,2019-11-08,0j1DsJ4OxzbWGYCRCblGI9,happy opm beats makes me happy
Aphrodite,53,245434,2iGeiOOKZ0GDZG9mNm0QGE,03KZ3tIgA3DSCU4o8PahVG,The Ridleys,1,3QIRTomKTJagC4gKD7WnFA,2016-03-23,0j1DsJ4OxzbWGYCRCblGI9,happy opm beats makes me happy
Germany & Rome,46,282180,4tq14Ac6Q77iGmIhgockU7,03KZ3tIgA3DSCU4o8PahVG,The Ridleys,1,4prgRUxaRi1OHVtCMrCbK2,2019-12-14,0j1DsJ4OxzbWGYCRCblGI9,happy opm beats makes me happy
dahan-dahan,60,264341,3pT7wGF5w6Jhgj7w08dCeQ,29zSTMejPhY0m7kwNQ9SPI,Lola Amour,1,0xWLRLBLyorsbEwOeWzklC,2022-10-12,0j1DsJ4OxzbWGYCRCblGI9,happy opm beats makes me happy
Different Shade of Blue,46,170000,2WGLRqSoF5wytphWekR3hH,7aerdWadzubpu06Oxysg6R,Paolo Sandejas,1,2orjH3lEX3NtFwZyVpitGl,2022-01-07,0j1DsJ4OxzbWGYCRCblGI9,happy opm beats makes me happy
Pancit (ft. Janine Berdin),53,222500,4P2LvLI8D2OmARL7lZMaMe,"['0a4r2EnsevvHCukoJ1xFwJ', '4qPhnQfRgdgcZEdXgENOnr']","['juan karlos', 'Janine Berdin']",2,1uz0l95IZ7JDJDUCqui3SU,2022-03-31,0j1DsJ4OxzbWGYCRCblGI9,happy opm beats makes me happy
A Million Little Things,41,208074,4TNGmau5QX3nxXK8ceB0tX,5F6Eu8EFrLQXOqgEj5gbhJ,Shirebound & Busking,1,4vbfSwR6gcRwLxNZuTWAWI,2018-01-22,0j1DsJ4OxzbWGYCRCblGI9,happy opm beats makes me happy
Pagitan,42,349333,6H1x0S41IKbJ614E33Xrhh,3WDWdGrDmyczFUkPPkd8aK,Minaw,1,3DWjLWwGp7R51o8tJIHi2u,2021-10-08,0j1DsJ4OxzbWGYCRCblGI9,happy opm beats makes me happy
Tinatangi,17,348400,7olwYHNw2fuXMdoa7AEpYD,4jjbWwnu5KFvzhjhnQSAAc,NIWRON,1,6LwCpzt431ed4kZxY4QcgN,2021-11-26,0j1DsJ4OxzbWGYCRCblGI9,happy opm beats makes me happy
Paano,19,277000,0qTxDgYZKnSttWlyIXrIgi,4jjbWwnu5KFvzhjhnQSAAc,NIWRON,1,25UWIJhQSm92i9rtzNJn8a,2021-06-21,0j1DsJ4OxzbWGYCRCblGI9,happy opm beats makes me happy
Mananatili,64,231724,683vYd6JzbsguUFrX5VeG9,61nn6nOoLWjVC1ER2qFAvN,Cup of Joe,1,5xJmMjAm9YSLcZJ0wwAiaL,2022-04-01,0j1DsJ4OxzbWGYCRCblGI9,happy opm beats makes me happy
Halaga,38,270998,5tbXaRaHQYqI8iFIrQjoIa,6AvnL2gWjNYs1hRVJx4huK,Maki,1,1DkfZsh5JvV8E4EWbozOdo,2021-12-17,0j1DsJ4OxzbWGYCRCblGI9,happy opm beats makes me happy
Binibini,13,341684,5DMKim0FG9f4U2y6xy4w7r,6zO4hMiJBJloY1Bbh9Ha2f,Seconds After Sunset,1,4FfssSak05tU9fBkimlDFj,2020,0j1DsJ4OxzbWGYCRCblGI9,happy opm beats makes me happy
Walang Kapantay,0,319875,3xT8Nqy3eX2t4ImPRwR660,5SChS914naD0ev5pHTFMdt,The Knobs,1,7eWnYXrZmrA0Xiv7iWo3st,2021-02-12,0j1DsJ4OxzbWGYCRCblGI9,happy opm beats makes me happy
Dekada,41,220000,5riQUYoIZ5jDXZD0kqN66W,6EWxRnepcr37PGDIara8gI,Justin Taller,1,1G3JgZMBSqp2mUtfIp8eEr,2023-01-20,0j1DsJ4OxzbWGYCRCblGI9,happy opm beats makes me happy
Tataya,62,182088,6xlUGjSVu90hOMa8cxXCRh,61nn6nOoLWjVC1ER2qFAvN,Cup of Joe,1,1F2ig7MRKqlfl7smmYMrD5,2023-03-10,0j1DsJ4OxzbWGYCRCblGI9,happy opm beats makes me happy
Makasama,48,243658,0ohOruprA894vVKYLHwPgc,0iXMbg56YghBO3Fx2dZFwA,Lucas Miguel,1,7w5Fs0pSS2lSIwKXBurIGK,2021-10-01,0j1DsJ4OxzbWGYCRCblGI9,happy opm beats makes me happy
Tingin,30,240238,6qd1UFqyyjgprIoa30bE6V,0iXMbg56YghBO3Fx2dZFwA,Lucas Miguel,1,4IWo0An2FPR2S16kZLUxkk,2023-05-05,0j1DsJ4OxzbWGYCRCblGI9,happy opm beats makes me happy
Dumaloy - 2021 Remaster,56,259586,37w0Klo4bOTw6A0xzWFB5C,0jKQrxK2zHqxyOAyIMrUQt,SUD,1,6xlKQHrZDSR1n52nZuG6L9,2021-08-27,0j1DsJ4OxzbWGYCRCblGI9,happy opm beats makes me happy
Dalum at Hibas - Sinag,36,151217,57b8omZlWURtZ3lft8m2Sb,5F6Eu8EFrLQXOqgEj5gbhJ,Shirebound & Busking,1,5t94QaabbhzNgvzJDGPshF,2018-04-30,0j1DsJ4OxzbWGYCRCblGI9,happy opm beats makes me happy
Hayaan Mo Sila,63,367229,7MrDfa1uQGVXx0JMZ2u5tN,"['2iB7AJhJmkWkkehY9ccB0j', '00xU4wfephkJrjwJPDvfkf']","['Ex Battalion', 'O.C. Dawgs']",2,12DwmRcztX6NAZR0vQsYUF,2018-01-13,3fSyM0XFwRNICakfaw7a9A,Happy OPM Rap
Miracle Nights,64,374117,4pUM81y5Rq7vAUeFhJRBXa,"['0WleeEe3UurwlNbDGhb5Yz', '58DoiT68nhZoGfdiIZiiUw', '4mHU0bUvlVfiq0oarPYlAn']","['ALLMO$T', 'L.A. GOON$', 'Peso Mercado']",3,0rfMYevzZnaPqqFWtnY9NO,2019-08-24,3fSyM0XFwRNICakfaw7a9A,Happy OPM Rap
Hanggang sa Huli,62,289090,3FGbfm2NLfCgdDXZTyUDVp,4HPuFCMUiNcV4f3ew0flbZ,Alisson Shore,1,4Yjs5ZMEZVyMxivzPfjjsl,2018-11-01,3fSyM0XFwRNICakfaw7a9A,Happy OPM Rap
Malayo Ka Man,59,254139,01OWQg6z6oL2q9fuLuFmDi,"['3r0NbTTxtCBUyxcIR4prXr', '6EJq8HkmiNvcbGyKGNs43M', '1mu7fvV0tXEx4O3NROKgze', '0lLCFkAncltHh96BcwLU0b']","['Jr Crown', 'Kath', 'Cyclone', 'Young Weezy']",4,6orfvnGW44vSsyl87NFlqn,2020-03-11,3fSyM0XFwRNICakfaw7a9A,Happy OPM Rap
"Come with Me (feat. Bosx1ne, Flow-G, King Badger & Jroa)",59,340606,1iV24xOkfxyD2Jb0NCC1Fj,"['2iB7AJhJmkWkkehY9ccB0j', '3xbpJdoJDLAfYn3ZeLlukg', '3PDFGpPl4ienSn5Vwisfrh', '71hhKLR9oCOsHLdRIoQ5OU', '2U5mF0PZqGu6glnz55yY0y']","['Ex Battalion', 'Bosx1ne', 'Flow G', 'King Badger', 'John Roa']",5,5eMwpHWNJ5j92ouBflLaaa,2017-04-13,3fSyM0XFwRNICakfaw7a9A,Happy OPM Rap
No Games (feat. King Badger & Skusta Clee),59,329432,493h85YXHYDKA9jXhUxajA,"['2iB7AJhJmkWkkehY9ccB0j', '71hhKLR9oCOsHLdRIoQ5OU', '117XFtbZPnCI1EYKjYZWJc']","['Ex Battalion', 'King Badger', 'Skusta Clee']",3,1T64gDVSKpZd7uAzCtDL1a,2016-09-25,3fSyM0XFwRNICakfaw7a9A,Happy OPM Rap
Bahala Ka,57,245676,6oIwLVBibUeuWOw80B0yDV,"['7dxr6AabRWhsfYRyVJlErK', '3PDFGpPl4ienSn5Vwisfrh', '7ypt5Qvb2h6rIahhfls05p', '5xOvrnVpLjzfGi69GDlzQY']","['MC Einstein', 'Flow G', 'Jekkpot', 'Yuridope']",4,1UfPTXKl2f1BpvpYmEdQKB,2020-12-28,3fSyM0XFwRNICakfaw7a9A,Happy OPM Rap
Neneng B,60,358015,3E5CIRWsRgJF2CtTqPNwv3,"['3lFMRWaEWZlfXdBig97kks', '060TqET6tyyfAQLXDyIDD8']","['Nik Makino', 'Raf Davis']",2,4aqeztI6Xa3zDLBSGcOGP3,2019-05-15,3fSyM0XFwRNICakfaw7a9A,Happy OPM Rap
"Bat Ngayon?, Pt.1",0,217286,5dE2M9Q15O1JMeOODNNgIm,6vCnF48qqPHgVMBEvcbgkU,CLR,1,0TOj6v7D9mPLfDOsZnqnhb,2018-04-01,3fSyM0XFwRNICakfaw7a9A,Happy OPM Rap
Lexi,56,229093,7jYudL7b6hcLnMDQ59b7zA,3lFMRWaEWZlfXdBig97kks,Nik Makino,1,1jk4UR8tHzHoExZRmS3OHr,2018-08-06,3fSyM0XFwRNICakfaw7a9A,Happy OPM Rap
Sandali Na Lang,58,218013,1f3azBzBWxNk9vq2Uo6yd8,6Ww3OMFzCaO33ulKh1LBFN,Hale,1,562TcgdSCsGZ0ok5QtXcJC,2008,1fYgPkWCK6d44y3KK6YIzg,Happy opm
"Walang Yamang Mas Hihigit Sa Iyo - From ""Asian Treasures""",46,229560,2p96CyFHfHN4AGBXiO8Ntu,"['6Xx1uQPrAF37dtVMKEmvx5', '6bplYHkJrUlJw2LbLFmo8V']","['Cuesh√©', 'Tata Betita']",2,3XmwuvOc9rOP45DRQ3Asx8,2007-06-01,1fYgPkWCK6d44y3KK6YIzg,Happy opm
Jopay,60,271209,2LLefAaNp1nmmCePiSVMIZ,7lIVjtsgz0y1oRQFBAVNzq,Mayonnaise,1,1rrkISeVKsvNS6GwdaKgfG,2004,1fYgPkWCK6d44y3KK6YIzg,Happy opm
Love Story Ko,56,227321,7f3S33lB0WEQCSMGNs0GC4,7HJDRQAfEcFiARVehhM6qD,Gloc-9,1,30jAKGaclfAFfp9JPLKjNF,2005-08-16,1fYgPkWCK6d44y3KK6YIzg,Happy opm
Simpleng Tao,65,244600,7K6g55fp09yQLBhgni3xqV,7HJDRQAfEcFiARVehhM6qD,Gloc-9,1,0ywziMzhZW2ee99KGelaNv,2003-09-01,1fYgPkWCK6d44y3KK6YIzg,Happy opm
Sembreak,37,246160,3TfOJ9pP9YyEGICzg8Tm3y,7374lH6kwx9uQATYQ9H3Cp,Eraserheads,1,2DIpgoeZAbwk3wF1qSDj8v,2004-01-23,1fYgPkWCK6d44y3KK6YIzg,Happy opm
Sumayaw Ka,46,222160,3pfXzXbRJNXOT7f2IQ1s2p,7HJDRQAfEcFiARVehhM6qD,Gloc-9,1,50Da52WhXNCApJvMPG7YNg,2007-03-16,1fYgPkWCK6d44y3KK6YIzg,Happy opm
Pop Machine,29,340240,0JittVQ2D1HdUlfwMJSHc3,7374lH6kwx9uQATYQ9H3Cp,Eraserheads,1,2DIpgoeZAbwk3wF1qSDj8v,2004-01-23,1fYgPkWCK6d44y3KK6YIzg,Happy opm
Inuman Na,54,244800,66R5CoT3X3a4cVpH03HOKc,2XHTklRsNMOOQT56Zm3WS4,Parokya Ni Edgar,1,2tORy9LgWrCEOpqpSx0XdA,1999-01-01,1fYgPkWCK6d44y3KK6YIzg,Happy opm
Love Team,52,274506,6JItFdviyPRLCS5mEOS0iq,5cYJYBMg1n71v7cvthr1SO,The Itchyworms,1,7jEJsX7LeqOxDF9oIcqE5H,2005-01-01,1fYgPkWCK6d44y3KK6YIzg,Happy opm
Mahika,66,210586,0Pafr67ogSuAur2L3DxB4b,7LvDTuFCBv08xm6u1pOMK0,TJ Monterde,1,65PZ3P2MKJuSAVCMM9WWkA,2014-06-16,44qyXcUE1Q4AdREcNv72Wh,Happy opm
LDR,61,211244,3KcBIT6PnRXEE5Ghe3b2ii,68URuxUxsFzcPp2y3j0kjW,Shoti,1,49r5GFwFKkhicAyUWtEW2X,2022-08-27,44qyXcUE1Q4AdREcNv72Wh,Happy opm
PiNK (Pag-Ibig Na Kaya?),24,247999,6BagszWy3hTQUd48ZTHZ1D,39EHxSQAIaWusRqSI9xoyF,1:43,1,4s1cRQ4eTWx7jIzGgMxiZV,2011-01-01,4UmfJGF1MGrH9tAo6VxxiL,Happy Opm
Sa Isang Sulyap Mo,59,237466,1vPk6ZTflnvm8LgtXzPDrT,39EHxSQAIaWusRqSI9xoyF,1:43,1,6Y0Fy68GRW18rPaEu7OCuj,2012-08-01,4UmfJGF1MGrH9tAo6VxxiL,Happy Opm
Baby I Need Your Loving - Minus One,0,189653,3TXBKjvXKeZzo4eSkE4yvl,2q1YvyrLqKmBqNjIozl2Ne,Harana,1,49SJlnu4AMpyHkMSymozsN,2015-01-01,4UmfJGF1MGrH9tAo6VxxiL,Happy Opm
"Dying Inside To Hold You - From "" All Of You"" Official Soundtrack",16,236283,4hZIDcgEk9hn7pBC0sZqY4,0u4G1K1CSzcp5PZ6G6FIGu,Darren Espanto,1,3Te2OGBOzfSI1daFvSUTHE,2020-12-18,4UmfJGF1MGrH9tAo6VxxiL,Happy Opm
A Smile In Your Heart,57,229120,034zHn5tOZLlwDxv0zy3rj,4QvYFzlTFZFg2904xx8gOu,Ariel Rivera,1,223PcnqBSV1tre7f8FW9Ue,2000,4UmfJGF1MGrH9tAo6VxxiL,Happy Opm
"Closer You and I - From ""Loving in Tandem""",6,196067,0GuAFGEkbWayjhWdlYlr7K,"['1t2caVgyabZrVDAlmMGraV', '0lslA51eKXwTUY0TSX9Emy']","['Michael Pangilinan', 'Marion Aunor']",2,5mkhEWVxQqBCivhl4hMYtx,2017-09-15,4UmfJGF1MGrH9tAo6VxxiL,Happy Opm
I-Boogie Mo Ako Baby,24,295164,7uvAopYpZJzILHqLJrbcE8,"['5cYJYBMg1n71v7cvthr1SO', '719ZCUqy59oGckcB1MzVTx']","['The Itchyworms', 'The Company']",2,7jZE0FUxHvspzTAAUEFAmI,2020-07-17,4UmfJGF1MGrH9tAo6VxxiL,Happy Opm
Dalawang Tao,0,296786,6jX57FXjAZXxmtR4qPDSM9,7Lzdxvsnpn25LJAfV6kIaW,Rice Lucido,1,4V82KwGiF69onClvAj9Dw5,2018-08-28,2qAKpsuCEeCGaJGO35Mnsw,happy OPM
Tagpuan,14,260240,0ztDBQdQmdVZvorSmIjMih,0rZRTXEmmPmx6gt92tBqIc,Moira Dela Torre,1,05rQadwAVYTpNNnBoeTuj0,2018-02-19,2qAKpsuCEeCGaJGO35Mnsw,happy OPM
Prom (Acoustic Version),0,266640,0X4irSrnxuuxwmlelnJfGv,543f0NvGig5Moo9XROTUur,Ebe Dancel,1,5bbkpqNOZTT1LZuta2FrDv,2018-03-27,2qAKpsuCEeCGaJGO35Mnsw,happy OPM
Puno,31,364000,44LISQd6IiOz0p1gclJZyF,"['1UinZrIrCaV8JER0SrAaxO', '5ebPSE9YI5aLeZ1Z2gkqjn']","['Coeli', 'Clara Benin']",2,3367qvzoEKunDjOxetZRYv,2018-03-30,2qAKpsuCEeCGaJGO35Mnsw,happy OPM
Exploration No. 5,42,228038,2M3L8fORMZJ7f0EX7lb3Lq,2JI8ViuZDBybY6Xd9ujUrb,Reese Lansangan,1,4udjiMxdYw8SGansxRzTZZ,2016-01-29,2qAKpsuCEeCGaJGO35Mnsw,happy OPM
Tayo Lang Ang May Alam,50,292473,6FT35oVqQZFiTPL9BLmHOH,2inqTOq06scVP6BkEyHBsp,Peryodiko,1,4zpGOdK4bqkJ5GgKlSUOma,2014-10-01,2qAKpsuCEeCGaJGO35Mnsw,happy OPM
Tahanan,47,256000,06IPbvFOLoAQ3BDy3XDt0r,4eKq7eArL96wSQjaaMg9Ic,Munimuni,1,6ZZ1k5uPjX9FVXLGskN7hf,2018-03-15,2qAKpsuCEeCGaJGO35Mnsw,happy OPM
Tila,47,185874,74gmYHHKVjnah9FCVOi4Mg,5ebPSE9YI5aLeZ1Z2gkqjn,Clara Benin,1,5G0fMmidbFTO9qkbfiPKeP,2015-11-23,2qAKpsuCEeCGaJGO35Mnsw,happy OPM
Araw't Gabi,41,284774,7ssN9e6meCIsUbkDj8jfo6,5ebPSE9YI5aLeZ1Z2gkqjn,Clara Benin,1,6LQVBIY9fcfWjOwswcIiGL,2020-10-02,2qAKpsuCEeCGaJGO35Mnsw,happy OPM
Nabibighani,29,414511,2HSOaxB5lD4lpsXCMgeE83,1UinZrIrCaV8JER0SrAaxO,Coeli,1,0OwY4AocgEfC1ExRQ0mHvX,2020-09-18,2qAKpsuCEeCGaJGO35Mnsw,happy OPM
