track_id,name,popularity,duration_ms,artist_id,artist_name,num_artists,playlist_id,playlist_name
1X4l4i472kW5ofFP8Xo0x0,Sana - Single Version,2,277098,7tKpXx21KVUOR6vvDs6xtg,I Belong to the Zoo,1,59QIXpZaBFTJvnZvn2TJzZ,HUGOT OPM
5S4T2Pdr8qhetF3UhkwuMj,'Di Na Babalik,0,340262,5HIZU0JzM0AgfItVOm4E08,This Band,1,59QIXpZaBFTJvnZvn2TJzZ,HUGOT OPM
3WUEs51GpcvlgU7lehLgLh,Kathang Isip,73,318814,4DAcJXcjX0zlQAZAPAx4Zb,Ben&Ben,1,59QIXpZaBFTJvnZvn2TJzZ,HUGOT OPM
5NXdUJ3Z2jhlp2u1cj6f7m,Balang Araw - Single Version,0,288207,7tKpXx21KVUOR6vvDs6xtg,I Belong to the Zoo,1,59QIXpZaBFTJvnZvn2TJzZ,HUGOT OPM
5V2AX2WTOHl2FKtftvisV6,Kahit Ayaw Mo Na,0,243015,5HIZU0JzM0AgfItVOm4E08,This Band,1,59QIXpZaBFTJvnZvn2TJzZ,HUGOT OPM
5nMKJJ5Rl6X1yn58aVeICO,Bulong,63,270233,4qFxP3qN9GsnZDOkAE6x2m,December Avenue,1,59QIXpZaBFTJvnZvn2TJzZ,HUGOT OPM
1yDiru08Q6omDOGkZMPnei,Maybe The Night,68,217197,4DAcJXcjX0zlQAZAPAx4Zb,Ben&Ben,1,59QIXpZaBFTJvnZvn2TJzZ,HUGOT OPM
0gDRtumoR9ZrvAlnniToMz,Ikaw At Ako,15,269876,"['0rZRTXEmmPmx6gt92tBqIc', '4eK6vQqh6wpgldKVWm7560']","['Moira Dela Torre', 'Jason Marvin']",2,59QIXpZaBFTJvnZvn2TJzZ,HUGOT OPM
6GIzDc4xBUeYHwubWwTrhC,Kahit Di Mo Alam,61,282094,4qFxP3qN9GsnZDOkAE6x2m,December Avenue,1,59QIXpZaBFTJvnZvn2TJzZ,HUGOT OPM
5l9g7py8RCblcvbZgGQgSd,Pagtingin,70,227370,4DAcJXcjX0zlQAZAPAx4Zb,Ben&Ben,1,59QIXpZaBFTJvnZvn2TJzZ,HUGOT OPM
14BG5B1EJSCyNpZt096xXc,"Patawad, Paalam",4,323140,"['0rZRTXEmmPmx6gt92tBqIc', '7tKpXx21KVUOR6vvDs6xtg']","['Moira Dela Torre', 'I Belong to the Zoo']",2,59QIXpZaBFTJvnZvn2TJzZ,HUGOT OPM
6BxJLJw228OY5BFerPGl7z,Dahan,57,297500,4qFxP3qN9GsnZDOkAE6x2m,December Avenue,1,59QIXpZaBFTJvnZvn2TJzZ,HUGOT OPM
7Livy729zY16jBsppfYLRW,Nang Iwan,0,367889,5HIZU0JzM0AgfItVOm4E08,This Band,1,59QIXpZaBFTJvnZvn2TJzZ,HUGOT OPM
2BgD4nRyx9EZ5o8YEnjRSV,Kung 'Di Rin Lang Ikaw,66,267759,"['4qFxP3qN9GsnZDOkAE6x2m', '0rZRTXEmmPmx6gt92tBqIc']","['December Avenue', 'Moira Dela Torre']",2,59QIXpZaBFTJvnZvn2TJzZ,HUGOT OPM
4yLc803i7qcWx4V2piWPH5,Magkunwari ('Di Man Tayo) [TODA One I Love Official Soundtrack],55,278181,4qFxP3qN9GsnZDOkAE6x2m,December Avenue,1,59QIXpZaBFTJvnZvn2TJzZ,HUGOT OPM
5f9808hpiCpuNyqqdXmpF2,Buwan,71,343446,0a4r2EnsevvHCukoJ1xFwJ,juan karlos,1,59QIXpZaBFTJvnZvn2TJzZ,HUGOT OPM
6wdCelHrPh7UfliNjwRTUv,Leaves,71,310708,4DAcJXcjX0zlQAZAPAx4Zb,Ben&Ben,1,59QIXpZaBFTJvnZvn2TJzZ,HUGOT OPM
50hVyhZM4nvizfrQe38F3l,Hindi Na Nga,0,282442,5HIZU0JzM0AgfItVOm4E08,This Band,1,59QIXpZaBFTJvnZvn2TJzZ,HUGOT OPM
5v8C6zQNQoS9i2brAIaVVU,"Hindi Tayo Pwede (from the movie ""Indak"")",0,263221,09Xydf4dlkr29dH99DmsvQ,Janine,1,59QIXpZaBFTJvnZvn2TJzZ,HUGOT OPM
02GtNoUv85fOPEaCTlpYzr,"Kapit (From ""Alone / Together"")",46,242933,7bT6URJrhJleZUfkrysELD,Armi Millare,1,59QIXpZaBFTJvnZvn2TJzZ,HUGOT OPM
4fxHK6mhA9vli9NjpBSbGi,Isang Araw,3,287400,0xNog7ZdcTq9sJFiIXJJTH,Kaye Cal,1,59QIXpZaBFTJvnZvn2TJzZ,HUGOT OPM
4u8RkgV6P4TLi89SmlUtv8,Mundo,73,349713,4k9wp4ipHdA1bu1T4x1ZTG,IV Of Spades,1,59QIXpZaBFTJvnZvn2TJzZ,HUGOT OPM
2ZiNCGDMapQzMtnPRVOKZI,Di Makatulog,56,329396,0jKQrxK2zHqxyOAyIMrUQt,SUD,1,59QIXpZaBFTJvnZvn2TJzZ,HUGOT OPM
6ipu0NJW6CpYZjHnUo1xxS,Walang Hanggan,51,383703,4N7VMCvYd9Reh5bJLnRVzY,Quest,1,59QIXpZaBFTJvnZvn2TJzZ,HUGOT OPM
24bmXekGRqVFRlPYdfzyJr,Midnight Sky,0,244426,30mZI7Hw2MhoarTVYxfyZM,Unique Salonga,1,59QIXpZaBFTJvnZvn2TJzZ,HUGOT OPM
00mBzIWv5gHOYxwuEJXjOG,Sa Ngalan Ng Pag-Ibig,65,285138,4qFxP3qN9GsnZDOkAE6x2m,December Avenue,1,59QIXpZaBFTJvnZvn2TJzZ,HUGOT OPM
24ngpWhBOxKJtIPnzSNX8c,Huling Sandali (Tayo Sa Huling Buwan Ng Taon Official Soundtrack),66,343017,4qFxP3qN9GsnZDOkAE6x2m,December Avenue,1,59QIXpZaBFTJvnZvn2TJzZ,HUGOT OPM
2IMODbij0lZ5CuAjZi0IDE,Sila,63,326000,0jKQrxK2zHqxyOAyIMrUQt,SUD,1,59QIXpZaBFTJvnZvn2TJzZ,HUGOT OPM
3vGkyQlCw8LklNip0ZUELC,Nobela,69,291506,70ljCILl0aVXitf3K39YvT,Join The Club,1,59QIXpZaBFTJvnZvn2TJzZ,HUGOT OPM
0dJPIIlTmVM0lambbFgAYq,Eroplanong Papel,69,303880,4qFxP3qN9GsnZDOkAE6x2m,December Avenue,1,59QIXpZaBFTJvnZvn2TJzZ,HUGOT OPM
4JSDhJVmo2UqdF7nxbyenn,Kung Wala Ka,68,242800,6Ww3OMFzCaO33ulKh1LBFN,Hale,1,59QIXpZaBFTJvnZvn2TJzZ,HUGOT OPM
1IlSaQ2FzymQC3vwWnXSa6,Sana Bumalik,46,353941,0jKQrxK2zHqxyOAyIMrUQt,SUD,1,59QIXpZaBFTJvnZvn2TJzZ,HUGOT OPM
0ztDBQdQmdVZvorSmIjMih,Tagpuan,14,260240,0rZRTXEmmPmx6gt92tBqIc,Moira Dela Torre,1,59QIXpZaBFTJvnZvn2TJzZ,HUGOT OPM
6YEO7K4hwGKh7BmNxMMvkc,Oks Lang,0,336369,2U5mF0PZqGu6glnz55yY0y,John Roa,1,59QIXpZaBFTJvnZvn2TJzZ,HUGOT OPM
5UhpceEr5XmbVwyoIUIRnh,Hanggang Kailan - Umuwi Ka Na Baby,2,261866,1EUmQM6xgUQLUkJVcvSdey,Orange & Lemons,1,59QIXpZaBFTJvnZvn2TJzZ,HUGOT OPM
1mTROTnvFi7uxGciL319Kb,Sa Dulo Ng Walang Hanggan - Sa Ngalan Ng Pag-Ibig Piano Version,58,342067,4qFxP3qN9GsnZDOkAE6x2m,December Avenue,1,59QIXpZaBFTJvnZvn2TJzZ,HUGOT OPM
0x2VgHoxUxKFbIUqQur8Fe,Sino,1,280426,30mZI7Hw2MhoarTVYxfyZM,Unique Salonga,1,59QIXpZaBFTJvnZvn2TJzZ,HUGOT OPM
6M21eWbEw74XDdoQsNIinq,Malaya (Camp Sawi Original Motion Picture Soundtrack),57,254249,0rZRTXEmmPmx6gt92tBqIc,Moira Dela Torre,1,59QIXpZaBFTJvnZvn2TJzZ,HUGOT OPM
6NFKf8vBApSvtzkapYmnVR,Tadhana,1,222446,3wbCeEPAW6po7J46netxMT,Up Dharma Down,1,59QIXpZaBFTJvnZvn2TJzZ,HUGOT OPM
4UgtdWy4dm7vMVIupUbtMm,Huling Sayaw - Acoustic,1,260253,4GBFKKuwmZUnAJt6nBal7A,Kamikazee,1,59QIXpZaBFTJvnZvn2TJzZ,HUGOT OPM
7gWKGNeHjIDUkNreiYYNdm,Oo,0,239000,3wbCeEPAW6po7J46netxMT,Up Dharma Down,1,59QIXpZaBFTJvnZvn2TJzZ,HUGOT OPM
1PUWUlqe6m5HqX754lN3Bs,Mitsa (Salamat),50,265476,4DAcJXcjX0zlQAZAPAx4Zb,Ben&Ben,1,59QIXpZaBFTJvnZvn2TJzZ,HUGOT OPM
4MyiyNOHtnvjVuEhs9yOl9,Hanggang Dito Na Lang,50,371386,6DiAVYfSzZi8h1fGuTD6LI,Jimmy Bondoc,1,59QIXpZaBFTJvnZvn2TJzZ,HUGOT OPM
7h4W9blGxYCkKJ3dxPZ84j,Dulo Ng Hangganan,69,328303,4k9wp4ipHdA1bu1T4x1ZTG,IV Of Spades,1,59QIXpZaBFTJvnZvn2TJzZ,HUGOT OPM
2iOnWSWcChoGmUufbrQ00e,Tagu-Taguan,11,249160,0rZRTXEmmPmx6gt92tBqIc,Moira Dela Torre,1,59QIXpZaBFTJvnZvn2TJzZ,HUGOT OPM
1fXHTDYsJiFOjVWITaFp1j,Ride Home,59,326885,4DAcJXcjX0zlQAZAPAx4Zb,Ben&Ben,1,59QIXpZaBFTJvnZvn2TJzZ,HUGOT OPM
5NwgVC2bFG0JJmaljJUFGG,Kahit Sa Panaginip,33,231581,"['4qFxP3qN9GsnZDOkAE6x2m', '5PuOmp0NiyY5kU1fgccHxU']","['December Avenue', 'Khalil Ramos']",2,59QIXpZaBFTJvnZvn2TJzZ,HUGOT OPM
6HxGR4H7Qfe4uR68veOW3g,"Balisong (Theme Song of the Movie ""100 Tula Para Kay Stella"")",0,229034,1YlibpAvhJBbMZMBwN1KGv,The Juans,1,59QIXpZaBFTJvnZvn2TJzZ,HUGOT OPM
7aOgo3FixklrEF0FWCgPLX,Ipagpatawad Mo,0,242453,7lIVjtsgz0y1oRQFBAVNzq,Mayonnaise,1,59QIXpZaBFTJvnZvn2TJzZ,HUGOT OPM
0zFYa7NIpKhmom8zrZx7Ga,Why Can't It Be,6,248760,0xNog7ZdcTq9sJFiIXJJTH,Kaye Cal,1,59QIXpZaBFTJvnZvn2TJzZ,HUGOT OPM
4e0rMS4w6Ssim4K4W11J8I,Di Na Mababawi,0,193506,1tXFYQZSAswt4JLB42lpye,Sponge Cola,1,59QIXpZaBFTJvnZvn2TJzZ,HUGOT OPM
6p6DiqAPwMX7vdrSo30wgo,'Di Na Muli,0,207018,09Xydf4dlkr29dH99DmsvQ,Janine,1,59QIXpZaBFTJvnZvn2TJzZ,HUGOT OPM
04Fqdekvehn72zJ4lJbEH7,Bitaw Na,0,283616,5HIZU0JzM0AgfItVOm4E08,This Band,1,59QIXpZaBFTJvnZvn2TJzZ,HUGOT OPM
6FT35oVqQZFiTPL9BLmHOH,Tayo Lang Ang May Alam,50,292473,2inqTOq06scVP6BkEyHBsp,Peryodiko,1,59QIXpZaBFTJvnZvn2TJzZ,HUGOT OPM
6VqZS3Wmf53pbfDBVEYvnP,Hindi Tayo Pwede,1,303937,1YlibpAvhJBbMZMBwN1KGv,The Juans,1,59QIXpZaBFTJvnZvn2TJzZ,HUGOT OPM
19qvp23a0iXjzS72nqOi8u,Sa'yo,63,352445,4eKq7eArL96wSQjaaMg9Ic,Munimuni,1,59QIXpZaBFTJvnZvn2TJzZ,HUGOT OPM
267RumTt5KeLBGl2KWxBL0,Dating Tayo,2,239480,7LvDTuFCBv08xm6u1pOMK0,TJ Monterde,1,59QIXpZaBFTJvnZvn2TJzZ,HUGOT OPM
02FaAqDWHFy7Rr8UMaaQ4E,Ligaya?,0,357055,5HIZU0JzM0AgfItVOm4E08,This Band,1,59QIXpZaBFTJvnZvn2TJzZ,HUGOT OPM
0087fDVeNhuyMtST91RMjv,Kundiman,1,339053,4nGp682WMiKS4X217kPw8C,Silent Sanctuary,1,59QIXpZaBFTJvnZvn2TJzZ,HUGOT OPM
6KTjHpX77i9Ge395Qzo40h,Game of Questions,0,331071,7tKpXx21KVUOR6vvDs6xtg,I Belong to the Zoo,1,59QIXpZaBFTJvnZvn2TJzZ,HUGOT OPM
3I2fxo7S9Z29I7xsntRCLD,Istorya,0,253401,1YlibpAvhJBbMZMBwN1KGv,The Juans,1,59QIXpZaBFTJvnZvn2TJzZ,HUGOT OPM
0DOW3LEpqYKZ3BEAdffjDW,'Di Ba Halata,3,227533,2UeuiDT17tm6ljs9D4bSMX,Agsunta,1,59QIXpZaBFTJvnZvn2TJzZ,HUGOT OPM
4TEeQqtCN2Ox4Ff7rlbtYx,Sleep Tonight,62,289480,4qFxP3qN9GsnZDOkAE6x2m,December Avenue,1,59QIXpZaBFTJvnZvn2TJzZ,HUGOT OPM
652CegYwXhnFnVz3SgGzTO,Ilaw Sa Daan,57,242790,4k9wp4ipHdA1bu1T4x1ZTG,IV Of Spades,1,59QIXpZaBFTJvnZvn2TJzZ,HUGOT OPM
3jAwK8aaVbzvV5mGAIDKCf,Bago Mahuli Ang Lahat,40,201146,7n1YRMg8XHJMr4S5Z8zl6d,Never The Strangers,1,59QIXpZaBFTJvnZvn2TJzZ,HUGOT OPM
4rG3h1QwgjSSWz8EIjCFrm,Araw-Araw,72,313951,4DAcJXcjX0zlQAZAPAx4Zb,Ben&Ben,1,59QIXpZaBFTJvnZvn2TJzZ,HUGOT OPM
1WXs4O7mBxXglHJPwYweHq,Demonyo,70,218000,0a4r2EnsevvHCukoJ1xFwJ,juan karlos,1,59QIXpZaBFTJvnZvn2TJzZ,HUGOT OPM
1vzxlhQ3dujloZsqeO3Wei,Ikaw At Ako,61,287971,2zFBNsALb4M2FhKl98wcvd,Johnoy Danao,1,59QIXpZaBFTJvnZvn2TJzZ,HUGOT OPM
1LconAoXORZMqI0cAlaWSD,Away From The Current,0,251402,"['0DouUeF604QbSdKYIL3xrq', '2PE8vawrO19hZwdqiovvv0']","['Keiko Necesario', 'Kim Trinidad']",2,59QIXpZaBFTJvnZvn2TJzZ,HUGOT OPM
1d5BAYXRfjUfv8rqYkoxs1,Right Time,0,316133,"['2zFBNsALb4M2FhKl98wcvd', '5ebPSE9YI5aLeZ1Z2gkqjn']","['Johnoy Danao', 'Clara Benin']",2,59QIXpZaBFTJvnZvn2TJzZ,HUGOT OPM
761frfZtZ8I2g70UsjFfBK,I Need You More Today,0,233728,3XEHRbR9NMWfNzQ6TQMS9M,Caleb Santos,1,59QIXpZaBFTJvnZvn2TJzZ,HUGOT OPM
2E9xsudYVeGHnfrYqHFFaQ,Synesthesia (Bonus Track),0,259066,7lIVjtsgz0y1oRQFBAVNzq,Mayonnaise,1,59QIXpZaBFTJvnZvn2TJzZ,HUGOT OPM
0A7YlP0GoJN8SyDTSpf3hX,iglap,0,167952,3BQ7MYNeB0wMPtHYPWvu1C,syd hartha,1,59QIXpZaBFTJvnZvn2TJzZ,HUGOT OPM
07JZJ9YJRaiUAz9Bv8wgwH,Mabagal,3,226727,"['5yVM85m9yNcHO6o0vaaVxW', '0rZRTXEmmPmx6gt92tBqIc']","['Daniel Padilla', 'Moira Dela Torre']",2,59QIXpZaBFTJvnZvn2TJzZ,HUGOT OPM
0FOYt3VRWweAWgN1relGqN,Laro,52,320573,3Hvxz2oZPYuo61ChHKcqQI,Autotelic,1,59QIXpZaBFTJvnZvn2TJzZ,HUGOT OPM
2tR5liucorXRwduxr0qEx6,Binalewala - Original Version,62,268486,6ZdzYE3CEgY0Umgi3Dsgv8,Michael Dutchi Libranda,1,59QIXpZaBFTJvnZvn2TJzZ,HUGOT OPM
65sEZZaxTjLMD8vNgPoMz5,Imahe,70,321817,28B54RKpJrEmDoGSTjsfY6,Magnus Haven,1,59QIXpZaBFTJvnZvn2TJzZ,HUGOT OPM
3EdBq6AJ190RVcq4icTHtS,Love of My Life - Multiplex Karaoke,55,391573,6ZgBJRjJsK1iOJGKGZxEUv,South Border,1,59QIXpZaBFTJvnZvn2TJzZ,HUGOT OPM
6xQs6y6CpDqK9VKCktApEL,Hiling,63,235009,2JEIN1g27pZdm3hKB9EwE5,Mark Carpio,1,59QIXpZaBFTJvnZvn2TJzZ,HUGOT OPM
1uRwUQicwng6S44RtsANQv,Hatid,0,287624,1YlibpAvhJBbMZMBwN1KGv,The Juans,1,3aUHKvVEwxL57y49JTuaOm,Pampatulog Hugot OPM Love song
6mzQgdrGGVY5eE8dmrxUKA,Itutulog Na Lang,0,285320,1YlibpAvhJBbMZMBwN1KGv,The Juans,1,3aUHKvVEwxL57y49JTuaOm,Pampatulog Hugot OPM Love song
7CkuJEJMB0clk0HCBQd9rT,Hawak Bitaw,42,301854,1O2R0tcHg9FlIBXfLmagIh,LaLuna,1,3aUHKvVEwxL57y49JTuaOm,Pampatulog Hugot OPM Love song
0cMcFcm3YvB8o1yKkYNv0a,"Malay Mo, Tayo",0,274291,7LvDTuFCBv08xm6u1pOMK0,TJ Monterde,1,3aUHKvVEwxL57y49JTuaOm,Pampatulog Hugot OPM Love song
1GIYbHnooC5s66QG7lmXo7,Sabik,46,240869,6urxZktbtGcTIIqxQZ1d8q,Jireh Lim,1,3aUHKvVEwxL57y49JTuaOm,Pampatulog Hugot OPM Love song
3J0QLi8JvEz7WbF6HuhB2y,Ikaw Pa Lang,38,259959,2JEIN1g27pZdm3hKB9EwE5,Mark Carpio,1,3aUHKvVEwxL57y49JTuaOm,Pampatulog Hugot OPM Love song
6VqZS3Wmf53pbfDBVEYvnP,Hindi Tayo Pwede,1,303937,1YlibpAvhJBbMZMBwN1KGv,The Juans,1,3aUHKvVEwxL57y49JTuaOm,Pampatulog Hugot OPM Love song
2pGH2MRfqXyFJtVPVBZ7Gx,Pwede Ba,66,342806,29zSTMejPhY0m7kwNQ9SPI,Lola Amour,1,3aUHKvVEwxL57y49JTuaOm,Pampatulog Hugot OPM Love song
2tR5liucorXRwduxr0qEx6,Binalewala - Original Version,62,268486,6ZdzYE3CEgY0Umgi3Dsgv8,Michael Dutchi Libranda,1,3aUHKvVEwxL57y49JTuaOm,Pampatulog Hugot OPM Love song
1FJygqYPxlAqgJ7Y9C1KuQ,Kabilugan Ng Buwan,0,283480,3Selnc0BwhaX4HX9781VgP,Mark Oblea,1,3aUHKvVEwxL57y49JTuaOm,Pampatulog Hugot OPM Love song
6D9DwqiHiMKmy2V7HvN6zs,Paalam,7,291108,"['0rZRTXEmmPmx6gt92tBqIc', '4DAcJXcjX0zlQAZAPAx4Zb']","['Moira Dela Torre', 'Ben&Ben']",2,3aUHKvVEwxL57y49JTuaOm,Pampatulog Hugot OPM Love song
0luyrm1L6gjtoLekHOf67t,Masyado Pang Maaga,61,306204,4DAcJXcjX0zlQAZAPAx4Zb,Ben&Ben,1,3aUHKvVEwxL57y49JTuaOm,Pampatulog Hugot OPM Love song
24ngpWhBOxKJtIPnzSNX8c,Huling Sandali (Tayo Sa Huling Buwan Ng Taon Official Soundtrack),66,343017,4qFxP3qN9GsnZDOkAE6x2m,December Avenue,1,3aUHKvVEwxL57y49JTuaOm,Pampatulog Hugot OPM Love song
53iJrQRbx5fqKqogfffCrA,'Di Sapat Pero Tapat,0,303786,5HIZU0JzM0AgfItVOm4E08,This Band,1,3aUHKvVEwxL57y49JTuaOm,Pampatulog Hugot OPM Love song
28aWA6NMjMTZGWLrJEX0UA,Hindi Tayo Pwede (Acoustic),0,318000,1YlibpAvhJBbMZMBwN1KGv,The Juans,1,3aUHKvVEwxL57y49JTuaOm,Pampatulog Hugot OPM Love song
3lel1ENtvzcRPziaCXYFTf,Hanggang Dito Na Lang,1,329336,7LvDTuFCBv08xm6u1pOMK0,TJ Monterde,1,3aUHKvVEwxL57y49JTuaOm,Pampatulog Hugot OPM Love song
4IHxK2ciM85xQ6eIMItv9H,Panalangin,46,303004,28B54RKpJrEmDoGSTjsfY6,Magnus Haven,1,3aUHKvVEwxL57y49JTuaOm,Pampatulog Hugot OPM Love song
7Livy729zY16jBsppfYLRW,Nang Iwan,0,367889,5HIZU0JzM0AgfItVOm4E08,This Band,1,3aUHKvVEwxL57y49JTuaOm,Pampatulog Hugot OPM Love song
3yRd7Y9OVbhouw4E4TNI0t,Ikaw,37,229838,3Hvxz2oZPYuo61ChHKcqQI,Autotelic,1,3aUHKvVEwxL57y49JTuaOm,Pampatulog Hugot OPM Love song
507wQHSkMb1MFJfN2fjpMQ,Nobela,1,279761,4NeCu267LZemnoq44lZYKy,Julie Anne San Jose,1,3aUHKvVEwxL57y49JTuaOm,Pampatulog Hugot OPM Love song
1GE5vxN9NMPaBrD4axoD2e,Heaven Knows,40,267989,"['2IJxOGPJDJzf6lLQqa84jl', '62WbvkXqQGvXQvw74GU3kQ']","['Rick Price', 'Morissette']",2,3aUHKvVEwxL57y49JTuaOm,Pampatulog Hugot OPM Love song
77iVPjxBy9Q3GgOxVE1UUA,"Halik Sa Hangin - From ""The Killer Bride""",10,288000,1mcqfNCReSFxun2vIWvC28,KZ Tandingan,1,3aUHKvVEwxL57y49JTuaOm,Pampatulog Hugot OPM Love song
5Qb6FrDW7ehrglaXBgzPTE,Imposible,7,256715,"['1mcqfNCReSFxun2vIWvC28', '6ogIjp0fsbUxlqy9q2rvrT']","['KZ Tandingan', 'Shanti Dope']",2,3aUHKvVEwxL57y49JTuaOm,Pampatulog Hugot OPM Love song
0Iu5xWN9wtWHp5daIj0Mjb,'Di Lahat,0,234893,1dpv0XBdgUa5z4vzn7ahIz,Donnalyn,1,3aUHKvVEwxL57y49JTuaOm,Pampatulog Hugot OPM Love song
1WQceYh9WvSqkovH1mioRB,"Kapag Ako Ay Nagmahal - From ""Write About Love""",1,256000,0DnjaQqb436AH1idffI6CQ,Yeng Constantino,1,3aUHKvVEwxL57y49JTuaOm,Pampatulog Hugot OPM Love song
7jTO2Pyavfit1JCdMVrkud,Bakas Ng Talampakan,43,246363,4qFxP3qN9GsnZDOkAE6x2m,December Avenue,1,3aUHKvVEwxL57y49JTuaOm,Pampatulog Hugot OPM Love song
20JlaQj9irFjFb8X0SKKS7,Before It Sinks In,17,263720,0rZRTXEmmPmx6gt92tBqIc,Moira Dela Torre,1,3aUHKvVEwxL57y49JTuaOm,Pampatulog Hugot OPM Love song
39fNON9tzWSkuLbpGAHJnD,Connection,33,261935,0DouUeF604QbSdKYIL3xrq,Keiko Necesario,1,3aUHKvVEwxL57y49JTuaOm,Pampatulog Hugot OPM Love song
5iMx8KjSq2n642hM7ET0E5,Tag-Ulan,0,215515,4pmdWxcPYV8NkfuMmL7Ubu,Penelope,1,3aUHKvVEwxL57y49JTuaOm,Pampatulog Hugot OPM Love song
0AYXRlS10JHOXaGe4ihUKf,Sagada,0,250000,61nn6nOoLWjVC1ER2qFAvN,Cup of Joe,1,3aUHKvVEwxL57y49JTuaOm,Pampatulog Hugot OPM Love song
3PgjBOoA5OytNGkglObpOd,Sa Susunod na Habang Buhay,72,288189,4DAcJXcjX0zlQAZAPAx4Zb,Ben&Ben,1,3aUHKvVEwxL57y49JTuaOm,Pampatulog Hugot OPM Love song
58aaW6EUUZybGoSM9ozWBD,Maaari Ba,1,323188,6bVVssXSh08il9SKx18XOA,Wilbert Ross,1,3aUHKvVEwxL57y49JTuaOm,Pampatulog Hugot OPM Love song
6hglN7eIiym3bChVCH5E5P,Sasagipin Kita,35,266191,0u4G1K1CSzcp5PZ6G6FIGu,Darren Espanto,1,3aUHKvVEwxL57y49JTuaOm,Pampatulog Hugot OPM Love song
0sNZsYY8LSCCM4tC2y0zR1,Binhi,0,216774,7uDdl5V5AETSFY7K3muu22,Arthur Nery,1,3aUHKvVEwxL57y49JTuaOm,Pampatulog Hugot OPM Love song
6tw7xpKrZm9vHfymxBc52E,Patawad,6,277480,0rZRTXEmmPmx6gt92tBqIc,Moira Dela Torre,1,3aUHKvVEwxL57y49JTuaOm,Pampatulog Hugot OPM Love song
5eQCWiTUO87l1lerhlCIzs,Umaasa,0,335624,0DpLoyGVbhOHNR3ht2oO9y,Calein,1,3aUHKvVEwxL57y49JTuaOm,Pampatulog Hugot OPM Love song
5ONZUcFHtslSBavtrUJ8p3,Tell Me,57,240666,"['31oMMIBDMM2Z1RQO7u8irE', '74ZrVPO9hBg3o6j7g0OZ6u']","['Side A', 'Jun Reyes']",2,2urphK2gaVU9oJxhRAUjKE,hugot opm
64juMW0Kj0MLIn5pbuNvKD,Set You Free,53,273493,"['31oMMIBDMM2Z1RQO7u8irE', '74ZrVPO9hBg3o6j7g0OZ6u']","['Side A', 'Jun Reyes']",2,2urphK2gaVU9oJxhRAUjKE,hugot opm
7zedIdswcnY9eW6e4wImEs,Let the Pain Remain,42,305226,"['31oMMIBDMM2Z1RQO7u8irE', '74ZrVPO9hBg3o6j7g0OZ6u']","['Side A', 'Jun Reyes']",2,2urphK2gaVU9oJxhRAUjKE,hugot opm
5JZplXG5E1BFZvrjGQQ9dR,Hold on,0,274533,31oMMIBDMM2Z1RQO7u8irE,Side A,1,2urphK2gaVU9oJxhRAUjKE,hugot opm
1mMuzbHbQIMHp2LC9cnIwE,Rainbow's End,0,282946,31oMMIBDMM2Z1RQO7u8irE,Side A,1,2urphK2gaVU9oJxhRAUjKE,hugot opm
1mGqXQ83eyFpIGRXbQI11L,Each day with you,0,252080,4LTJwj8UNLy3ApvH7XUiiq,Martin Nievera,1,2urphK2gaVU9oJxhRAUjKE,hugot opm
5Kidpm3UfdhJleriK6I1CE,Say that you love me,0,272546,4LTJwj8UNLy3ApvH7XUiiq,Martin Nievera,1,2urphK2gaVU9oJxhRAUjKE,hugot opm
4WpvEb2jf1P6T9duKqZkHK,Ikaw ang lahat sa akin,0,293733,4LTJwj8UNLy3ApvH7XUiiq,Martin Nievera,1,2urphK2gaVU9oJxhRAUjKE,hugot opm
6cmiHEHZDXrO5KPRxMGNtc,I Need You Back,0,213813,2tOIdpZFzB2c52UdHnj5LW,Raymond Lauchengco,1,2urphK2gaVU9oJxhRAUjKE,hugot opm
0RnPAeSnWthFztGiQVHFRv,Sana Ay Malaman Mo,0,337000,5uRUbTUQysRUR7PUy7pimM,Ric Segreto,1,2urphK2gaVU9oJxhRAUjKE,hugot opm
7n0KngHj0ieZxjzAmGYd6S,Give Me A Chance,0,196333,5uRUbTUQysRUR7PUy7pimM,Ric Segreto,1,2urphK2gaVU9oJxhRAUjKE,hugot opm
7K6971OI9Nohx0mqyKS321,Gaya Ng Dati,10,300628,0RHiqaoRCsFLPeEuj3OQz4,Gary Valenciano,1,2urphK2gaVU9oJxhRAUjKE,hugot opm
6NqT23B1ZgwQOUydgugQcS,Di Na Natuto,28,360373,0RHiqaoRCsFLPeEuj3OQz4,Gary Valenciano,1,2urphK2gaVU9oJxhRAUjKE,hugot opm
7EUCBzWMZO1fz2smnCVcCw,Narito,32,258995,0RHiqaoRCsFLPeEuj3OQz4,Gary Valenciano,1,2urphK2gaVU9oJxhRAUjKE,hugot opm
6voLvE0VT6FE5RRg2Vc2aX,Akoy Sa'Yo,0,317813,1wOZrAWxddHrRnONyLCjsq,First Circle,1,2urphK2gaVU9oJxhRAUjKE,hugot opm
1vR1SccQExdIStNalSI0a2,One Hello,0,214133,14JBboD1LaDlkSM0GsSa40,Pops Fernandez,1,2urphK2gaVU9oJxhRAUjKE,hugot opm
3nwzuzKNhSCdt8wbDPx2GM,Goodbye To Love,0,200400,14JBboD1LaDlkSM0GsSa40,Pops Fernandez,1,2urphK2gaVU9oJxhRAUjKE,hugot opm
33hHFUHa5lqhGgKZDITsyW,Don't say goodbye,0,260000,14JBboD1LaDlkSM0GsSa40,Pops Fernandez,1,2urphK2gaVU9oJxhRAUjKE,hugot opm
7lvr1DwG78dutURkiosUVF,If I Believed,0,231426,00RJAkLnjGx4kVWVJbOJx1,Carol Banawa,1,2urphK2gaVU9oJxhRAUjKE,hugot opm
55DEQZZ1traulfeH3ax3KL,The First Time I Loved Forever,0,182413,00RJAkLnjGx4kVWVJbOJx1,Carol Banawa,1,2urphK2gaVU9oJxhRAUjKE,hugot opm
3q9fEhaxpwiQOEsTDsEc80,Stay,0,262504,00RJAkLnjGx4kVWVJbOJx1,Carol Banawa,1,2urphK2gaVU9oJxhRAUjKE,hugot opm
44A07wZA9HP7XDrpDn5Ny8,Everlasting Love,0,265933,719ZCUqy59oGckcB1MzVTx,The Company,1,2urphK2gaVU9oJxhRAUjKE,hugot opm
3m2urWLjbbu4zBMHc4wuu0,Starting over Again,0,247586,29Aqsp33ANrcidwOkNJJU6,Lani Misalucha,1,2urphK2gaVU9oJxhRAUjKE,hugot opm
2ihUXb4jayaUoxmID8pgB8,Stay (On the Wings of Love Teleserye Theme),0,262086,1vg8YXdgvLLPPeXZkM7g5W,Daryl Ong,1,2urphK2gaVU9oJxhRAUjKE,hugot opm
2FvEkV0uR4nMEviaaiDYGn,If I'm Not in Love,21,225186,6ty99gP6NrhgCOkMF2ONpy,Janno Gibbs,1,2urphK2gaVU9oJxhRAUjKE,hugot opm
0nDeOp4oP4wnwzr5aEXyRV,Friend of Mine,0,204506,0IIttGAzd1Ngnsa5SQWsOL,Odette Quesada,1,2urphK2gaVU9oJxhRAUjKE,hugot opm
282TnPqgxtjzcec3H0eP7y,Photograph,43,170960,4QvYFzlTFZFg2904xx8gOu,Ariel Rivera,1,2urphK2gaVU9oJxhRAUjKE,hugot opm
0w0JBoDQXAcBUGHwtJXxqI,Now That I Have You,0,248066,719ZCUqy59oGckcB1MzVTx,The Company,1,2urphK2gaVU9oJxhRAUjKE,hugot opm
3fX6occrRQXyzQ30biKbVy,Even If,0,211693,37MhCWJuuVFFYa71Sj3Mpj,Jam Morales,1,2urphK2gaVU9oJxhRAUjKE,hugot opm
0dBg8sxoXUg8SVJBlN3Bhg,For Baby,0,278986,4kl1LM3rjWg83OBrmNlzOZ,Donna Cruz,1,2urphK2gaVU9oJxhRAUjKE,hugot opm
7GAzawxdlO3r7cXqDciytC,Just A Smile Away - APO Hiking Society Tribute Album,3,174000,6Vmp90FCN8neBZ4anl4UI6,Ivy Joy Aguila-Maniquiz,1,2urphK2gaVU9oJxhRAUjKE,hugot opm
3pagqpQxHahTiSCXZguxeN,Pag-ibig,0,192066,4RA4PC3WHM9OHZLExirTcU,APO Hiking Society,1,2urphK2gaVU9oJxhRAUjKE,hugot opm
18iIR01rzP3KgeFfOJhHGB,Show Me a Smile,0,201360,4RA4PC3WHM9OHZLExirTcU,APO Hiking Society,1,2urphK2gaVU9oJxhRAUjKE,hugot opm
1wRnLRqZL3W38L7tCugF79,Can This Be Love,0,204986,4kqsp7WTMpLUKe9GDJfY97,Smokey Mountain,1,2urphK2gaVU9oJxhRAUjKE,hugot opm
3mDWuvGM0fzvNJE6kuu6TT,Kahit Habang Buhay,0,224613,4kqsp7WTMpLUKe9GDJfY97,Smokey Mountain,1,2urphK2gaVU9oJxhRAUjKE,hugot opm
7jhElwmyKzHEGIinmF4KIh,Fallin',34,263226,6ty99gP6NrhgCOkMF2ONpy,Janno Gibbs,1,2urphK2gaVU9oJxhRAUjKE,hugot opm
0JbvjjUJ75ZRnbT9Z629Ca,Moments of Love,34,241440,"['6ty99gP6NrhgCOkMF2ONpy', '2b13AzQC2dauXDkpnX5xv7']","['Janno Gibbs', 'Jennylyn Mercado']",2,2urphK2gaVU9oJxhRAUjKE,hugot opm
3CemMEC1IQ7ZPamEZfl6BR,Say You'll Never Go,0,315373,0vkER0y96fNRbGEs6wLZxR,Neocolours,1,2urphK2gaVU9oJxhRAUjKE,hugot opm
6jsVJNWXB2anDQURWerln9,Hold On,0,290453,0vkER0y96fNRbGEs6wLZxR,Neocolours,1,2urphK2gaVU9oJxhRAUjKE,hugot opm
5fYXiqdpiUanPGjt9Pu4Ev,Tuloy Pa Rin,0,272973,0vkER0y96fNRbGEs6wLZxR,Neocolours,1,2urphK2gaVU9oJxhRAUjKE,hugot opm
0oQV1f4k6Cf4kwfOz26GfN,Maybe,0,270666,0vkER0y96fNRbGEs6wLZxR,Neocolours,1,2urphK2gaVU9oJxhRAUjKE,hugot opm
3ToQkWZmGm2iNeien5ybPt,Maybe This Time,0,202706,2b13AzQC2dauXDkpnX5xv7,Jennylyn Mercado,1,2urphK2gaVU9oJxhRAUjKE,hugot opm
7gmkwCEMuytsW5NwFrsU7R,Never Gonna Let You Go,25,280234,"['2b13AzQC2dauXDkpnX5xv7', '6ty99gP6NrhgCOkMF2ONpy']","['Jennylyn Mercado', 'Janno Gibbs']",2,2urphK2gaVU9oJxhRAUjKE,hugot opm
4jTyPPZkFyJiAYCVgDbajS,Alipin,0,272453,719ZCUqy59oGckcB1MzVTx,The Company,1,2urphK2gaVU9oJxhRAUjKE,hugot opm
6DqVfmRyTiQp3xC1fFXNNH,Of All The Things,25,195013,1GlMjIezcLwV3OFlX0uXOv,Lea Salonga,1,2urphK2gaVU9oJxhRAUjKE,hugot opm
3ynDXi01YTsb9WrIDCK9oJ,Let Me Be the One,46,280400,"['4NeCu267LZemnoq44lZYKy', '6DiAVYfSzZi8h1fGuTD6LI']","['Julie Anne San Jose', 'Jimmy Bondoc']",2,2urphK2gaVU9oJxhRAUjKE,hugot opm
4N0XG7hGoVnUKI2kuRGN1u,Kisapmata,66,280946,1ZTdxfZTeztyAgKUJVLxAI,Rivermaya,1,2urphK2gaVU9oJxhRAUjKE,hugot opm
2wz9Oj09d1jkK0YE8QTvVK,Balisong,0,219440,1ZTdxfZTeztyAgKUJVLxAI,Rivermaya,1,2urphK2gaVU9oJxhRAUjKE,hugot opm
2vVW17crZs4KInids0h9SE,241 (My Favorite Song),0,272600,1ZTdxfZTeztyAgKUJVLxAI,Rivermaya,1,2urphK2gaVU9oJxhRAUjKE,hugot opm
4JSDhJVmo2UqdF7nxbyenn,Kung Wala Ka,68,242800,6Ww3OMFzCaO33ulKh1LBFN,Hale,1,2urphK2gaVU9oJxhRAUjKE,hugot opm
6xCj7W8PkDuTmwI0MBa0uF,Firewoman,30,224400,4uYSTU2ckuHB8nfBxURSBj,Hungry Young Poets,1,2urphK2gaVU9oJxhRAUjKE,hugot opm
6CHpr3pY2MbJ5y1076UDnI,The Day You Said Goodnight - Acoustic Version,55,328533,6Ww3OMFzCaO33ulKh1LBFN,Hale,1,2urphK2gaVU9oJxhRAUjKE,hugot opm
2S80c51YXgJQhkhX603fMA,Prinsesa,62,267293,3nZa8vRD64ueq3d0JNYTsl,6cyclemind,1,2urphK2gaVU9oJxhRAUjKE,hugot opm
6NFKf8vBApSvtzkapYmnVR,Tadhana,1,222446,3wbCeEPAW6po7J46netxMT,Up Dharma Down,1,2urphK2gaVU9oJxhRAUjKE,hugot opm
7zzZmpw8L66ZPjH1M6qmOs,Migraine,65,267960,2kZThDGZcHl4klYYFk0v8n,Moonstar88,1,2urphK2gaVU9oJxhRAUjKE,hugot opm
57DJFlR1FzlZEtxyHzdCsY,BMD,20,251053,6Xx1uQPrAF37dtVMKEmvx5,CueshÃ©,1,2urphK2gaVU9oJxhRAUjKE,hugot opm
6LFcRDg88sfy0MpFUIpKvJ,When I Met You - APO Hiking Society Tribute Album,15,276906,0jehHGqZ0sX55acPEbaS0N,Out Of Luck,1,2urphK2gaVU9oJxhRAUjKE,hugot opm
5AjbSv7nkr78wzmuHEfjg0,Magkabilang Mundo,62,236705,6urxZktbtGcTIIqxQZ1d8q,Jireh Lim,1,2urphK2gaVU9oJxhRAUjKE,hugot opm
7ub42AaogkGijtfoXWMyKR,Buko,0,315973,6urxZktbtGcTIIqxQZ1d8q,Jireh Lim,1,2urphK2gaVU9oJxhRAUjKE,hugot opm
5zMR44ZH4KVZj4FlhTj3SE,Magbalik,69,326813,4HOEnLufwAqJ2qoJPVnL01,Callalily,1,2urphK2gaVU9oJxhRAUjKE,hugot opm
4QbJjJiHz3p3dYK2HwXqLP,I,52,252680,3nZa8vRD64ueq3d0JNYTsl,6cyclemind,1,2urphK2gaVU9oJxhRAUjKE,hugot opm
2wM7hjeO69ca2EjJMRyx8q,Binibini,0,274626,7ymgfUyJFViyg1qFo4M2nH,Brownman Revival,1,2urphK2gaVU9oJxhRAUjKE,hugot opm
2lnDNgTDt5Ouu5dCpvjvsF,Ikaw Lang Ang Aking Mahal,57,232013,7ymgfUyJFViyg1qFo4M2nH,Brownman Revival,1,2urphK2gaVU9oJxhRAUjKE,hugot opm
205HKpXEVef87c2rDx4uJm,Cool Off,0,221253,1J9AYwtdzwZiVW1mGkQpp6,Session Road,1,2urphK2gaVU9oJxhRAUjKE,hugot opm
2aoW8n4DHF23y9BINksrVW,Suntok Sa Buwan,0,230386,1J9AYwtdzwZiVW1mGkQpp6,Session Road,1,2urphK2gaVU9oJxhRAUjKE,hugot opm
7k0wtsJzYwU4RtodDuDKPH,Simpleng Tao - original,0,246600,7HJDRQAfEcFiARVehhM6qD,Gloc-9,1,2urphK2gaVU9oJxhRAUjKE,hugot opm
7uuirrtCr8O8fz7kQS6VUR,Pare Ko,65,325000,7374lH6kwx9uQATYQ9H3Cp,Eraserheads,1,2urphK2gaVU9oJxhRAUjKE,hugot opm
6g5obKN94RJAjha3luUExe,Sembreak,44,242493,7374lH6kwx9uQATYQ9H3Cp,Eraserheads,1,2urphK2gaVU9oJxhRAUjKE,hugot opm
0GGfPhGuWC2JGc7hlvjLXa,Alapaap,64,263000,7374lH6kwx9uQATYQ9H3Cp,Eraserheads,1,2urphK2gaVU9oJxhRAUjKE,hugot opm
4iuAGPs5hlZqsKsS0ZnyWB,Minsan,55,254333,7374lH6kwx9uQATYQ9H3Cp,Eraserheads,1,2urphK2gaVU9oJxhRAUjKE,hugot opm
1NopgVCMVhCKIm64tF7auX,With A Smile,68,278173,7374lH6kwx9uQATYQ9H3Cp,Eraserheads,1,2urphK2gaVU9oJxhRAUjKE,hugot opm
1lan3CApvveTezmBBGzsGu,Magasin,62,248840,7374lH6kwx9uQATYQ9H3Cp,Eraserheads,1,2urphK2gaVU9oJxhRAUjKE,hugot opm
11z9XKmqywLusY7r3zPWaB,Butterscotch,27,276160,7374lH6kwx9uQATYQ9H3Cp,Eraserheads,1,2urphK2gaVU9oJxhRAUjKE,hugot opm
2oxpnUxDY07G0DSTKYQYvv,Sa Wakas,25,155666,7374lH6kwx9uQATYQ9H3Cp,Eraserheads,1,2urphK2gaVU9oJxhRAUjKE,hugot opm
3Yb2JVsh33v17rAou2mNnN,Waiting For The Bus,35,206000,7374lH6kwx9uQATYQ9H3Cp,Eraserheads,1,2urphK2gaVU9oJxhRAUjKE,hugot opm
5aeUAKVIJseJpFQetiDard,Fine Time,42,180333,7374lH6kwx9uQATYQ9H3Cp,Eraserheads,1,2urphK2gaVU9oJxhRAUjKE,hugot opm
2A3CzmtFj1sK6W1qQtBz86,Huwag Mo Nang Itanong,58,249333,7374lH6kwx9uQATYQ9H3Cp,Eraserheads,1,2urphK2gaVU9oJxhRAUjKE,hugot opm
6vZY4qmjHQw8BkocWY6LdO,Fill Her,44,107173,7374lH6kwx9uQATYQ9H3Cp,Eraserheads,1,2urphK2gaVU9oJxhRAUjKE,hugot opm
720V7AnwXjC8IJnSRLokEw,Fruitcake,37,300693,7374lH6kwx9uQATYQ9H3Cp,Eraserheads,1,2urphK2gaVU9oJxhRAUjKE,hugot opm
0XQJBON0zlZAGjAzqECd3K,Shadow,27,157866,7374lH6kwx9uQATYQ9H3Cp,Eraserheads,1,2urphK2gaVU9oJxhRAUjKE,hugot opm
4D7fbbvwE6os8ZalI8F9c1,Trip To Jerusalem,23,375266,7374lH6kwx9uQATYQ9H3Cp,Eraserheads,1,2urphK2gaVU9oJxhRAUjKE,hugot opm
47FBi8vqUr5nH2j2QWD4RR,Lightyears,29,258733,7374lH6kwx9uQATYQ9H3Cp,Eraserheads,1,2urphK2gaVU9oJxhRAUjKE,hugot opm
60rkq0VvIG13zzwdTFlzdA,Santa Ain't Comin' No Mo,17,171866,7374lH6kwx9uQATYQ9H3Cp,Eraserheads,1,2urphK2gaVU9oJxhRAUjKE,hugot opm
0keQ1tBbYve33j3D827bAO,Christmas Party,31,244400,7374lH6kwx9uQATYQ9H3Cp,Eraserheads,1,2urphK2gaVU9oJxhRAUjKE,hugot opm
6TAshhZUKKDhDDdkJOIne2,Christmas Morning,20,243400,7374lH6kwx9uQATYQ9H3Cp,Eraserheads,1,2urphK2gaVU9oJxhRAUjKE,hugot opm
5hagctxftYOW3FREpLevH7,Kaliwete,40,187173,7374lH6kwx9uQATYQ9H3Cp,Eraserheads,1,2urphK2gaVU9oJxhRAUjKE,hugot opm
4B4W2YJB2BpeOY9sKJ1ttM,Ha Ha Ha,23,282440,7374lH6kwx9uQATYQ9H3Cp,Eraserheads,1,2urphK2gaVU9oJxhRAUjKE,hugot opm
6wGyV4BOdrtWYgHY6F9IUD,Balikbayan Box,38,312693,7374lH6kwx9uQATYQ9H3Cp,Eraserheads,1,2urphK2gaVU9oJxhRAUjKE,hugot opm
0I5Z0p0cLWdyJNC6sqMTwD,Spoliarium,60,326760,7374lH6kwx9uQATYQ9H3Cp,Eraserheads,1,2urphK2gaVU9oJxhRAUjKE,hugot opm
7lLdrBmH63e9P1BDRx9eQI,Hard To Believe,30,211000,7374lH6kwx9uQATYQ9H3Cp,Eraserheads,1,2urphK2gaVU9oJxhRAUjKE,hugot opm
2d7NEsj5lvDCTzsK07MRlW,Julie Tearjerky,31,215293,7374lH6kwx9uQATYQ9H3Cp,Eraserheads,1,2urphK2gaVU9oJxhRAUjKE,hugot opm
6q8Hzgy0AUALt14m5hUb1e,Huwag Kang Matakot,59,189680,7374lH6kwx9uQATYQ9H3Cp,Eraserheads,1,2urphK2gaVU9oJxhRAUjKE,hugot opm
61jPZwzRkdQ0dZP3bDtyTX,Tuwing Umuulan At Kapiling Ka,52,283493,7374lH6kwx9uQATYQ9H3Cp,Eraserheads,1,2urphK2gaVU9oJxhRAUjKE,hugot opm
30LQGhfp9YOmEFzuNmNzLz,However Which Way,26,268093,1O5rl0K2M7NDlfgE9ChFfq,Introvoys,1,2urphK2gaVU9oJxhRAUjKE,hugot opm
54IoFwtSsQw7ejPKbHVuG4,I Think I'm In Love,0,201426,0ntzbBdKbiyPx06Xscs9UI,Kuh Ledesma,1,2urphK2gaVU9oJxhRAUjKE,hugot opm
0GmCJqtnQZmpcOBDiQkJqT,Lullabye,22,205720,1O5rl0K2M7NDlfgE9ChFfq,Introvoys,1,2urphK2gaVU9oJxhRAUjKE,hugot opm
6k3b9NQnivP9wUhA7PgbOU,To Love Again,7,290680,1vg8YXdgvLLPPeXZkM7g5W,Daryl Ong,1,2urphK2gaVU9oJxhRAUjKE,hugot opm
4p6PqX80scbKiKLiy40Yw8,Suddenly,0,237276,"['2b13AzQC2dauXDkpnX5xv7', '4U78sK2D3zASSB6oSR38GQ']","['Jennylyn Mercado', 'Christian Bautista']",2,2urphK2gaVU9oJxhRAUjKE,hugot opm
0gdTyNxhTOaY4pTfQGD16w,Till My Heartaches End,32,247594,2b13AzQC2dauXDkpnX5xv7,Jennylyn Mercado,1,2urphK2gaVU9oJxhRAUjKE,hugot opm
4T0J3i8yPe8IZ1gAenzJNu,It Takes a Man and a Woman,0,229306,6aiCKnIN68hohzU3ZzNq48,Sarah Geronimo,1,2urphK2gaVU9oJxhRAUjKE,hugot opm
5ONZUcFHtslSBavtrUJ8p3,Tell Me,57,240666,"['31oMMIBDMM2Z1RQO7u8irE', '74ZrVPO9hBg3o6j7g0OZ6u']","['Side A', 'Jun Reyes']",2,2urphK2gaVU9oJxhRAUjKE,hugot opm
64juMW0Kj0MLIn5pbuNvKD,Set You Free,53,273493,"['31oMMIBDMM2Z1RQO7u8irE', '74ZrVPO9hBg3o6j7g0OZ6u']","['Side A', 'Jun Reyes']",2,2urphK2gaVU9oJxhRAUjKE,hugot opm
7zedIdswcnY9eW6e4wImEs,Let the Pain Remain,42,305226,"['31oMMIBDMM2Z1RQO7u8irE', '74ZrVPO9hBg3o6j7g0OZ6u']","['Side A', 'Jun Reyes']",2,2urphK2gaVU9oJxhRAUjKE,hugot opm
5JZplXG5E1BFZvrjGQQ9dR,Hold on,0,274533,31oMMIBDMM2Z1RQO7u8irE,Side A,1,2urphK2gaVU9oJxhRAUjKE,hugot opm
1mMuzbHbQIMHp2LC9cnIwE,Rainbow's End,0,282946,31oMMIBDMM2Z1RQO7u8irE,Side A,1,2urphK2gaVU9oJxhRAUjKE,hugot opm
1mGqXQ83eyFpIGRXbQI11L,Each day with you,0,252080,4LTJwj8UNLy3ApvH7XUiiq,Martin Nievera,1,2urphK2gaVU9oJxhRAUjKE,hugot opm
5Kidpm3UfdhJleriK6I1CE,Say that you love me,0,272546,4LTJwj8UNLy3ApvH7XUiiq,Martin Nievera,1,2urphK2gaVU9oJxhRAUjKE,hugot opm
4WpvEb2jf1P6T9duKqZkHK,Ikaw ang lahat sa akin,0,293733,4LTJwj8UNLy3ApvH7XUiiq,Martin Nievera,1,2urphK2gaVU9oJxhRAUjKE,hugot opm
6cmiHEHZDXrO5KPRxMGNtc,I Need You Back,0,213813,2tOIdpZFzB2c52UdHnj5LW,Raymond Lauchengco,1,2urphK2gaVU9oJxhRAUjKE,hugot opm
0RnPAeSnWthFztGiQVHFRv,Sana Ay Malaman Mo,0,337000,5uRUbTUQysRUR7PUy7pimM,Ric Segreto,1,2urphK2gaVU9oJxhRAUjKE,hugot opm
7n0KngHj0ieZxjzAmGYd6S,Give Me A Chance,0,196333,5uRUbTUQysRUR7PUy7pimM,Ric Segreto,1,2urphK2gaVU9oJxhRAUjKE,hugot opm
7K6971OI9Nohx0mqyKS321,Gaya Ng Dati,10,300628,0RHiqaoRCsFLPeEuj3OQz4,Gary Valenciano,1,2urphK2gaVU9oJxhRAUjKE,hugot opm
6NqT23B1ZgwQOUydgugQcS,Di Na Natuto,28,360373,0RHiqaoRCsFLPeEuj3OQz4,Gary Valenciano,1,2urphK2gaVU9oJxhRAUjKE,hugot opm
7EUCBzWMZO1fz2smnCVcCw,Narito,32,258995,0RHiqaoRCsFLPeEuj3OQz4,Gary Valenciano,1,2urphK2gaVU9oJxhRAUjKE,hugot opm
6voLvE0VT6FE5RRg2Vc2aX,Akoy Sa'Yo,0,317813,1wOZrAWxddHrRnONyLCjsq,First Circle,1,2urphK2gaVU9oJxhRAUjKE,hugot opm
1vR1SccQExdIStNalSI0a2,One Hello,0,214133,14JBboD1LaDlkSM0GsSa40,Pops Fernandez,1,2urphK2gaVU9oJxhRAUjKE,hugot opm
3nwzuzKNhSCdt8wbDPx2GM,Goodbye To Love,0,200400,14JBboD1LaDlkSM0GsSa40,Pops Fernandez,1,2urphK2gaVU9oJxhRAUjKE,hugot opm
33hHFUHa5lqhGgKZDITsyW,Don't say goodbye,0,260000,14JBboD1LaDlkSM0GsSa40,Pops Fernandez,1,2urphK2gaVU9oJxhRAUjKE,hugot opm
7lvr1DwG78dutURkiosUVF,If I Believed,0,231426,00RJAkLnjGx4kVWVJbOJx1,Carol Banawa,1,2urphK2gaVU9oJxhRAUjKE,hugot opm
55DEQZZ1traulfeH3ax3KL,The First Time I Loved Forever,0,182413,00RJAkLnjGx4kVWVJbOJx1,Carol Banawa,1,2urphK2gaVU9oJxhRAUjKE,hugot opm
3q9fEhaxpwiQOEsTDsEc80,Stay,0,262504,00RJAkLnjGx4kVWVJbOJx1,Carol Banawa,1,2urphK2gaVU9oJxhRAUjKE,hugot opm
44A07wZA9HP7XDrpDn5Ny8,Everlasting Love,0,265933,719ZCUqy59oGckcB1MzVTx,The Company,1,2urphK2gaVU9oJxhRAUjKE,hugot opm
3m2urWLjbbu4zBMHc4wuu0,Starting over Again,0,247586,29Aqsp33ANrcidwOkNJJU6,Lani Misalucha,1,2urphK2gaVU9oJxhRAUjKE,hugot opm
2ihUXb4jayaUoxmID8pgB8,Stay (On the Wings of Love Teleserye Theme),0,262086,1vg8YXdgvLLPPeXZkM7g5W,Daryl Ong,1,2urphK2gaVU9oJxhRAUjKE,hugot opm
2FvEkV0uR4nMEviaaiDYGn,If I'm Not in Love,21,225186,6ty99gP6NrhgCOkMF2ONpy,Janno Gibbs,1,2urphK2gaVU9oJxhRAUjKE,hugot opm
0nDeOp4oP4wnwzr5aEXyRV,Friend of Mine,0,204506,0IIttGAzd1Ngnsa5SQWsOL,Odette Quesada,1,2urphK2gaVU9oJxhRAUjKE,hugot opm
282TnPqgxtjzcec3H0eP7y,Photograph,43,170960,4QvYFzlTFZFg2904xx8gOu,Ariel Rivera,1,2urphK2gaVU9oJxhRAUjKE,hugot opm
0w0JBoDQXAcBUGHwtJXxqI,Now That I Have You,0,248066,719ZCUqy59oGckcB1MzVTx,The Company,1,2urphK2gaVU9oJxhRAUjKE,hugot opm
3fX6occrRQXyzQ30biKbVy,Even If,0,211693,37MhCWJuuVFFYa71Sj3Mpj,Jam Morales,1,2urphK2gaVU9oJxhRAUjKE,hugot opm
0dBg8sxoXUg8SVJBlN3Bhg,For Baby,0,278986,4kl1LM3rjWg83OBrmNlzOZ,Donna Cruz,1,2urphK2gaVU9oJxhRAUjKE,hugot opm
7GAzawxdlO3r7cXqDciytC,Just A Smile Away - APO Hiking Society Tribute Album,3,174000,6Vmp90FCN8neBZ4anl4UI6,Ivy Joy Aguila-Maniquiz,1,2urphK2gaVU9oJxhRAUjKE,hugot opm
3pagqpQxHahTiSCXZguxeN,Pag-ibig,0,192066,4RA4PC3WHM9OHZLExirTcU,APO Hiking Society,1,2urphK2gaVU9oJxhRAUjKE,hugot opm
18iIR01rzP3KgeFfOJhHGB,Show Me a Smile,0,201360,4RA4PC3WHM9OHZLExirTcU,APO Hiking Society,1,2urphK2gaVU9oJxhRAUjKE,hugot opm
1wRnLRqZL3W38L7tCugF79,Can This Be Love,0,204986,4kqsp7WTMpLUKe9GDJfY97,Smokey Mountain,1,2urphK2gaVU9oJxhRAUjKE,hugot opm
3mDWuvGM0fzvNJE6kuu6TT,Kahit Habang Buhay,0,224613,4kqsp7WTMpLUKe9GDJfY97,Smokey Mountain,1,2urphK2gaVU9oJxhRAUjKE,hugot opm
7jhElwmyKzHEGIinmF4KIh,Fallin',34,263226,6ty99gP6NrhgCOkMF2ONpy,Janno Gibbs,1,2urphK2gaVU9oJxhRAUjKE,hugot opm
0JbvjjUJ75ZRnbT9Z629Ca,Moments of Love,34,241440,"['6ty99gP6NrhgCOkMF2ONpy', '2b13AzQC2dauXDkpnX5xv7']","['Janno Gibbs', 'Jennylyn Mercado']",2,2urphK2gaVU9oJxhRAUjKE,hugot opm
3CemMEC1IQ7ZPamEZfl6BR,Say You'll Never Go,0,315373,0vkER0y96fNRbGEs6wLZxR,Neocolours,1,2urphK2gaVU9oJxhRAUjKE,hugot opm
6jsVJNWXB2anDQURWerln9,Hold On,0,290453,0vkER0y96fNRbGEs6wLZxR,Neocolours,1,2urphK2gaVU9oJxhRAUjKE,hugot opm
5fYXiqdpiUanPGjt9Pu4Ev,Tuloy Pa Rin,0,272973,0vkER0y96fNRbGEs6wLZxR,Neocolours,1,2urphK2gaVU9oJxhRAUjKE,hugot opm
0oQV1f4k6Cf4kwfOz26GfN,Maybe,0,270666,0vkER0y96fNRbGEs6wLZxR,Neocolours,1,2urphK2gaVU9oJxhRAUjKE,hugot opm
3ToQkWZmGm2iNeien5ybPt,Maybe This Time,0,202706,2b13AzQC2dauXDkpnX5xv7,Jennylyn Mercado,1,2urphK2gaVU9oJxhRAUjKE,hugot opm
7gmkwCEMuytsW5NwFrsU7R,Never Gonna Let You Go,25,280234,"['2b13AzQC2dauXDkpnX5xv7', '6ty99gP6NrhgCOkMF2ONpy']","['Jennylyn Mercado', 'Janno Gibbs']",2,2urphK2gaVU9oJxhRAUjKE,hugot opm
4jTyPPZkFyJiAYCVgDbajS,Alipin,0,272453,719ZCUqy59oGckcB1MzVTx,The Company,1,2urphK2gaVU9oJxhRAUjKE,hugot opm
6DqVfmRyTiQp3xC1fFXNNH,Of All The Things,25,195013,1GlMjIezcLwV3OFlX0uXOv,Lea Salonga,1,2urphK2gaVU9oJxhRAUjKE,hugot opm
3ynDXi01YTsb9WrIDCK9oJ,Let Me Be the One,46,280400,"['4NeCu267LZemnoq44lZYKy', '6DiAVYfSzZi8h1fGuTD6LI']","['Julie Anne San Jose', 'Jimmy Bondoc']",2,2urphK2gaVU9oJxhRAUjKE,hugot opm
4N0XG7hGoVnUKI2kuRGN1u,Kisapmata,66,280946,1ZTdxfZTeztyAgKUJVLxAI,Rivermaya,1,2urphK2gaVU9oJxhRAUjKE,hugot opm
2wz9Oj09d1jkK0YE8QTvVK,Balisong,0,219440,1ZTdxfZTeztyAgKUJVLxAI,Rivermaya,1,2urphK2gaVU9oJxhRAUjKE,hugot opm
2vVW17crZs4KInids0h9SE,241 (My Favorite Song),0,272600,1ZTdxfZTeztyAgKUJVLxAI,Rivermaya,1,2urphK2gaVU9oJxhRAUjKE,hugot opm
4JSDhJVmo2UqdF7nxbyenn,Kung Wala Ka,68,242800,6Ww3OMFzCaO33ulKh1LBFN,Hale,1,2urphK2gaVU9oJxhRAUjKE,hugot opm
6xCj7W8PkDuTmwI0MBa0uF,Firewoman,30,224400,4uYSTU2ckuHB8nfBxURSBj,Hungry Young Poets,1,2urphK2gaVU9oJxhRAUjKE,hugot opm
6CHpr3pY2MbJ5y1076UDnI,The Day You Said Goodnight - Acoustic Version,55,328533,6Ww3OMFzCaO33ulKh1LBFN,Hale,1,2urphK2gaVU9oJxhRAUjKE,hugot opm
2S80c51YXgJQhkhX603fMA,Prinsesa,62,267293,3nZa8vRD64ueq3d0JNYTsl,6cyclemind,1,2urphK2gaVU9oJxhRAUjKE,hugot opm
6NFKf8vBApSvtzkapYmnVR,Tadhana,1,222446,3wbCeEPAW6po7J46netxMT,Up Dharma Down,1,2urphK2gaVU9oJxhRAUjKE,hugot opm
7zzZmpw8L66ZPjH1M6qmOs,Migraine,65,267960,2kZThDGZcHl4klYYFk0v8n,Moonstar88,1,2urphK2gaVU9oJxhRAUjKE,hugot opm
57DJFlR1FzlZEtxyHzdCsY,BMD,20,251053,6Xx1uQPrAF37dtVMKEmvx5,CueshÃ©,1,2urphK2gaVU9oJxhRAUjKE,hugot opm
6LFcRDg88sfy0MpFUIpKvJ,When I Met You - APO Hiking Society Tribute Album,15,276906,0jehHGqZ0sX55acPEbaS0N,Out Of Luck,1,2urphK2gaVU9oJxhRAUjKE,hugot opm
5AjbSv7nkr78wzmuHEfjg0,Magkabilang Mundo,62,236705,6urxZktbtGcTIIqxQZ1d8q,Jireh Lim,1,2urphK2gaVU9oJxhRAUjKE,hugot opm
7ub42AaogkGijtfoXWMyKR,Buko,0,315973,6urxZktbtGcTIIqxQZ1d8q,Jireh Lim,1,2urphK2gaVU9oJxhRAUjKE,hugot opm
5zMR44ZH4KVZj4FlhTj3SE,Magbalik,69,326813,4HOEnLufwAqJ2qoJPVnL01,Callalily,1,2urphK2gaVU9oJxhRAUjKE,hugot opm
4QbJjJiHz3p3dYK2HwXqLP,I,52,252680,3nZa8vRD64ueq3d0JNYTsl,6cyclemind,1,2urphK2gaVU9oJxhRAUjKE,hugot opm
2wM7hjeO69ca2EjJMRyx8q,Binibini,0,274626,7ymgfUyJFViyg1qFo4M2nH,Brownman Revival,1,2urphK2gaVU9oJxhRAUjKE,hugot opm
2lnDNgTDt5Ouu5dCpvjvsF,Ikaw Lang Ang Aking Mahal,57,232013,7ymgfUyJFViyg1qFo4M2nH,Brownman Revival,1,2urphK2gaVU9oJxhRAUjKE,hugot opm
205HKpXEVef87c2rDx4uJm,Cool Off,0,221253,1J9AYwtdzwZiVW1mGkQpp6,Session Road,1,2urphK2gaVU9oJxhRAUjKE,hugot opm
2aoW8n4DHF23y9BINksrVW,Suntok Sa Buwan,0,230386,1J9AYwtdzwZiVW1mGkQpp6,Session Road,1,2urphK2gaVU9oJxhRAUjKE,hugot opm
7k0wtsJzYwU4RtodDuDKPH,Simpleng Tao - original,0,246600,7HJDRQAfEcFiARVehhM6qD,Gloc-9,1,2urphK2gaVU9oJxhRAUjKE,hugot opm
7uuirrtCr8O8fz7kQS6VUR,Pare Ko,65,325000,7374lH6kwx9uQATYQ9H3Cp,Eraserheads,1,2urphK2gaVU9oJxhRAUjKE,hugot opm
6g5obKN94RJAjha3luUExe,Sembreak,44,242493,7374lH6kwx9uQATYQ9H3Cp,Eraserheads,1,2urphK2gaVU9oJxhRAUjKE,hugot opm
0GGfPhGuWC2JGc7hlvjLXa,Alapaap,64,263000,7374lH6kwx9uQATYQ9H3Cp,Eraserheads,1,2urphK2gaVU9oJxhRAUjKE,hugot opm
4iuAGPs5hlZqsKsS0ZnyWB,Minsan,55,254333,7374lH6kwx9uQATYQ9H3Cp,Eraserheads,1,2urphK2gaVU9oJxhRAUjKE,hugot opm
1NopgVCMVhCKIm64tF7auX,With A Smile,68,278173,7374lH6kwx9uQATYQ9H3Cp,Eraserheads,1,2urphK2gaVU9oJxhRAUjKE,hugot opm
1lan3CApvveTezmBBGzsGu,Magasin,62,248840,7374lH6kwx9uQATYQ9H3Cp,Eraserheads,1,2urphK2gaVU9oJxhRAUjKE,hugot opm
11z9XKmqywLusY7r3zPWaB,Butterscotch,27,276160,7374lH6kwx9uQATYQ9H3Cp,Eraserheads,1,2urphK2gaVU9oJxhRAUjKE,hugot opm
2oxpnUxDY07G0DSTKYQYvv,Sa Wakas,25,155666,7374lH6kwx9uQATYQ9H3Cp,Eraserheads,1,2urphK2gaVU9oJxhRAUjKE,hugot opm
3Yb2JVsh33v17rAou2mNnN,Waiting For The Bus,35,206000,7374lH6kwx9uQATYQ9H3Cp,Eraserheads,1,2urphK2gaVU9oJxhRAUjKE,hugot opm
5aeUAKVIJseJpFQetiDard,Fine Time,42,180333,7374lH6kwx9uQATYQ9H3Cp,Eraserheads,1,2urphK2gaVU9oJxhRAUjKE,hugot opm
2A3CzmtFj1sK6W1qQtBz86,Huwag Mo Nang Itanong,58,249333,7374lH6kwx9uQATYQ9H3Cp,Eraserheads,1,2urphK2gaVU9oJxhRAUjKE,hugot opm
6vZY4qmjHQw8BkocWY6LdO,Fill Her,44,107173,7374lH6kwx9uQATYQ9H3Cp,Eraserheads,1,2urphK2gaVU9oJxhRAUjKE,hugot opm
720V7AnwXjC8IJnSRLokEw,Fruitcake,37,300693,7374lH6kwx9uQATYQ9H3Cp,Eraserheads,1,2urphK2gaVU9oJxhRAUjKE,hugot opm
0XQJBON0zlZAGjAzqECd3K,Shadow,27,157866,7374lH6kwx9uQATYQ9H3Cp,Eraserheads,1,2urphK2gaVU9oJxhRAUjKE,hugot opm
4D7fbbvwE6os8ZalI8F9c1,Trip To Jerusalem,23,375266,7374lH6kwx9uQATYQ9H3Cp,Eraserheads,1,2urphK2gaVU9oJxhRAUjKE,hugot opm
47FBi8vqUr5nH2j2QWD4RR,Lightyears,29,258733,7374lH6kwx9uQATYQ9H3Cp,Eraserheads,1,2urphK2gaVU9oJxhRAUjKE,hugot opm
60rkq0VvIG13zzwdTFlzdA,Santa Ain't Comin' No Mo,17,171866,7374lH6kwx9uQATYQ9H3Cp,Eraserheads,1,2urphK2gaVU9oJxhRAUjKE,hugot opm
0keQ1tBbYve33j3D827bAO,Christmas Party,31,244400,7374lH6kwx9uQATYQ9H3Cp,Eraserheads,1,2urphK2gaVU9oJxhRAUjKE,hugot opm
6TAshhZUKKDhDDdkJOIne2,Christmas Morning,20,243400,7374lH6kwx9uQATYQ9H3Cp,Eraserheads,1,2urphK2gaVU9oJxhRAUjKE,hugot opm
5hagctxftYOW3FREpLevH7,Kaliwete,40,187173,7374lH6kwx9uQATYQ9H3Cp,Eraserheads,1,2urphK2gaVU9oJxhRAUjKE,hugot opm
4B4W2YJB2BpeOY9sKJ1ttM,Ha Ha Ha,23,282440,7374lH6kwx9uQATYQ9H3Cp,Eraserheads,1,2urphK2gaVU9oJxhRAUjKE,hugot opm
6wGyV4BOdrtWYgHY6F9IUD,Balikbayan Box,38,312693,7374lH6kwx9uQATYQ9H3Cp,Eraserheads,1,2urphK2gaVU9oJxhRAUjKE,hugot opm
0I5Z0p0cLWdyJNC6sqMTwD,Spoliarium,60,326760,7374lH6kwx9uQATYQ9H3Cp,Eraserheads,1,2urphK2gaVU9oJxhRAUjKE,hugot opm
7lLdrBmH63e9P1BDRx9eQI,Hard To Believe,30,211000,7374lH6kwx9uQATYQ9H3Cp,Eraserheads,1,2urphK2gaVU9oJxhRAUjKE,hugot opm
2d7NEsj5lvDCTzsK07MRlW,Julie Tearjerky,31,215293,7374lH6kwx9uQATYQ9H3Cp,Eraserheads,1,2urphK2gaVU9oJxhRAUjKE,hugot opm
6q8Hzgy0AUALt14m5hUb1e,Huwag Kang Matakot,59,189680,7374lH6kwx9uQATYQ9H3Cp,Eraserheads,1,2urphK2gaVU9oJxhRAUjKE,hugot opm
61jPZwzRkdQ0dZP3bDtyTX,Tuwing Umuulan At Kapiling Ka,52,283493,7374lH6kwx9uQATYQ9H3Cp,Eraserheads,1,2urphK2gaVU9oJxhRAUjKE,hugot opm
30LQGhfp9YOmEFzuNmNzLz,However Which Way,26,268093,1O5rl0K2M7NDlfgE9ChFfq,Introvoys,1,2urphK2gaVU9oJxhRAUjKE,hugot opm
54IoFwtSsQw7ejPKbHVuG4,I Think I'm In Love,0,201426,0ntzbBdKbiyPx06Xscs9UI,Kuh Ledesma,1,2urphK2gaVU9oJxhRAUjKE,hugot opm
0GmCJqtnQZmpcOBDiQkJqT,Lullabye,22,205720,1O5rl0K2M7NDlfgE9ChFfq,Introvoys,1,2urphK2gaVU9oJxhRAUjKE,hugot opm
6k3b9NQnivP9wUhA7PgbOU,To Love Again,7,290680,1vg8YXdgvLLPPeXZkM7g5W,Daryl Ong,1,2urphK2gaVU9oJxhRAUjKE,hugot opm
4p6PqX80scbKiKLiy40Yw8,Suddenly,0,237276,"['2b13AzQC2dauXDkpnX5xv7', '4U78sK2D3zASSB6oSR38GQ']","['Jennylyn Mercado', 'Christian Bautista']",2,2urphK2gaVU9oJxhRAUjKE,hugot opm
0gdTyNxhTOaY4pTfQGD16w,Till My Heartaches End,32,247594,2b13AzQC2dauXDkpnX5xv7,Jennylyn Mercado,1,2urphK2gaVU9oJxhRAUjKE,hugot opm
4T0J3i8yPe8IZ1gAenzJNu,It Takes a Man and a Woman,0,229306,6aiCKnIN68hohzU3ZzNq48,Sarah Geronimo,1,2urphK2gaVU9oJxhRAUjKE,hugot opm
3DS3fB8dmzJmj90A7WXmyj,Kung Sakali,56,250920,1t2caVgyabZrVDAlmMGraV,Michael Pangilinan,1,1QEcxHqZEBqbcPrC3mrdcU,Hugot OPM
1vzxlhQ3dujloZsqeO3Wei,Ikaw At Ako,61,287971,2zFBNsALb4M2FhKl98wcvd,Johnoy Danao,1,1QEcxHqZEBqbcPrC3mrdcU,Hugot OPM
5IIWMpj17kuk0KVjkAL6Ju,"Gusto Ko Nang Bumitaw - from ""The Broken Marriage Vow""",60,271846,62WbvkXqQGvXQvw74GU3kQ,Morissette,1,1QEcxHqZEBqbcPrC3mrdcU,Hugot OPM
36cSutsYPF8yf9cu9xc0TK,Maging Sino Ka Man,38,206566,6mVzqdn9XcKPzW7W9yOoC8,Kim Molina,1,1QEcxHqZEBqbcPrC3mrdcU,Hugot OPM
5GLwOVBAeanqqQXc4z8DgZ,Pagibig Ko'Y Pansinin - Stairway to Heaven Theme,46,246013,34cGwuKaXOEJlytCGL1egm,Faith Cuneta,1,1QEcxHqZEBqbcPrC3mrdcU,Hugot OPM
7sbCGaQ050jET6mQpcpimT,Walang Iba,59,268693,4flyhH0Zv4Dub2HzZQN7tZ,Ezra Band,1,1QEcxHqZEBqbcPrC3mrdcU,Hugot OPM
5clVv8lST63jkbFACyhob3,Lason Mong Halik,62,238605,6IGHpZDinQ5XCihUOY7Kx5,Katrina Velarde,1,1QEcxHqZEBqbcPrC3mrdcU,Hugot OPM
2mvctj1Dsqzn3pnDPUfLAx,Sa Isip Ko,3,220502,4BNWanhw4AjSXjBm9L1Jzy,Juris,1,4qFgUZucr2xW5BZHHs7Quk,Hugot OPM ðŸŒ»
6kf4GndU6a3XHKJ91Ja7VL,Kapag Ako Ay Nagmahal,0,255977,4BNWanhw4AjSXjBm9L1Jzy,Juris,1,4qFgUZucr2xW5BZHHs7Quk,Hugot OPM ðŸŒ»
65e0XhogammwZhQ2i06vQG,Paalam Na,38,310440,1Imlf2KHeVnyY2bkZe1bNC,Klarisse,1,4qFgUZucr2xW5BZHHs7Quk,Hugot OPM ðŸŒ»
0dqbiw7833wB9Trzgn2h4A,Mahal Mo Pa Ba Ako,30,256720,1Imlf2KHeVnyY2bkZe1bNC,Klarisse,1,4qFgUZucr2xW5BZHHs7Quk,Hugot OPM ðŸŒ»
1IooDMR3MElhltQX75l3KT,Ikaw Ay Ako,48,246760,"['1Imlf2KHeVnyY2bkZe1bNC', '62WbvkXqQGvXQvw74GU3kQ']","['Klarisse', 'Morissette']",2,4qFgUZucr2xW5BZHHs7Quk,Hugot OPM ðŸŒ»
6ZHKSAcOQpaZuQOruOPH8R,Wala Na Talaga,10,278973,1Imlf2KHeVnyY2bkZe1bNC,Klarisse,1,4qFgUZucr2xW5BZHHs7Quk,Hugot OPM ðŸŒ»
6GNNxVIW7odsFmuRfQihxM,Ayoko Na Sana,44,194453,4QvYFzlTFZFg2904xx8gOu,Ariel Rivera,1,4qFgUZucr2xW5BZHHs7Quk,Hugot OPM ðŸŒ»
4r7uXnwJsxhrqceeyvfrXF,Halaga,37,352680,2XHTklRsNMOOQT56Zm3WS4,Parokya Ni Edgar,1,4qFgUZucr2xW5BZHHs7Quk,Hugot OPM ðŸŒ»
1JGrvNWATsIoBRLQXOC3Nv,Hanggang Ngayo'y Mahal,39,224666,6NEo2X59zgMncDWRLEOcs0,JAYA,1,4qFgUZucr2xW5BZHHs7Quk,Hugot OPM ðŸŒ»
5Ygv1eyY121pulBFUuTnNK,At Ang Hirap,48,257506,7DW4ijH3n36QN0RlC0n649,Angeline Quinto,1,4qFgUZucr2xW5BZHHs7Quk,Hugot OPM ðŸŒ»
0YRWPhLCzAMLH0gchiG84e,Kung Naging Tayong Dalawa,44,229866,6IGHpZDinQ5XCihUOY7Kx5,Katrina Velarde,1,4qFgUZucr2xW5BZHHs7Quk,Hugot OPM ðŸŒ»
2UT99g3NYrnkDJ8MWvrBqo,Ikaw Lang Ang Mahal,46,226733,4kl1LM3rjWg83OBrmNlzOZ,Donna Cruz,1,4qFgUZucr2xW5BZHHs7Quk,Hugot OPM ðŸŒ»
5y6a8OkJiTSC5uo1yFfskM,Tayo Lang Dalawa,44,241840,4kl1LM3rjWg83OBrmNlzOZ,Donna Cruz,1,4qFgUZucr2xW5BZHHs7Quk,Hugot OPM ðŸŒ»
0UqhXNYxSxSCxuBvINoPpm,Bakit Ikaw Pa Rin,43,274106,6UQTbEpZKmU9aSUUBEjVnS,Maricris Garcia,1,4qFgUZucr2xW5BZHHs7Quk,Hugot OPM ðŸŒ»
5clVv8lST63jkbFACyhob3,Lason Mong Halik,62,238605,6IGHpZDinQ5XCihUOY7Kx5,Katrina Velarde,1,4qFgUZucr2xW5BZHHs7Quk,Hugot OPM ðŸŒ»
4Yp1a9HZjtnNCd577RLYp2,Kay Tagal,59,219966,2JEIN1g27pZdm3hKB9EwE5,Mark Carpio,1,4qFgUZucr2xW5BZHHs7Quk,Hugot OPM ðŸŒ»
0R16V3ua0CNeRJN7YygKWW,Balang Araw,43,277000,"['4hNZMb0muFmkx2LFZwlFcM', '6IGHpZDinQ5XCihUOY7Kx5']","['Budakhel', 'Katrina Velarde']",2,4qFgUZucr2xW5BZHHs7Quk,Hugot OPM ðŸŒ»
42O7mssBsIgd7hSbHIDQM8,Hanggang May Kailanman,37,261146,00RJAkLnjGx4kVWVJbOJx1,Carol Banawa,1,4qFgUZucr2xW5BZHHs7Quk,Hugot OPM ðŸŒ»
6qbv1FJeEgzKC2D66xvLFa,Pwede Bang Ako Na Lang Ulit,9,255559,0kRAKgEOVI43Qkz9PLmPt8,Bugoy Drilon,1,4qFgUZucr2xW5BZHHs7Quk,Hugot OPM ðŸŒ»
3Sci6bvEJ9pjzSMuEVIzQF,Dahan-Dahan,49,198666,6cXE5RU6ad2uzeRUxh7Olj,MAJA,1,4qFgUZucr2xW5BZHHs7Quk,Hugot OPM ðŸŒ»
0ZYNxGSgpHxhRME8KjTMnH,Ikaw Pala,51,253853,11Jdq2gOTBhmfEYmFrZlue,Kris Lawrence,1,4qFgUZucr2xW5BZHHs7Quk,Hugot OPM ðŸŒ»
1uzbth6cgmu0rl5MVfdtdA,"Sana (Love Theme From ""Captain Barbell"")",45,219240,2TnJoEY5ctCfKaCwosowyY,Shamrock,1,4qFgUZucr2xW5BZHHs7Quk,Hugot OPM ðŸŒ»
