track_id,track_name,artist_id,artist_name,album_id,duration,release_date,popularity,danceability,energy,key,loudness,mode,speechiness,acousticness,instrumentalness,liveness,valence,tempo,duration_ms,playlist_id,playlist_name
1X4l4i472kW5ofFP8Xo0x0,Sana - Single Version,7tKpXx21KVUOR6vvDs6xtg,I Belong to the Zoo,4njOhY51h2CBqdAX4o41U1,277098,2018-04-28,2,0.66,0.373,7,-7.874,1,0.029,0.701,0.0,0.226,0.348,126.887,277099,59QIXpZaBFTJvnZvn2TJzZ,HUGOT OPM
5S4T2Pdr8qhetF3UhkwuMj,'Di Na Babalik,5HIZU0JzM0AgfItVOm4E08,This Band,7zJxOlHuAGpCC7ZtKHm0Rz,340262,2019-02-03,0,0.358,0.435,10,-7.265,1,0.0349,0.00819,0.000936,0.112,0.14,76.132,340262,59QIXpZaBFTJvnZvn2TJzZ,HUGOT OPM
3WUEs51GpcvlgU7lehLgLh,Kathang Isip,4DAcJXcjX0zlQAZAPAx4Zb,Ben&Ben,4nQxblVnnFPehg9ujzdJ8L,318814,2017-06-23,73,0.491,0.314,10,-8.58,1,0.0301,0.776,4.76e-06,0.152,0.295,126.921,318814,59QIXpZaBFTJvnZvn2TJzZ,HUGOT OPM
5NXdUJ3Z2jhlp2u1cj6f7m,Balang Araw - Single Version,7tKpXx21KVUOR6vvDs6xtg,I Belong to the Zoo,6HPFW4F5tgbVGfFatG5CUw,288207,2018-10-23,0,0.523,0.391,7,-9.283,1,0.0298,0.395,0.0,0.142,0.354,139.905,288208,59QIXpZaBFTJvnZvn2TJzZ,HUGOT OPM
5V2AX2WTOHl2FKtftvisV6,Kahit Ayaw Mo Na,5HIZU0JzM0AgfItVOm4E08,This Band,4sChUazv5CQPX1V3VqVsqV,243015,2018-02-02,0,0.662,0.529,2,-8.539,1,0.0351,0.341,0.000208,0.105,0.424,127.584,243015,59QIXpZaBFTJvnZvn2TJzZ,HUGOT OPM
5nMKJJ5Rl6X1yn58aVeICO,Bulong,4qFxP3qN9GsnZDOkAE6x2m,December Avenue,6anqXAk4NZxdkUwvpfUqsB,270233,2018-04-08,63,0.5,0.728,9,-5.472,0,0.0313,0.0319,0.0,0.0782,0.351,134.877,270233,59QIXpZaBFTJvnZvn2TJzZ,HUGOT OPM
1yDiru08Q6omDOGkZMPnei,Maybe The Night,4DAcJXcjX0zlQAZAPAx4Zb,Ben&Ben,6LhZ3QMHGJeTes9cCTxK8e,217197,2017-10-27,68,0.572,0.522,2,-9.095,1,0.0367,0.113,4.91e-05,0.114,0.498,74.05,217197,59QIXpZaBFTJvnZvn2TJzZ,HUGOT OPM
0gDRtumoR9ZrvAlnniToMz,Ikaw At Ako,0rZRTXEmmPmx6gt92tBqIc,Moira Dela Torre,397zfeJ75BlnjfUEkgtwlG,269876,2019-01-15,15,0.445,0.355,4,-7.351,1,0.0289,0.887,0.00179,0.322,0.366,135.525,269877,59QIXpZaBFTJvnZvn2TJzZ,HUGOT OPM
6GIzDc4xBUeYHwubWwTrhC,Kahit Di Mo Alam,4qFxP3qN9GsnZDOkAE6x2m,December Avenue,1aUdCxhin4mQevKWVLrtNN,282094,2017-09-17,61,0.45,0.648,10,-4.516,1,0.0308,0.132,2.37e-05,0.11,0.282,144.814,282094,59QIXpZaBFTJvnZvn2TJzZ,HUGOT OPM
5l9g7py8RCblcvbZgGQgSd,Pagtingin,4DAcJXcjX0zlQAZAPAx4Zb,Ben&Ben,7xCcuTA3abKwxj8HwgxP7R,227370,2019-05-12,70,0.669,0.42,2,-8.464,1,0.0253,0.506,0.0,0.404,0.523,95.049,227370,59QIXpZaBFTJvnZvn2TJzZ,HUGOT OPM
14BG5B1EJSCyNpZt096xXc,"Patawad, Paalam",0rZRTXEmmPmx6gt92tBqIc,Moira Dela Torre,4Lavp71TTVIdkw8yNY8LhA,323140,2019-06-14,4,0.472,0.288,2,-8.213,1,0.0318,0.865,1.01e-05,0.131,0.193,77.987,323140,59QIXpZaBFTJvnZvn2TJzZ,HUGOT OPM
6BxJLJw228OY5BFerPGl7z,Dahan,4qFxP3qN9GsnZDOkAE6x2m,December Avenue,5ZMRUtgLCoeyhrDdRhSXij,297500,2019-02-14,57,0.516,0.529,10,-6.596,1,0.0257,0.318,0.0,0.198,0.295,129.973,297501,59QIXpZaBFTJvnZvn2TJzZ,HUGOT OPM
7Livy729zY16jBsppfYLRW,Nang Iwan,5HIZU0JzM0AgfItVOm4E08,This Band,52Pn30zsnFftA4VfNH1V8O,367889,2019-07-26,0,0.431,0.556,2,-7.077,1,0.0338,0.101,0.0,0.12,0.318,149.775,367890,59QIXpZaBFTJvnZvn2TJzZ,HUGOT OPM
2BgD4nRyx9EZ5o8YEnjRSV,Kung 'Di Rin Lang Ikaw,4qFxP3qN9GsnZDOkAE6x2m,December Avenue,15ufxdU6r8niuSmA9nu3ly,267759,2018-07-22,66,0.502,0.482,4,-4.736,1,0.0288,0.161,0.0,0.187,0.132,133.894,267759,59QIXpZaBFTJvnZvn2TJzZ,HUGOT OPM
4yLc803i7qcWx4V2piWPH5,Magkunwari ('Di Man Tayo) [TODA One I Love Official Soundtrack],4qFxP3qN9GsnZDOkAE6x2m,December Avenue,3PM0o72L1hzQImMRAlL8iU,278181,2019-02-07,55,0.523,0.699,11,-4.689,1,0.029,0.061,0.0,0.363,0.283,131.878,278182,59QIXpZaBFTJvnZvn2TJzZ,HUGOT OPM
5f9808hpiCpuNyqqdXmpF2,Buwan,0a4r2EnsevvHCukoJ1xFwJ,juan karlos,2CF1utwLM2yXHMZhwFGVY1,343446,2018-06-22,71,0.631,0.381,7,-11.808,1,0.04,0.447,0.000171,0.0902,0.36,126.008,343446,59QIXpZaBFTJvnZvn2TJzZ,HUGOT OPM
6wdCelHrPh7UfliNjwRTUv,Leaves,4DAcJXcjX0zlQAZAPAx4Zb,Ben&Ben,5Yl1Bi501CuE72jaVK4e3y,310708,2017-03-31,71,0.447,0.16,6,-10.896,1,0.0372,0.913,0.0,0.0891,0.205,118.313,310709,59QIXpZaBFTJvnZvn2TJzZ,HUGOT OPM
50hVyhZM4nvizfrQe38F3l,Hindi Na Nga,5HIZU0JzM0AgfItVOm4E08,This Band,1nZbFWVgFXFLQZ067FQdV8,282442,2018-09-14,0,0.396,0.413,7,-11.566,1,0.0334,0.0877,2.95e-05,0.124,0.108,136.818,282442,59QIXpZaBFTJvnZvn2TJzZ,HUGOT OPM
5v8C6zQNQoS9i2brAIaVVU,"Hindi Tayo Pwede (from the movie ""Indak"")",09Xydf4dlkr29dH99DmsvQ,Janine,20qvPcDu0Al1dVZFNhFZfE,263221,2019-05-31,0,0.479,0.393,8,-8.996,1,0.0531,0.582,0.182,0.0587,0.16,163.733,263221,59QIXpZaBFTJvnZvn2TJzZ,HUGOT OPM
02GtNoUv85fOPEaCTlpYzr,"Kapit (From ""Alone / Together"")",7bT6URJrhJleZUfkrysELD,Armi Millare,007PEQI4gziBAgnjbEuXWG,242933,2019-02-13,46,0.381,0.323,1,-11.428,1,0.0272,0.743,2.38e-06,0.0769,0.417,87.622,242934,59QIXpZaBFTJvnZvn2TJzZ,HUGOT OPM
4fxHK6mhA9vli9NjpBSbGi,Isang Araw,0xNog7ZdcTq9sJFiIXJJTH,Kaye Cal,77ZkVwowfs27AEXl6GHiET,287400,2017-03-17,3,0.466,0.342,4,-8.191,1,0.03,0.613,0.0,0.124,0.21,135.616,287400,59QIXpZaBFTJvnZvn2TJzZ,HUGOT OPM
4u8RkgV6P4TLi89SmlUtv8,Mundo,4k9wp4ipHdA1bu1T4x1ZTG,IV Of Spades,2p6QlBCrnKwUFC0wPN1kfV,349713,2018-02-14,73,0.705,0.401,6,-8.9,1,0.0376,0.176,8.66e-06,0.0735,0.481,140.031,349713,59QIXpZaBFTJvnZvn2TJzZ,HUGOT OPM
2ZiNCGDMapQzMtnPRVOKZI,Di Makatulog,0jKQrxK2zHqxyOAyIMrUQt,SUD,5rTKoqwiq0QSU31UV3AYSf,329396,2017-06-30,56,0.505,0.393,7,-10.426,1,0.027,0.257,5.1e-05,0.101,0.262,145.818,329397,59QIXpZaBFTJvnZvn2TJzZ,HUGOT OPM
6ipu0NJW6CpYZjHnUo1xxS,Walang Hanggan,4N7VMCvYd9Reh5bJLnRVzY,Quest,2IBmq6xrexEVDk3Vo5lrbD,383703,2016-05-20,51,0.457,0.244,4,-15.52,1,0.0735,0.907,0.000608,0.0925,0.396,107.196,383704,59QIXpZaBFTJvnZvn2TJzZ,HUGOT OPM
24bmXekGRqVFRlPYdfzyJr,Midnight Sky,30mZI7Hw2MhoarTVYxfyZM,Unique Salonga,60qph1sDjhgZtPR4IEnu5Y,244426,2018-08-13,0,0.495,0.149,5,-8.379,1,0.0409,0.904,3.77e-05,0.109,0.179,120.322,244427,59QIXpZaBFTJvnZvn2TJzZ,HUGOT OPM
00mBzIWv5gHOYxwuEJXjOG,Sa Ngalan Ng Pag-Ibig,4qFxP3qN9GsnZDOkAE6x2m,December Avenue,7xconhHQKj7Be4P2KvUmFz,285138,2017-04-29,65,0.518,0.762,7,-3.907,1,0.0305,0.0851,0.0,0.148,0.271,155.985,285138,59QIXpZaBFTJvnZvn2TJzZ,HUGOT OPM
24ngpWhBOxKJtIPnzSNX8c,Huling Sandali (Tayo Sa Huling Buwan Ng Taon Official Soundtrack),4qFxP3qN9GsnZDOkAE6x2m,December Avenue,3CN06MwHmNd9UWGu424J42,343017,2019-04-07,66,0.465,0.592,4,-4.905,1,0.0293,0.0208,1.51e-06,0.0929,0.117,139.867,343018,59QIXpZaBFTJvnZvn2TJzZ,HUGOT OPM
2IMODbij0lZ5CuAjZi0IDE,Sila,0jKQrxK2zHqxyOAyIMrUQt,SUD,0qwujayb77utSpftsXjdP3,326000,2015-07-31,63,0.635,0.376,9,-6.1,1,0.0457,0.0104,0.0,0.109,0.28,124.57,326000,59QIXpZaBFTJvnZvn2TJzZ,HUGOT OPM
3vGkyQlCw8LklNip0ZUELC,Nobela,70ljCILl0aVXitf3K39YvT,Join The Club,7kzETZloUVbyQLuqDnLPVV,291506,2016-04-01,69,0.358,0.548,8,-5.998,1,0.027,0.36,0.0,0.173,0.518,163.434,291507,59QIXpZaBFTJvnZvn2TJzZ,HUGOT OPM
0dJPIIlTmVM0lambbFgAYq,Eroplanong Papel,4qFxP3qN9GsnZDOkAE6x2m,December Avenue,2xDMXQrLcUxzsAdpdlLPZh,303880,2017-03-20,69,0.471,0.647,0,-3.549,1,0.0347,0.00753,0.0,0.111,0.15,138.998,303880,59QIXpZaBFTJvnZvn2TJzZ,HUGOT OPM
4JSDhJVmo2UqdF7nxbyenn,Kung Wala Ka,6Ww3OMFzCaO33ulKh1LBFN,Hale,4iaCi771IT9I2xwtnXnjlx,242800,2004,68,0.5,0.339,7,-7.301,1,0.0263,0.71,0.00222,0.108,0.152,136.427,242800,59QIXpZaBFTJvnZvn2TJzZ,HUGOT OPM
1IlSaQ2FzymQC3vwWnXSa6,Sana Bumalik,0jKQrxK2zHqxyOAyIMrUQt,SUD,5F2qhffp3rIBvzfFDGiX4D,353941,2018-06-22,46,0.525,0.333,0,-9.517,1,0.0328,0.498,0.000109,0.302,0.247,135.873,353941,59QIXpZaBFTJvnZvn2TJzZ,HUGOT OPM
0ztDBQdQmdVZvorSmIjMih,Tagpuan,0rZRTXEmmPmx6gt92tBqIc,Moira Dela Torre,05rQadwAVYTpNNnBoeTuj0,260240,2018-02-19,14,0.566,0.121,8,-8.206,1,0.0345,0.862,0.0,0.0788,0.293,135.268,260240,59QIXpZaBFTJvnZvn2TJzZ,HUGOT OPM
6YEO7K4hwGKh7BmNxMMvkc,Oks Lang,2U5mF0PZqGu6glnz55yY0y,John Roa,6c91nspPojdT3JhVNfNu9N,336369,2018-02-14,0,0.313,0.237,9,-14.538,1,0.0451,0.855,0.000386,0.0961,0.165,80.13,336369,59QIXpZaBFTJvnZvn2TJzZ,HUGOT OPM
5UhpceEr5XmbVwyoIUIRnh,Hanggang Kailan - Umuwi Ka Na Baby,1EUmQM6xgUQLUkJVcvSdey,Orange & Lemons,0S0yaR1MiuHfyAZPAtChVc,261866,2005-03-24,2,0.556,0.674,0,-5.563,1,0.0296,0.116,2.19e-06,0.226,0.399,146.433,261867,59QIXpZaBFTJvnZvn2TJzZ,HUGOT OPM
1mTROTnvFi7uxGciL319Kb,Sa Dulo Ng Walang Hanggan - Sa Ngalan Ng Pag-Ibig Piano Version,4qFxP3qN9GsnZDOkAE6x2m,December Avenue,2hT2tmiAlFVF4waIOHNWqA,342067,2018-12-09,58,0.605,0.336,11,-8.732,1,0.0362,0.828,0.0,0.104,0.198,127.907,342068,59QIXpZaBFTJvnZvn2TJzZ,HUGOT OPM
0x2VgHoxUxKFbIUqQur8Fe,Sino,30mZI7Hw2MhoarTVYxfyZM,Unique Salonga,60qph1sDjhgZtPR4IEnu5Y,280426,2018-08-13,1,0.676,0.43,11,-10.563,1,0.0232,0.168,0.0299,0.109,0.23,104.982,280427,59QIXpZaBFTJvnZvn2TJzZ,HUGOT OPM
6M21eWbEw74XDdoQsNIinq,Malaya (Camp Sawi Original Motion Picture Soundtrack),0rZRTXEmmPmx6gt92tBqIc,Moira Dela Torre,52xu8EP3ABmpNk0LUzF3ih,254249,2017-09-18,57,0.374,0.125,7,-14.847,1,0.0383,0.852,4.66e-06,0.321,0.108,114.694,254250,59QIXpZaBFTJvnZvn2TJzZ,HUGOT OPM
6NFKf8vBApSvtzkapYmnVR,Tadhana,3wbCeEPAW6po7J46netxMT,Up Dharma Down,4SjshYHT8OeSHB6zun2Hxx,222446,2012-12-07,1,0.686,0.322,6,-13.2,1,0.0369,0.165,0.0296,0.0809,0.511,155.982,222447,59QIXpZaBFTJvnZvn2TJzZ,HUGOT OPM
4UgtdWy4dm7vMVIupUbtMm,Huling Sayaw - Acoustic,4GBFKKuwmZUnAJt6nBal7A,Kamikazee,0HYAcVSUVkfxzHKgHu6DqR,260253,2012-01-01,1,0.611,0.308,4,-7.999,1,0.0272,0.865,0.0,0.125,0.315,135.015,260253,59QIXpZaBFTJvnZvn2TJzZ,HUGOT OPM
7gWKGNeHjIDUkNreiYYNdm,Oo,3wbCeEPAW6po7J46netxMT,Up Dharma Down,2XZd988bbXkKBzaVklQbcb,239000,2006-01-01,0,0.583,0.626,11,-7.485,0,0.153,0.465,4.16e-06,0.204,0.6,155.13,239000,59QIXpZaBFTJvnZvn2TJzZ,HUGOT OPM
1PUWUlqe6m5HqX754lN3Bs,Mitsa (Salamat),4DAcJXcjX0zlQAZAPAx4Zb,Ben&Ben,7xCcuTA3abKwxj8HwgxP7R,265476,2019-05-12,50,0.425,0.658,9,-6.739,1,0.0349,0.355,1.99e-06,0.0836,0.293,122.366,265476,59QIXpZaBFTJvnZvn2TJzZ,HUGOT OPM
4MyiyNOHtnvjVuEhs9yOl9,Hanggang Dito Na Lang,6DiAVYfSzZi8h1fGuTD6LI,Jimmy Bondoc,4CAVspzfw7Na5h5bBysF4W,371386,2009-01-13,50,0.503,0.265,8,-9.674,1,0.0305,0.873,0.0,0.114,0.345,141.849,371387,59QIXpZaBFTJvnZvn2TJzZ,HUGOT OPM
7h4W9blGxYCkKJ3dxPZ84j,Dulo Ng Hangganan,4k9wp4ipHdA1bu1T4x1ZTG,IV Of Spades,5mGR6qKnpILzSzq1yyAUXk,328303,2019-01-18,69,0.565,0.565,9,-8.52,1,0.0368,0.494,0.00262,0.127,0.35,136.042,328303,59QIXpZaBFTJvnZvn2TJzZ,HUGOT OPM
2iOnWSWcChoGmUufbrQ00e,Tagu-Taguan,0rZRTXEmmPmx6gt92tBqIc,Moira Dela Torre,05rQadwAVYTpNNnBoeTuj0,249160,2018-02-19,11,0.633,0.28,2,-11.192,1,0.0389,0.831,8.83e-05,0.113,0.152,87.963,249160,59QIXpZaBFTJvnZvn2TJzZ,HUGOT OPM
1fXHTDYsJiFOjVWITaFp1j,Ride Home,4DAcJXcjX0zlQAZAPAx4Zb,Ben&Ben,308xacxloeHSt2tzLCWli0,326885,2017-01-23,59,0.613,0.551,4,-8.79,1,0.0332,0.235,0.000672,0.175,0.432,114.11,326886,59QIXpZaBFTJvnZvn2TJzZ,HUGOT OPM
5NwgVC2bFG0JJmaljJUFGG,Kahit Sa Panaginip,4qFxP3qN9GsnZDOkAE6x2m,December Avenue,3SiDmMK93YHXjMTO5RGfkF,231581,2018-10-28,33,0.494,0.857,11,-7.059,1,0.0399,0.162,0.0,0.318,0.557,75.981,231581,59QIXpZaBFTJvnZvn2TJzZ,HUGOT OPM
6HxGR4H7Qfe4uR68veOW3g,"Balisong (Theme Song of the Movie ""100 Tula Para Kay Stella"")",1YlibpAvhJBbMZMBwN1KGv,The Juans,46UHFVzn8tzFwYq5dEJVyr,229034,2017-07-07,0,0.337,0.494,9,-4.607,1,0.0307,0.327,0.0,0.135,0.228,158.194,229035,59QIXpZaBFTJvnZvn2TJzZ,HUGOT OPM
7aOgo3FixklrEF0FWCgPLX,Ipagpatawad Mo,7lIVjtsgz0y1oRQFBAVNzq,Mayonnaise,0c5f8sRmmPQvhNYXwIxqIL,242453,2008-07-02,0,0.291,0.755,5,-4.95,0,0.05,0.0621,0.0,0.0836,0.457,145.343,242453,59QIXpZaBFTJvnZvn2TJzZ,HUGOT OPM
0zFYa7NIpKhmom8zrZx7Ga,Why Can't It Be,0xNog7ZdcTq9sJFiIXJJTH,Kaye Cal,77ZkVwowfs27AEXl6GHiET,248760,2017-03-17,6,0.563,0.314,3,-9.241,1,0.0312,0.612,1.14e-05,0.124,0.272,127.791,248760,59QIXpZaBFTJvnZvn2TJzZ,HUGOT OPM
4e0rMS4w6Ssim4K4W11J8I,Di Na Mababawi,1tXFYQZSAswt4JLB42lpye,Sponge Cola,2yCy36hxBEoYLtzZXmytFk,193506,2009-01-01,0,0.821,0.186,11,-14.572,0,0.0598,0.663,0.0,0.0513,0.486,113.096,193507,59QIXpZaBFTJvnZvn2TJzZ,HUGOT OPM
6p6DiqAPwMX7vdrSo30wgo,'Di Na Muli,09Xydf4dlkr29dH99DmsvQ,Janine,4u7nLwDVRz7z0mxweMbVZ6,207018,2018-04-06,0,0.413,0.561,1,-3.092,1,0.0517,0.192,0.0,0.0914,0.352,88.69,207019,59QIXpZaBFTJvnZvn2TJzZ,HUGOT OPM
04Fqdekvehn72zJ4lJbEH7,Bitaw Na,5HIZU0JzM0AgfItVOm4E08,This Band,6dS94m5s8bnluYm3V22Kyu,283616,2018-06-22,0,0.412,0.275,6,-9.222,0,0.029,0.558,3.46e-05,0.093,0.0583,132.439,283617,59QIXpZaBFTJvnZvn2TJzZ,HUGOT OPM
6FT35oVqQZFiTPL9BLmHOH,Tayo Lang Ang May Alam,2inqTOq06scVP6BkEyHBsp,Peryodiko,4zpGOdK4bqkJ5GgKlSUOma,292473,2014-10-01,50,0.48,0.385,9,-7.26,1,0.0319,0.445,0.00474,0.12,0.191,73.109,292473,59QIXpZaBFTJvnZvn2TJzZ,HUGOT OPM
6VqZS3Wmf53pbfDBVEYvnP,Hindi Tayo Pwede,1YlibpAvhJBbMZMBwN1KGv,The Juans,2m8pNsbpAvJYe7rbRpkhFF,303937,2018-10-26,1,0.283,0.281,11,-11.414,1,0.035,0.437,0.00114,0.102,0.127,79.919,303937,59QIXpZaBFTJvnZvn2TJzZ,HUGOT OPM
19qvp23a0iXjzS72nqOi8u,Sa'yo,4eKq7eArL96wSQjaaMg9Ic,Munimuni,0wlV4A2q8N2ubZJpJeqDTi,352445,2017-03-17,63,0.373,0.176,5,-11.251,1,0.0443,0.816,0.000298,0.143,0.147,77.434,352446,59QIXpZaBFTJvnZvn2TJzZ,HUGOT OPM
267RumTt5KeLBGl2KWxBL0,Dating Tayo,7LvDTuFCBv08xm6u1pOMK0,TJ Monterde,01f1BJjxsFyuX580Fk8Gjk,239480,2016-05-19,2,0.551,0.329,7,-10.731,1,0.0431,0.648,3.82e-05,0.0925,0.331,139.699,239480,59QIXpZaBFTJvnZvn2TJzZ,HUGOT OPM
02FaAqDWHFy7Rr8UMaaQ4E,Ligaya?,5HIZU0JzM0AgfItVOm4E08,This Band,1vVEl5cTGw1NGUCZ6FHD1K,357055,2019-02-03,0,0.616,0.324,4,-10.888,1,0.0323,0.579,2.08e-05,0.11,0.0765,119.837,357056,59QIXpZaBFTJvnZvn2TJzZ,HUGOT OPM
0087fDVeNhuyMtST91RMjv,Kundiman,4nGp682WMiKS4X217kPw8C,Silent Sanctuary,08SEZDvRXrrNs1C2y73MLi,339053,2007-01-01,1,0.335,0.571,11,-4.711,1,0.0243,0.564,0.0,0.137,0.454,93.572,339053,59QIXpZaBFTJvnZvn2TJzZ,HUGOT OPM
6KTjHpX77i9Ge395Qzo40h,Game of Questions,7tKpXx21KVUOR6vvDs6xtg,I Belong to the Zoo,21kXGGOQET9ll4NGhs2SOg,331071,2017-06-30,0,0.35,0.321,7,-8.316,1,0.0289,0.856,0.0,0.0969,0.24,96.686,331072,59QIXpZaBFTJvnZvn2TJzZ,HUGOT OPM
3I2fxo7S9Z29I7xsntRCLD,Istorya,1YlibpAvhJBbMZMBwN1KGv,The Juans,1YPd5fhmV7uNXGgBzPfhI6,253401,2017-10-27,0,0.505,0.395,1,-7.286,1,0.029,0.375,0.0,0.107,0.135,75.999,253402,59QIXpZaBFTJvnZvn2TJzZ,HUGOT OPM
0DOW3LEpqYKZ3BEAdffjDW,'Di Ba Halata,2UeuiDT17tm6ljs9D4bSMX,Agsunta,5G8rNVJCnq1ulzUmfLM2hT,227533,2018-02-04,3,0.59,0.461,0,-6.53,1,0.0304,0.577,0.0,0.171,0.391,144.125,227533,59QIXpZaBFTJvnZvn2TJzZ,HUGOT OPM
4TEeQqtCN2Ox4Ff7rlbtYx,Sleep Tonight,4qFxP3qN9GsnZDOkAE6x2m,December Avenue,2xDMXQrLcUxzsAdpdlLPZh,289480,2017-03-20,62,0.412,0.87,2,-3.062,1,0.0427,0.00818,0.0,0.396,0.392,147.926,289480,59QIXpZaBFTJvnZvn2TJzZ,HUGOT OPM
652CegYwXhnFnVz3SgGzTO,Ilaw Sa Daan,4k9wp4ipHdA1bu1T4x1ZTG,IV Of Spades,3cvznWGnrhG1Tiga7dqK8x,242790,2016-10-07,57,0.688,0.853,5,-6.678,1,0.0715,0.0344,0.0,0.388,0.512,105.05,242790,59QIXpZaBFTJvnZvn2TJzZ,HUGOT OPM
3jAwK8aaVbzvV5mGAIDKCf,Bago Mahuli Ang Lahat,7n1YRMg8XHJMr4S5Z8zl6d,Never The Strangers,1WJC65SMUhiVGMmuMlOdT9,201146,2012-03-31,40,0.674,0.554,11,-8.283,1,0.0304,0.477,7.02e-05,0.112,0.414,119.937,201147,59QIXpZaBFTJvnZvn2TJzZ,HUGOT OPM
4rG3h1QwgjSSWz8EIjCFrm,Araw-Araw,4DAcJXcjX0zlQAZAPAx4Zb,Ben&Ben,7xCcuTA3abKwxj8HwgxP7R,313951,2019-05-12,72,0.475,0.424,11,-8.39,1,0.0295,0.582,0.0,0.234,0.224,140.903,313952,59QIXpZaBFTJvnZvn2TJzZ,HUGOT OPM
1WXs4O7mBxXglHJPwYweHq,Demonyo,0a4r2EnsevvHCukoJ1xFwJ,juan karlos,67vvDiZLNyjNQ1gU6El7GC,218000,2017-01-27,70,0.415,0.508,0,-9.169,1,0.0363,0.0509,0.0162,0.103,0.114,188.744,218000,59QIXpZaBFTJvnZvn2TJzZ,HUGOT OPM
1vzxlhQ3dujloZsqeO3Wei,Ikaw At Ako,2zFBNsALb4M2FhKl98wcvd,Johnoy Danao,7aLnwr1Jr5xfdmmKKTeBZN,287971,2010-12-08,61,0.531,0.253,9,-9.276,1,0.0927,0.702,2.33e-05,0.0843,0.199,75.602,287972,59QIXpZaBFTJvnZvn2TJzZ,HUGOT OPM
1LconAoXORZMqI0cAlaWSD,Away From The Current,0DouUeF604QbSdKYIL3xrq,Keiko Necesario,64JI8PYKmZCkBD2miayyPO,251402,2015-12-24,0,0.703,0.255,9,-8.67,1,0.0311,0.868,1.47e-05,0.108,0.174,115.001,251402,59QIXpZaBFTJvnZvn2TJzZ,HUGOT OPM
1d5BAYXRfjUfv8rqYkoxs1,Right Time,2zFBNsALb4M2FhKl98wcvd,Johnoy Danao,2mgoR6YKtUvawT9bAYwXjG,316133,2016-09-23,0,0.639,0.233,6,-11.923,1,0.0302,0.912,3.38e-05,0.111,0.368,101.119,316133,59QIXpZaBFTJvnZvn2TJzZ,HUGOT OPM
761frfZtZ8I2g70UsjFfBK,I Need You More Today,3XEHRbR9NMWfNzQ6TQMS9M,Caleb Santos,4TyVEjoScAou6qVjhXyYfp,233728,2016-12-02,0,0.474,0.522,11,-7.513,1,0.0408,0.36,0.0,0.123,0.448,157.225,233728,59QIXpZaBFTJvnZvn2TJzZ,HUGOT OPM
2E9xsudYVeGHnfrYqHFFaQ,Synesthesia (Bonus Track),7lIVjtsgz0y1oRQFBAVNzq,Mayonnaise,0YXZ1T0fxf69W28LyqL5MZ,259066,2010-08-16,0,0.292,0.397,7,-9.161,1,0.0346,0.755,0.0,0.28,0.187,86.491,259067,59QIXpZaBFTJvnZvn2TJzZ,HUGOT OPM
0A7YlP0GoJN8SyDTSpf3hX,iglap,3BQ7MYNeB0wMPtHYPWvu1C,syd hartha,0MP80Y63UXQGrRVnRcXGCN,167952,2018-10-26,0,0.638,0.437,3,-10.409,1,0.0582,0.521,3.15e-06,0.22,0.417,59.677,167952,59QIXpZaBFTJvnZvn2TJzZ,HUGOT OPM
07JZJ9YJRaiUAz9Bv8wgwH,Mabagal,5yVM85m9yNcHO6o0vaaVxW,Daniel Padilla,662p02ErqQk9DvBL38lqH7,226727,2019-08-02,3,0.356,0.339,5,-10.893,0,0.0369,0.508,3.28e-06,0.355,0.287,74.975,226728,59QIXpZaBFTJvnZvn2TJzZ,HUGOT OPM
0FOYt3VRWweAWgN1relGqN,Laro,3Hvxz2oZPYuo61ChHKcqQI,Autotelic,4bU263JJqschDhYZRgbnt7,320573,2016-09-30,52,0.565,0.829,0,-2.88,1,0.0264,0.00211,0.0174,0.156,0.607,139.998,320573,59QIXpZaBFTJvnZvn2TJzZ,HUGOT OPM
2tR5liucorXRwduxr0qEx6,Binalewala - Original Version,6ZdzYE3CEgY0Umgi3Dsgv8,Michael Dutchi Libranda,1793zMKn7sOceKYWdN7yQX,268486,2019-10-07,62,0.501,0.57,10,-6.49,1,0.0337,0.569,0.0,0.0649,0.311,139.516,268487,59QIXpZaBFTJvnZvn2TJzZ,HUGOT OPM
65sEZZaxTjLMD8vNgPoMz5,Imahe,28B54RKpJrEmDoGSTjsfY6,Magnus Haven,04KG42EaTfjaPbYHQ6wI3h,321817,2018-11-30,70,0.604,0.446,9,-8.01,1,0.0341,0.63,0.0,0.0859,0.199,143.946,321817,59QIXpZaBFTJvnZvn2TJzZ,HUGOT OPM
3EdBq6AJ190RVcq4icTHtS,Love of My Life - Multiplex Karaoke,6ZgBJRjJsK1iOJGKGZxEUv,South Border,4IkBOGQebfftx5vK9AmysA,391573,1996-07-11,55,0.626,0.487,5,-6.817,1,0.0378,0.315,0.0,0.252,0.149,132.185,391573,59QIXpZaBFTJvnZvn2TJzZ,HUGOT OPM
6xQs6y6CpDqK9VKCktApEL,Hiling,2JEIN1g27pZdm3hKB9EwE5,Mark Carpio,6E5TwOXhw6KyhX4P0p9vdK,235009,2015-01-15,63,0.58,0.244,4,-9.917,1,0.0361,0.808,0.0,0.092,0.385,82.121,235010,59QIXpZaBFTJvnZvn2TJzZ,HUGOT OPM
1uRwUQicwng6S44RtsANQv,Hatid,1YlibpAvhJBbMZMBwN1KGv,The Juans,2m8pNsbpAvJYe7rbRpkhFF,287624,2018-10-26,0,0.34,0.218,11,-14.892,1,0.0534,0.874,0.000136,0.0886,0.137,101.747,287625,3aUHKvVEwxL57y49JTuaOm,Pampatulog Hugot OPM Love song
6mzQgdrGGVY5eE8dmrxUKA,Itutulog Na Lang,1YlibpAvhJBbMZMBwN1KGv,The Juans,2m8pNsbpAvJYe7rbRpkhFF,285320,2018-10-26,0,0.532,0.154,6,-17.23,1,0.0748,0.851,0.0012,0.359,0.311,70.001,285321,3aUHKvVEwxL57y49JTuaOm,Pampatulog Hugot OPM Love song
7CkuJEJMB0clk0HCBQd9rT,Hawak Bitaw,1O2R0tcHg9FlIBXfLmagIh,LaLuna,3ialdBDlbaHFeuYBtmFc57,301854,2019-05-31,42,0.552,0.519,4,-8.451,1,0.0299,0.041,8.59e-05,0.134,0.275,138.91,301855,3aUHKvVEwxL57y49JTuaOm,Pampatulog Hugot OPM Love song
0cMcFcm3YvB8o1yKkYNv0a,"Malay Mo, Tayo",7LvDTuFCBv08xm6u1pOMK0,TJ Monterde,401eCisGwwn6mkEi5A21Iw,274291,2019-11-15,0,0.55,0.205,4,-11.732,1,0.0292,0.922,0.00773,0.0816,0.261,125.766,274291,3aUHKvVEwxL57y49JTuaOm,Pampatulog Hugot OPM Love song
1GIYbHnooC5s66QG7lmXo7,Sabik,6urxZktbtGcTIIqxQZ1d8q,Jireh Lim,0Ki5YXioifJhmtooSJ8flK,240869,2020-02-14,46,0.542,0.447,9,-8.278,1,0.035,0.323,0.0,0.0765,0.556,109.94,240870,3aUHKvVEwxL57y49JTuaOm,Pampatulog Hugot OPM Love song
3J0QLi8JvEz7WbF6HuhB2y,Ikaw Pa Lang,2JEIN1g27pZdm3hKB9EwE5,Mark Carpio,2vi9AndzXQWt4q35LJaWZk,259959,2020-01-17,38,0.602,0.486,2,-6.683,1,0.0284,0.664,0.0,0.199,0.479,118.897,259960,3aUHKvVEwxL57y49JTuaOm,Pampatulog Hugot OPM Love song
2pGH2MRfqXyFJtVPVBZ7Gx,Pwede Ba,29zSTMejPhY0m7kwNQ9SPI,Lola Amour,652wi7TL70B3QnNE2wwDSN,342806,2018-06-15,66,0.665,0.325,0,-7.658,1,0.0544,0.607,0.000429,0.105,0.253,79.496,342807,3aUHKvVEwxL57y49JTuaOm,Pampatulog Hugot OPM Love song
1FJygqYPxlAqgJ7Y9C1KuQ,Kabilugan Ng Buwan,3Selnc0BwhaX4HX9781VgP,Mark Oblea,6MoOcpZ2j3k8hMbDuJoe1B,283480,2020-02-28,0,0.707,0.402,4,-9.773,1,0.0251,0.677,0.0,0.104,0.313,94.99,283480,3aUHKvVEwxL57y49JTuaOm,Pampatulog Hugot OPM Love song
6D9DwqiHiMKmy2V7HvN6zs,Paalam,0rZRTXEmmPmx6gt92tBqIc,Moira Dela Torre,64cjwPaR72rW2Wzm9uWE3c,291108,2020-03-27,7,0.292,0.308,4,-7.562,1,0.0305,0.671,2.22e-06,0.102,0.198,98.487,291108,3aUHKvVEwxL57y49JTuaOm,Pampatulog Hugot OPM Love song
0luyrm1L6gjtoLekHOf67t,Masyado Pang Maaga,4DAcJXcjX0zlQAZAPAx4Zb,Ben&Ben,75Y2NZzYQyYpxusG8e0ZeM,306204,2019-11-01,61,0.526,0.571,7,-7.091,1,0.0295,0.458,0.0,0.11,0.31,140.051,306204,3aUHKvVEwxL57y49JTuaOm,Pampatulog Hugot OPM Love song
53iJrQRbx5fqKqogfffCrA,'Di Sapat Pero Tapat,5HIZU0JzM0AgfItVOm4E08,This Band,6DeeAcI2rCg2qDNDZjkyKZ,303786,2019-11-01,0,0.349,0.429,0,-8.268,1,0.0339,0.571,0.0,0.297,0.143,139.957,303787,3aUHKvVEwxL57y49JTuaOm,Pampatulog Hugot OPM Love song
28aWA6NMjMTZGWLrJEX0UA,Hindi Tayo Pwede (Acoustic),1YlibpAvhJBbMZMBwN1KGv,The Juans,2PH0lmKXtBb7hQQ7747mI6,318000,2019-11-15,0,0.497,0.138,11,-17.969,1,0.0509,0.858,1.31e-06,0.366,0.316,79.97,318000,3aUHKvVEwxL57y49JTuaOm,Pampatulog Hugot OPM Love song
3lel1ENtvzcRPziaCXYFTf,Hanggang Dito Na Lang,7LvDTuFCBv08xm6u1pOMK0,TJ Monterde,2M4t3JkIgv8V7wsvFc1kLr,329336,2020-03-07,1,0.485,0.189,0,-11.068,1,0.0421,0.757,0.0,0.113,0.294,129.132,329337,3aUHKvVEwxL57y49JTuaOm,Pampatulog Hugot OPM Love song
4IHxK2ciM85xQ6eIMItv9H,Panalangin,28B54RKpJrEmDoGSTjsfY6,Magnus Haven,3n8iaNDqpoYFoQ4ar3Wt2r,303004,2019-05-31,46,0.432,0.521,5,-7.654,1,0.0332,0.341,0.000128,0.124,0.353,165.851,303004,3aUHKvVEwxL57y49JTuaOm,Pampatulog Hugot OPM Love song
3yRd7Y9OVbhouw4E4TNI0t,Ikaw,3Hvxz2oZPYuo61ChHKcqQI,Autotelic,62KRgC3AZA7sxDb4fYipTI,229838,2020-03-06,37,0.563,0.6,5,-3.637,1,0.0351,0.00809,1.23e-05,0.12,0.145,124.108,229839,3aUHKvVEwxL57y49JTuaOm,Pampatulog Hugot OPM Love song
507wQHSkMb1MFJfN2fjpMQ,Nobela,4NeCu267LZemnoq44lZYKy,Julie Anne San Jose,3oI3XwwEkcSzfYStHbuRoG,279761,2019-12-20,1,0.558,0.385,2,-6.76,0,0.0294,0.766,0.0,0.0878,0.122,76.014,279762,3aUHKvVEwxL57y49JTuaOm,Pampatulog Hugot OPM Love song
1GE5vxN9NMPaBrD4axoD2e,Heaven Knows,2IJxOGPJDJzf6lLQqa84jl,Rick Price,5zI7YWTwkFuoKmHnpQZphX,267989,2020-02-14,40,0.395,0.412,0,-8.766,1,0.0271,0.826,6.56e-06,0.127,0.34,77.989,267989,3aUHKvVEwxL57y49JTuaOm,Pampatulog Hugot OPM Love song
77iVPjxBy9Q3GgOxVE1UUA,"Halik Sa Hangin - From ""The Killer Bride""",1mcqfNCReSFxun2vIWvC28,KZ Tandingan,3S4ZOWVwtEGMcxevA5YZO1,288000,2019-08-12,10,0.505,0.552,11,-11.387,0,0.0973,0.623,5.24e-05,0.327,0.407,149.467,288000,3aUHKvVEwxL57y49JTuaOm,Pampatulog Hugot OPM Love song
5Qb6FrDW7ehrglaXBgzPTE,Imposible,1mcqfNCReSFxun2vIWvC28,KZ Tandingan,2xjdl7G9tjIfKQ7xaOzkBu,256715,2019-06-07,7,0.492,0.758,0,-6.476,1,0.397,0.469,0.0,0.108,0.617,203.76,256715,3aUHKvVEwxL57y49JTuaOm,Pampatulog Hugot OPM Love song
0Iu5xWN9wtWHp5daIj0Mjb,'Di Lahat,1dpv0XBdgUa5z4vzn7ahIz,Donnalyn,3QxcPmbxKj6qFK3NqDexA7,234893,2018-10-05,0,0.686,0.731,6,-6.765,1,0.0428,0.281,0.0219,0.0964,0.433,94.008,234894,3aUHKvVEwxL57y49JTuaOm,Pampatulog Hugot OPM Love song
1WQceYh9WvSqkovH1mioRB,"Kapag Ako Ay Nagmahal - From ""Write About Love""",0DnjaQqb436AH1idffI6CQ,Yeng Constantino,1JmBzRXs04SmlRsgAUOold,256000,2019-11-22,1,0.422,0.167,9,-8.645,1,0.0341,0.959,1.26e-06,0.0788,0.192,146.764,256000,3aUHKvVEwxL57y49JTuaOm,Pampatulog Hugot OPM Love song
7jTO2Pyavfit1JCdMVrkud,Bakas Ng Talampakan,4qFxP3qN9GsnZDOkAE6x2m,December Avenue,1EwbCDDECWOsAKtqMtefgt,246363,2020-04-05,43,0.463,0.723,5,-4.026,1,0.0339,0.0583,0.0,0.166,0.327,131.905,246364,3aUHKvVEwxL57y49JTuaOm,Pampatulog Hugot OPM Love song
20JlaQj9irFjFb8X0SKKS7,Before It Sinks In,0rZRTXEmmPmx6gt92tBqIc,Moira Dela Torre,05rQadwAVYTpNNnBoeTuj0,263720,2018-02-19,17,0.542,0.392,1,-8.135,1,0.0355,0.605,0.0,0.0798,0.185,140.006,263720,3aUHKvVEwxL57y49JTuaOm,Pampatulog Hugot OPM Love song
39fNON9tzWSkuLbpGAHJnD,Connection,0DouUeF604QbSdKYIL3xrq,Keiko Necesario,6fRKrRev7RcNBXCm326IXw,261935,2018-08-01,33,0.331,0.15,1,-14.474,1,0.0338,0.839,6.63e-06,0.144,0.188,124.085,261935,3aUHKvVEwxL57y49JTuaOm,Pampatulog Hugot OPM Love song
5iMx8KjSq2n642hM7ET0E5,Tag-Ulan,4pmdWxcPYV8NkfuMmL7Ubu,Penelope,3gFxWuIKrkIAbjVquHTtY8,215515,2019-05-24,0,0.315,0.329,10,-10.547,1,0.0381,0.694,0.00859,0.163,0.268,91.531,215515,3aUHKvVEwxL57y49JTuaOm,Pampatulog Hugot OPM Love song
0AYXRlS10JHOXaGe4ihUKf,Sagada,61nn6nOoLWjVC1ER2qFAvN,Cup of Joe,1JWkWMfVxRnRCgMNuN8xt6,250000,2020-01-24,0,0.41,0.322,7,-10.384,1,0.106,0.147,0.0,0.122,0.239,51.051,250000,3aUHKvVEwxL57y49JTuaOm,Pampatulog Hugot OPM Love song
3PgjBOoA5OytNGkglObpOd,Sa Susunod na Habang Buhay,4DAcJXcjX0zlQAZAPAx4Zb,Ben&Ben,0U3q2NgWn97Fsns6dg7CzD,288189,2020-02-28,72,0.311,0.342,2,-8.889,1,0.032,0.432,1.93e-06,0.114,0.274,177.158,288189,3aUHKvVEwxL57y49JTuaOm,Pampatulog Hugot OPM Love song
58aaW6EUUZybGoSM9ozWBD,Maaari Ba,6bVVssXSh08il9SKx18XOA,Wilbert Ross,6gzgP3ha6lYwxT7IGsbKd4,323188,2019-05-31,1,0.548,0.288,7,-13.338,1,0.0339,0.889,0.169,0.113,0.0393,136.086,323189,3aUHKvVEwxL57y49JTuaOm,Pampatulog Hugot OPM Love song
6hglN7eIiym3bChVCH5E5P,Sasagipin Kita,0u4G1K1CSzcp5PZ6G6FIGu,Darren Espanto,0nIplGcRxcnZviFvoximsS,266191,2019-11-29,35,0.317,0.318,5,-10.764,1,0.0422,0.629,1.55e-06,0.0717,0.194,151.64,266191,3aUHKvVEwxL57y49JTuaOm,Pampatulog Hugot OPM Love song
0sNZsYY8LSCCM4tC2y0zR1,Binhi,7uDdl5V5AETSFY7K3muu22,Arthur Nery,3H8htbv4nP3HIjpOCbxm67,216774,2019-10-25,0,0.545,0.309,5,-10.235,1,0.0313,0.961,0.000733,0.189,0.232,123.767,216774,3aUHKvVEwxL57y49JTuaOm,Pampatulog Hugot OPM Love song
6tw7xpKrZm9vHfymxBc52E,Patawad,0rZRTXEmmPmx6gt92tBqIc,Moira Dela Torre,64cjwPaR72rW2Wzm9uWE3c,277480,2020-03-27,6,0.417,0.21,6,-9.4,1,0.033,0.412,0.0,0.104,0.144,127.009,277480,3aUHKvVEwxL57y49JTuaOm,Pampatulog Hugot OPM Love song
5eQCWiTUO87l1lerhlCIzs,Umaasa,0DpLoyGVbhOHNR3ht2oO9y,Calein,4XCTzKOG36qOVzwWz7cuv8,335624,2019-06-28,0,0.628,0.433,9,-9.868,1,0.0232,0.294,0.398,0.332,0.344,96.017,335625,3aUHKvVEwxL57y49JTuaOm,Pampatulog Hugot OPM Love song
5ONZUcFHtslSBavtrUJ8p3,Tell Me,31oMMIBDMM2Z1RQO7u8irE,Side A,1ybbXhOGoaqW8qn3QqCcSz,240666,1994-09-23,57,0.528,0.392,9,-7.193,1,0.0303,0.649,2.33e-05,0.0999,0.134,122.022,240667,2urphK2gaVU9oJxhRAUjKE,hugot opm
64juMW0Kj0MLIn5pbuNvKD,Set You Free,31oMMIBDMM2Z1RQO7u8irE,Side A,1ybbXhOGoaqW8qn3QqCcSz,273493,1994-09-23,53,0.582,0.417,2,-13.882,1,0.0321,0.123,0.0,0.325,0.277,119.888,273493,2urphK2gaVU9oJxhRAUjKE,hugot opm
7zedIdswcnY9eW6e4wImEs,Let the Pain Remain,31oMMIBDMM2Z1RQO7u8irE,Side A,1ybbXhOGoaqW8qn3QqCcSz,305226,1994-09-23,42,0.52,0.476,10,-7.223,1,0.0325,0.492,0.0,0.132,0.158,134.82,305227,2urphK2gaVU9oJxhRAUjKE,hugot opm
5JZplXG5E1BFZvrjGQQ9dR,Hold on,31oMMIBDMM2Z1RQO7u8irE,Side A,2Ef59HGDzGHCCcttpMgwuF,274533,2008-08-19,0,0.33,0.16,7,-15.672,1,0.0305,0.687,0.0,0.107,0.141,91.085,274533,2urphK2gaVU9oJxhRAUjKE,hugot opm
1mMuzbHbQIMHp2LC9cnIwE,Rainbow's End,31oMMIBDMM2Z1RQO7u8irE,Side A,5AfxJzjBq8epdBtKaEukVb,282946,2005-08-25,0,0.524,0.461,1,-15.655,0,0.0509,0.361,0.0,0.562,0.414,94.601,282947,2urphK2gaVU9oJxhRAUjKE,hugot opm
1mGqXQ83eyFpIGRXbQI11L,Each day with you,4LTJwj8UNLy3ApvH7XUiiq,Martin Nievera,6nPON9kkZHFuAWIY9XgL9u,252080,2008-06-13,0,0.396,0.641,5,-5.522,1,0.0306,0.628,0.0,0.164,0.32,146.412,252080,2urphK2gaVU9oJxhRAUjKE,hugot opm
5Kidpm3UfdhJleriK6I1CE,Say that you love me,4LTJwj8UNLy3ApvH7XUiiq,Martin Nievera,6nPON9kkZHFuAWIY9XgL9u,272546,2008-06-13,0,0.371,0.377,0,-8.961,1,0.0359,0.477,0.0,0.115,0.169,66.84,272547,2urphK2gaVU9oJxhRAUjKE,hugot opm
4WpvEb2jf1P6T9duKqZkHK,Ikaw ang lahat sa akin,4LTJwj8UNLy3ApvH7XUiiq,Martin Nievera,6nPON9kkZHFuAWIY9XgL9u,293733,2008-06-13,0,0.381,0.47,4,-8.436,1,0.0308,0.149,2.49e-06,0.101,0.119,141.737,293733,2urphK2gaVU9oJxhRAUjKE,hugot opm
6cmiHEHZDXrO5KPRxMGNtc,I Need You Back,2tOIdpZFzB2c52UdHnj5LW,Raymond Lauchengco,51AoFjKK0TE0EFbVWHf3wo,213813,2009-06-03,0,0.392,0.294,5,-12.537,1,0.0296,0.554,0.0162,0.114,0.198,124.124,213813,2urphK2gaVU9oJxhRAUjKE,hugot opm
0RnPAeSnWthFztGiQVHFRv,Sana Ay Malaman Mo,5uRUbTUQysRUR7PUy7pimM,Ric Segreto,0v06BSvM87lJO6MDXe3cud,337000,1994-10-06,0,0.514,0.321,9,-14.069,1,0.0291,0.609,3.44e-06,0.157,0.146,136.405,337000,2urphK2gaVU9oJxhRAUjKE,hugot opm
7n0KngHj0ieZxjzAmGYd6S,Give Me A Chance,5uRUbTUQysRUR7PUy7pimM,Ric Segreto,6mywCLiVupfiCnEVMPGx4m,196333,1982-05-03,0,0.334,0.324,4,-11.973,1,0.0305,0.545,8.82e-06,0.335,0.185,78.454,196333,2urphK2gaVU9oJxhRAUjKE,hugot opm
7K6971OI9Nohx0mqyKS321,Gaya Ng Dati,0RHiqaoRCsFLPeEuj3OQz4,Gary Valenciano,0nqTcNyaJDN7CqgoW9zaZQ,300628,2005-11-22,10,0.411,0.475,3,-7.772,1,0.0317,0.278,1.85e-05,0.13,0.25,139.687,300629,2urphK2gaVU9oJxhRAUjKE,hugot opm
6NqT23B1ZgwQOUydgugQcS,Di Na Natuto,0RHiqaoRCsFLPeEuj3OQz4,Gary Valenciano,2h7n0hJPUxMEAXlCBBqteq,360373,1997,28,0.201,0.462,2,-8.501,1,0.0348,0.5,0.25,0.0952,0.146,78.527,360374,2urphK2gaVU9oJxhRAUjKE,hugot opm
7EUCBzWMZO1fz2smnCVcCw,Narito,0RHiqaoRCsFLPeEuj3OQz4,Gary Valenciano,2h7n0hJPUxMEAXlCBBqteq,258995,1997,32,0.224,0.284,9,-11.973,1,0.0302,0.613,0.0,0.284,0.196,74.792,258995,2urphK2gaVU9oJxhRAUjKE,hugot opm
6voLvE0VT6FE5RRg2Vc2aX,Akoy Sa'Yo,1wOZrAWxddHrRnONyLCjsq,First Circle,1PGhi7KM8V3spjAMEZa7jJ,317813,2002-01-06,0,0.696,0.325,9,-10.012,1,0.0324,0.611,0.0,0.0519,0.404,133.345,317813,2urphK2gaVU9oJxhRAUjKE,hugot opm
1vR1SccQExdIStNalSI0a2,One Hello,14JBboD1LaDlkSM0GsSa40,Pops Fernandez,2HDcFJygvBiDnB24f5uf0g,214133,2002-06-01,0,0.357,0.249,1,-11.639,0,0.0351,0.329,0.000123,0.115,0.143,118.426,214133,2urphK2gaVU9oJxhRAUjKE,hugot opm
3nwzuzKNhSCdt8wbDPx2GM,Goodbye To Love,14JBboD1LaDlkSM0GsSa40,Pops Fernandez,2HDcFJygvBiDnB24f5uf0g,200400,2002-06-01,0,0.575,0.284,7,-11.143,1,0.03,0.391,0.0,0.0817,0.212,125.935,200400,2urphK2gaVU9oJxhRAUjKE,hugot opm
33hHFUHa5lqhGgKZDITsyW,Don't say goodbye,14JBboD1LaDlkSM0GsSa40,Pops Fernandez,6X6WLrjCkojbbVosG5UaDY,260000,2009-02-19,0,0.548,0.219,7,-19.001,0,0.0339,0.543,3.59e-05,0.0574,0.16,137.922,260000,2urphK2gaVU9oJxhRAUjKE,hugot opm
7lvr1DwG78dutURkiosUVF,If I Believed,00RJAkLnjGx4kVWVJbOJx1,Carol Banawa,18ROrLVTi9EOVvkwuAkEvS,231426,2003,0,0.382,0.235,0,-12.179,1,0.0391,0.823,8e-06,0.087,0.176,119.688,231427,2urphK2gaVU9oJxhRAUjKE,hugot opm
55DEQZZ1traulfeH3ax3KL,The First Time I Loved Forever,00RJAkLnjGx4kVWVJbOJx1,Carol Banawa,2RyD3oTUEmsLeJECmxvAr9,182413,2010-11-03,0,0.381,0.101,5,-13.909,1,0.0366,0.954,4.99e-05,0.108,0.161,75.396,182413,2urphK2gaVU9oJxhRAUjKE,hugot opm
3q9fEhaxpwiQOEsTDsEc80,Stay,00RJAkLnjGx4kVWVJbOJx1,Carol Banawa,6i1xWKdTM0kYkxUfZoX5zZ,262504,2010-06-10,0,0.456,0.405,0,-8.056,1,0.0279,0.908,4.25e-05,0.111,0.119,88.038,262505,2urphK2gaVU9oJxhRAUjKE,hugot opm
44A07wZA9HP7XDrpDn5Ny8,Everlasting Love,719ZCUqy59oGckcB1MzVTx,The Company,0tMGGYGaLvMiC7LLgQMvBx,265933,2008-11-07,0,0.568,0.452,2,-10.254,1,0.0243,0.69,0.0,0.109,0.284,96.018,265933,2urphK2gaVU9oJxhRAUjKE,hugot opm
3m2urWLjbbu4zBMHc4wuu0,Starting over Again,29Aqsp33ANrcidwOkNJJU6,Lani Misalucha,1pJWIO1fjtq96OTAdT96cZ,247586,2014-04-08,0,0.423,0.457,5,-7.586,1,0.0341,0.225,6.97e-05,0.106,0.148,119.402,247587,2urphK2gaVU9oJxhRAUjKE,hugot opm
2ihUXb4jayaUoxmID8pgB8,Stay (On the Wings of Love Teleserye Theme),1vg8YXdgvLLPPeXZkM7g5W,Daryl Ong,2afbwlVRbPUHv9fWsNA1au,262086,2016-02-17,0,0.562,0.281,7,-8.813,1,0.0296,0.841,0.0,0.112,0.306,91.961,262087,2urphK2gaVU9oJxhRAUjKE,hugot opm
2FvEkV0uR4nMEviaaiDYGn,If I'm Not in Love,6ty99gP6NrhgCOkMF2ONpy,Janno Gibbs,0fKASh4urktCpqdmXkHTvV,225186,2013-09-03,21,0.489,0.232,7,-11.282,1,0.0325,0.832,0.0,0.218,0.104,119.499,225187,2urphK2gaVU9oJxhRAUjKE,hugot opm
0nDeOp4oP4wnwzr5aEXyRV,Friend of Mine,0IIttGAzd1Ngnsa5SQWsOL,Odette Quesada,0Oqq16zElZZr6cvHQDPDpJ,204506,1984,0,0.349,0.2,0,-15.878,1,0.0304,0.922,3.79e-05,0.124,0.169,129.683,204507,2urphK2gaVU9oJxhRAUjKE,hugot opm
282TnPqgxtjzcec3H0eP7y,Photograph,4QvYFzlTFZFg2904xx8gOu,Ariel Rivera,223PcnqBSV1tre7f8FW9Ue,170960,2000,43,0.516,0.328,4,-10.221,1,0.0271,0.643,0.0,0.156,0.291,112.569,170960,2urphK2gaVU9oJxhRAUjKE,hugot opm
0w0JBoDQXAcBUGHwtJXxqI,Now That I Have You,719ZCUqy59oGckcB1MzVTx,The Company,0tMGGYGaLvMiC7LLgQMvBx,248066,2008-11-07,0,0.455,0.493,8,-7.109,1,0.0318,0.845,0.00053,0.194,0.15,75.31,248067,2urphK2gaVU9oJxhRAUjKE,hugot opm
3fX6occrRQXyzQ30biKbVy,Even If,37MhCWJuuVFFYa71Sj3Mpj,Jam Morales,5ckKpcqeFrN1zxz9ND0NA7,211693,2009-02-13,0,0.29,0.341,8,-13.84,1,0.0376,0.749,0.0,0.138,0.376,148.584,211693,2urphK2gaVU9oJxhRAUjKE,hugot opm
0dBg8sxoXUg8SVJBlN3Bhg,For Baby,4kl1LM3rjWg83OBrmNlzOZ,Donna Cruz,2w7Ou6oxVh8vcfGx17pwVf,278986,2002-01-06,0,0.668,0.439,1,-10.948,1,0.0283,0.507,0.0,0.101,0.585,129.925,278987,2urphK2gaVU9oJxhRAUjKE,hugot opm
7GAzawxdlO3r7cXqDciytC,Just A Smile Away - APO Hiking Society Tribute Album,6Vmp90FCN8neBZ4anl4UI6,Ivy Joy Aguila-Maniquiz,3so1s2DO5MMFgjG4szwSf5,174000,2009-10-10,3,0.412,0.674,5,-7.269,1,0.0423,0.15,1.8e-06,0.212,0.577,175.684,174000,2urphK2gaVU9oJxhRAUjKE,hugot opm
3pagqpQxHahTiSCXZguxeN,Pag-ibig,4RA4PC3WHM9OHZLExirTcU,APO Hiking Society,20aYXW6cd5ZuaSylfgTFGi,192066,2011-10-20,0,0.358,0.443,2,-14.266,1,0.0388,0.591,0.00386,0.105,0.322,151.856,192067,2urphK2gaVU9oJxhRAUjKE,hugot opm
18iIR01rzP3KgeFfOJhHGB,Show Me a Smile,4RA4PC3WHM9OHZLExirTcU,APO Hiking Society,1M3HLZcmRQkap2zZCpi3vn,201360,2013-02-14,0,0.18,0.375,2,-11.561,1,0.033,0.441,0.000113,0.128,0.284,86.335,201360,2urphK2gaVU9oJxhRAUjKE,hugot opm
1wRnLRqZL3W38L7tCugF79,Can This Be Love,4kqsp7WTMpLUKe9GDJfY97,Smokey Mountain,1DrXVpFEaQqzrSKoHp8dkD,204986,2012-07-26,0,0.3,0.615,5,-4.442,1,0.0317,0.694,0.0,0.167,0.236,151.643,204987,2urphK2gaVU9oJxhRAUjKE,hugot opm
3mDWuvGM0fzvNJE6kuu6TT,Kahit Habang Buhay,4kqsp7WTMpLUKe9GDJfY97,Smokey Mountain,1DrXVpFEaQqzrSKoHp8dkD,224613,2012-07-26,0,0.616,0.786,3,-4.254,1,0.0423,0.528,0.0,0.0831,0.471,115.026,224613,2urphK2gaVU9oJxhRAUjKE,hugot opm
7jhElwmyKzHEGIinmF4KIh,Fallin',6ty99gP6NrhgCOkMF2ONpy,Janno Gibbs,0fKASh4urktCpqdmXkHTvV,263226,2013-09-03,34,0.492,0.313,8,-12.393,1,0.0278,0.441,0.0,0.0865,0.33,59.954,263227,2urphK2gaVU9oJxhRAUjKE,hugot opm
0JbvjjUJ75ZRnbT9Z629Ca,Moments of Love,6ty99gP6NrhgCOkMF2ONpy,Janno Gibbs,0D603jDOAQ5W6sSfFUmQm3,241440,2010-08-01,34,0.28,0.286,0,-11.063,1,0.031,0.504,0.0,0.113,0.198,100.01,241440,2urphK2gaVU9oJxhRAUjKE,hugot opm
3CemMEC1IQ7ZPamEZfl6BR,Say You'll Never Go,0vkER0y96fNRbGEs6wLZxR,Neocolours,4g5QiCJTbwBnbsVePFBJrc,315373,2004-10-15,0,0.481,0.357,0,-15.234,1,0.0288,0.387,6.27e-06,0.0922,0.173,69.873,315373,2urphK2gaVU9oJxhRAUjKE,hugot opm
6jsVJNWXB2anDQURWerln9,Hold On,0vkER0y96fNRbGEs6wLZxR,Neocolours,4g5QiCJTbwBnbsVePFBJrc,290453,2004-10-15,0,0.562,0.508,4,-12.838,1,0.0285,0.277,0.0,0.0716,0.588,170.029,290453,2urphK2gaVU9oJxhRAUjKE,hugot opm
5fYXiqdpiUanPGjt9Pu4Ev,Tuloy Pa Rin,0vkER0y96fNRbGEs6wLZxR,Neocolours,4g5QiCJTbwBnbsVePFBJrc,272973,2004-10-15,0,0.664,0.538,9,-11.359,1,0.0275,0.503,3.07e-06,0.107,0.562,109.027,272973,2urphK2gaVU9oJxhRAUjKE,hugot opm
0oQV1f4k6Cf4kwfOz26GfN,Maybe,0vkER0y96fNRbGEs6wLZxR,Neocolours,4g5QiCJTbwBnbsVePFBJrc,270666,2004-10-15,0,0.519,0.3,7,-15.032,1,0.037,0.63,1.33e-05,0.116,0.273,60.149,270667,2urphK2gaVU9oJxhRAUjKE,hugot opm
3ToQkWZmGm2iNeien5ybPt,Maybe This Time,2b13AzQC2dauXDkpnX5xv7,Jennylyn Mercado,0esD5wWwxiRi2TpWjduWhy,202706,2010-01-02,0,0.512,0.542,5,-6.486,1,0.026,0.147,0.0,0.13,0.3,132.934,202707,2urphK2gaVU9oJxhRAUjKE,hugot opm
7gmkwCEMuytsW5NwFrsU7R,Never Gonna Let You Go,2b13AzQC2dauXDkpnX5xv7,Jennylyn Mercado,6uImG3CGrEsSZn8k0VwfQP,280234,2014-10-04,25,0.566,0.534,2,-6.486,1,0.0291,0.49,0.0,0.212,0.14,127.838,280235,2urphK2gaVU9oJxhRAUjKE,hugot opm
4jTyPPZkFyJiAYCVgDbajS,Alipin,719ZCUqy59oGckcB1MzVTx,The Company,7CarNUF8F0kgsUEgOWtK0A,272453,2012-09-06,0,0.624,0.287,5,-12.276,1,0.037,0.545,1.58e-05,0.183,0.479,149.911,272453,2urphK2gaVU9oJxhRAUjKE,hugot opm
6DqVfmRyTiQp3xC1fFXNNH,Of All The Things,1GlMjIezcLwV3OFlX0uXOv,Lea Salonga,20cioPwsDiCp13SfetzFB6,195013,2008-07-28,25,0.335,0.277,9,-10.487,1,0.0353,0.906,8.46e-05,0.0902,0.208,119.968,195013,2urphK2gaVU9oJxhRAUjKE,hugot opm
3ynDXi01YTsb9WrIDCK9oJ,Let Me Be the One,4NeCu267LZemnoq44lZYKy,Julie Anne San Jose,1g0VTTNNbF8nciniPyQtJg,280400,2013-08-06,46,0.589,0.399,10,-8.671,1,0.0393,0.686,0.0,0.107,0.175,123.856,280400,2urphK2gaVU9oJxhRAUjKE,hugot opm
4N0XG7hGoVnUKI2kuRGN1u,Kisapmata,1ZTdxfZTeztyAgKUJVLxAI,Rivermaya,65GkUxR6lYlCiYP4mqyZl1,280946,2001,66,0.432,0.563,2,-8.807,1,0.0309,0.0877,0.000355,0.294,0.397,136.172,280947,2urphK2gaVU9oJxhRAUjKE,hugot opm
2wz9Oj09d1jkK0YE8QTvVK,Balisong,1ZTdxfZTeztyAgKUJVLxAI,Rivermaya,1LgCV39PaUNSUOhlxZ28qc,219440,2005-12-12,0,0.59,0.498,0,-8.777,0,0.0369,0.293,0.000565,0.215,0.519,79.218,219440,2urphK2gaVU9oJxhRAUjKE,hugot opm
2vVW17crZs4KInids0h9SE,241 (My Favorite Song),1ZTdxfZTeztyAgKUJVLxAI,Rivermaya,1LgCV39PaUNSUOhlxZ28qc,272600,2005-12-12,0,0.701,0.312,9,-7.707,1,0.0261,0.631,2.14e-06,0.11,0.166,130.159,272600,2urphK2gaVU9oJxhRAUjKE,hugot opm
6xCj7W8PkDuTmwI0MBa0uF,Firewoman,4uYSTU2ckuHB8nfBxURSBj,Hungry Young Poets,7LwQc46M6UEqyMgr7bL8qm,224400,1997-10-24,30,0.676,0.423,4,-8.301,1,0.0365,0.745,0.000162,0.368,0.229,82.11,224400,2urphK2gaVU9oJxhRAUjKE,hugot opm
6CHpr3pY2MbJ5y1076UDnI,The Day You Said Goodnight - Acoustic Version,6Ww3OMFzCaO33ulKh1LBFN,Hale,5www5PCOdkBpuNCanxeo6L,328533,2006-02-26,55,0.424,0.221,4,-9.279,1,0.0351,0.882,0.0,0.134,0.299,125.964,328533,2urphK2gaVU9oJxhRAUjKE,hugot opm
2S80c51YXgJQhkhX603fMA,Prinsesa,3nZa8vRD64ueq3d0JNYTsl,6cyclemind,1Im5BTDBghgM0NG75SaiC3,267293,2007-01-15,62,0.853,0.455,1,-9.589,1,0.0372,0.305,0.00329,0.125,0.522,118.32,267293,2urphK2gaVU9oJxhRAUjKE,hugot opm
7zzZmpw8L66ZPjH1M6qmOs,Migraine,2kZThDGZcHl4klYYFk0v8n,Moonstar88,4t3FtECyV1gClHmpBhXSfB,267960,2008-07-28,65,0.664,0.537,2,-6.0,1,0.029,0.217,2.88e-06,0.118,0.221,115.049,267960,2urphK2gaVU9oJxhRAUjKE,hugot opm
57DJFlR1FzlZEtxyHzdCsY,BMD,6Xx1uQPrAF37dtVMKEmvx5,CueshÃ©,4t3FtECyV1gClHmpBhXSfB,251053,2008-07-28,20,0.378,0.533,11,-5.689,1,0.0299,0.0056,0.000929,0.136,0.198,174.073,251053,2urphK2gaVU9oJxhRAUjKE,hugot opm
6LFcRDg88sfy0MpFUIpKvJ,When I Met You - APO Hiking Society Tribute Album,0jehHGqZ0sX55acPEbaS0N,Out Of Luck,3so1s2DO5MMFgjG4szwSf5,276906,2009-10-10,15,0.612,0.463,9,-9.602,1,0.028,0.255,5.29e-05,0.228,0.483,125.167,276907,2urphK2gaVU9oJxhRAUjKE,hugot opm
5AjbSv7nkr78wzmuHEfjg0,Magkabilang Mundo,6urxZktbtGcTIIqxQZ1d8q,Jireh Lim,1e0Tqcfn0eqgFicrFFYNMl,236705,2015-07-03,62,0.463,0.551,8,-7.324,1,0.027,0.283,1.47e-05,0.0984,0.653,163.837,236706,2urphK2gaVU9oJxhRAUjKE,hugot opm
7ub42AaogkGijtfoXWMyKR,Buko,6urxZktbtGcTIIqxQZ1d8q,Jireh Lim,0fw1QG6vFFLmpwOvjLsp4G,315973,2013-07-30,0,0.61,0.489,9,-7.827,1,0.0256,0.487,0.0,0.112,0.425,95.023,315973,2urphK2gaVU9oJxhRAUjKE,hugot opm
5zMR44ZH4KVZj4FlhTj3SE,Magbalik,4HOEnLufwAqJ2qoJPVnL01,Callalily,3tIU2WCVDgPwnG4MraWwQ6,326813,2006-07-17,69,0.404,0.556,4,-8.329,1,0.0326,0.359,4.93e-06,0.0964,0.34,159.256,326813,2urphK2gaVU9oJxhRAUjKE,hugot opm
4QbJjJiHz3p3dYK2HwXqLP,I,3nZa8vRD64ueq3d0JNYTsl,6cyclemind,0YydJV3mc5KkCZhqnSvzjO,252680,2005-10-17,52,0.499,0.479,1,-6.413,1,0.0264,0.161,2.09e-05,0.0608,0.132,75.298,252680,2urphK2gaVU9oJxhRAUjKE,hugot opm
2wM7hjeO69ca2EjJMRyx8q,Binibini,7ymgfUyJFViyg1qFo4M2nH,Brownman Revival,6f0gWSWpcBJulZbvuHKisA,274626,2007-12-04,0,0.636,0.518,7,-9.165,1,0.0428,0.0698,1.11e-05,0.0882,0.702,74.192,274627,2urphK2gaVU9oJxhRAUjKE,hugot opm
2lnDNgTDt5Ouu5dCpvjvsF,Ikaw Lang Ang Aking Mahal,7ymgfUyJFViyg1qFo4M2nH,Brownman Revival,0offM8tER7mhrYhJXh6dn2,232013,2005-07-25,57,0.562,0.692,9,-9.011,1,0.0538,0.0309,0.0293,0.0985,0.942,167.355,232013,2urphK2gaVU9oJxhRAUjKE,hugot opm
205HKpXEVef87c2rDx4uJm,Cool Off,1J9AYwtdzwZiVW1mGkQpp6,Session Road,4d2xOl9z4znF9NeZ5LwXUI,221253,2004-09-22,0,0.747,0.568,1,-6.923,0,0.0464,0.0938,4.8e-05,0.0835,0.751,127.939,221253,2urphK2gaVU9oJxhRAUjKE,hugot opm
2aoW8n4DHF23y9BINksrVW,Suntok Sa Buwan,1J9AYwtdzwZiVW1mGkQpp6,Session Road,4d2xOl9z4znF9NeZ5LwXUI,230386,2004-09-22,0,0.515,0.829,9,-5.709,1,0.0383,0.023,0.0,0.114,0.804,93.663,230387,2urphK2gaVU9oJxhRAUjKE,hugot opm
7k0wtsJzYwU4RtodDuDKPH,Simpleng Tao - original,7HJDRQAfEcFiARVehhM6qD,Gloc-9,3ljOyOPA3SvOeq3DI9VkOo,246600,2005-08-16,0,0.696,0.669,6,-6.593,1,0.0486,0.183,0.00991,0.0368,0.962,176.082,246600,2urphK2gaVU9oJxhRAUjKE,hugot opm
7uuirrtCr8O8fz7kQS6VUR,Pare Ko,7374lH6kwx9uQATYQ9H3Cp,Eraserheads,0HDclsvr13EmV3DBMSVWPX,325000,1993-12-01,65,0.479,0.493,7,-11.694,1,0.0293,0.0263,3.76e-06,0.0718,0.438,144.546,325000,2urphK2gaVU9oJxhRAUjKE,hugot opm
6g5obKN94RJAjha3luUExe,Sembreak,7374lH6kwx9uQATYQ9H3Cp,Eraserheads,1IalzI8USuu4PB679HVV5C,242493,1994-11-01,44,0.46,0.627,11,-12.109,1,0.0513,0.0642,0.0,0.605,0.75,139.613,242493,2urphK2gaVU9oJxhRAUjKE,hugot opm
0GGfPhGuWC2JGc7hlvjLXa,Alapaap,7374lH6kwx9uQATYQ9H3Cp,Eraserheads,1IalzI8USuu4PB679HVV5C,263000,1994-11-01,64,0.331,0.749,6,-12.076,1,0.0674,0.0638,4.89e-05,0.108,0.291,147.92,263000,2urphK2gaVU9oJxhRAUjKE,hugot opm
4iuAGPs5hlZqsKsS0ZnyWB,Minsan,7374lH6kwx9uQATYQ9H3Cp,Eraserheads,1IalzI8USuu4PB679HVV5C,254333,1994-11-01,55,0.482,0.537,8,-13.679,1,0.0457,0.278,2.17e-06,0.117,0.597,144.218,254333,2urphK2gaVU9oJxhRAUjKE,hugot opm
1NopgVCMVhCKIm64tF7auX,With A Smile,7374lH6kwx9uQATYQ9H3Cp,Eraserheads,1IalzI8USuu4PB679HVV5C,278173,1994-11-01,68,0.328,0.465,6,-9.81,1,0.0328,0.72,2.16e-06,0.175,0.344,148.912,278173,2urphK2gaVU9oJxhRAUjKE,hugot opm
1lan3CApvveTezmBBGzsGu,Magasin,7374lH6kwx9uQATYQ9H3Cp,Eraserheads,1IalzI8USuu4PB679HVV5C,248840,1994-11-01,62,0.415,0.718,11,-11.57,1,0.109,0.132,3.07e-06,0.263,0.555,110.346,248840,2urphK2gaVU9oJxhRAUjKE,hugot opm
11z9XKmqywLusY7r3zPWaB,Butterscotch,7374lH6kwx9uQATYQ9H3Cp,Eraserheads,1IalzI8USuu4PB679HVV5C,276160,1994-11-01,27,0.36,0.63,11,-11.596,1,0.0788,0.0156,0.0,0.188,0.584,142.213,276160,2urphK2gaVU9oJxhRAUjKE,hugot opm
2oxpnUxDY07G0DSTKYQYvv,Sa Wakas,7374lH6kwx9uQATYQ9H3Cp,Eraserheads,1IalzI8USuu4PB679HVV5C,155666,1994-11-01,25,0.601,0.44,1,-13.376,1,0.0296,0.633,4.74e-05,0.16,0.62,129.757,155667,2urphK2gaVU9oJxhRAUjKE,hugot opm
3Yb2JVsh33v17rAou2mNnN,Waiting For The Bus,7374lH6kwx9uQATYQ9H3Cp,Eraserheads,6JbcJM51TZIX8nkjns3M4U,206000,1995-12-21,35,0.427,0.749,1,-11.777,1,0.0506,0.13,0.0,0.368,0.693,139.127,206000,2urphK2gaVU9oJxhRAUjKE,hugot opm
5aeUAKVIJseJpFQetiDard,Fine Time,7374lH6kwx9uQATYQ9H3Cp,Eraserheads,6JbcJM51TZIX8nkjns3M4U,180333,1995-12-21,42,0.558,0.499,6,-15.919,1,0.0439,0.599,5.57e-06,0.0815,0.885,95.833,180333,2urphK2gaVU9oJxhRAUjKE,hugot opm
2A3CzmtFj1sK6W1qQtBz86,Huwag Mo Nang Itanong,7374lH6kwx9uQATYQ9H3Cp,Eraserheads,6JbcJM51TZIX8nkjns3M4U,249333,1995-12-21,58,0.662,0.405,10,-17.227,1,0.0267,0.633,0.0,0.0938,0.919,90.585,249333,2urphK2gaVU9oJxhRAUjKE,hugot opm
6vZY4qmjHQw8BkocWY6LdO,Fill Her,7374lH6kwx9uQATYQ9H3Cp,Eraserheads,6JbcJM51TZIX8nkjns3M4U,107173,1995-12-21,44,0.579,0.0646,11,-23.889,1,0.0322,0.848,0.0137,0.112,0.72,92.277,107173,2urphK2gaVU9oJxhRAUjKE,hugot opm
720V7AnwXjC8IJnSRLokEw,Fruitcake,7374lH6kwx9uQATYQ9H3Cp,Eraserheads,6n5PnNxyDgh1YOpGkla9Ki,300693,1996-12-14,37,0.39,0.4,1,-13.608,1,0.0277,0.378,1.09e-06,0.193,0.418,84.048,300693,2urphK2gaVU9oJxhRAUjKE,hugot opm
0XQJBON0zlZAGjAzqECd3K,Shadow,7374lH6kwx9uQATYQ9H3Cp,Eraserheads,6n5PnNxyDgh1YOpGkla9Ki,157866,1996-12-14,27,0.41,0.292,1,-16.48,1,0.0277,0.518,1.34e-05,0.0826,0.199,178.646,157867,2urphK2gaVU9oJxhRAUjKE,hugot opm
4D7fbbvwE6os8ZalI8F9c1,Trip To Jerusalem,7374lH6kwx9uQATYQ9H3Cp,Eraserheads,6n5PnNxyDgh1YOpGkla9Ki,375266,1996-12-14,23,0.417,0.506,1,-14.873,1,0.0364,0.0746,0.0741,0.133,0.519,122.48,375267,2urphK2gaVU9oJxhRAUjKE,hugot opm
47FBi8vqUr5nH2j2QWD4RR,Lightyears,7374lH6kwx9uQATYQ9H3Cp,Eraserheads,6n5PnNxyDgh1YOpGkla9Ki,258733,1996-12-14,29,0.452,0.439,8,-14.225,1,0.0305,0.0364,0.000348,0.08,0.28,138.057,258733,2urphK2gaVU9oJxhRAUjKE,hugot opm
60rkq0VvIG13zzwdTFlzdA,Santa Ain't Comin' No Mo,7374lH6kwx9uQATYQ9H3Cp,Eraserheads,6n5PnNxyDgh1YOpGkla9Ki,171866,1996-12-14,17,0.799,0.471,11,-12.692,1,0.0424,0.702,0.0,0.113,0.803,112.14,171867,2urphK2gaVU9oJxhRAUjKE,hugot opm
0keQ1tBbYve33j3D827bAO,Christmas Party,7374lH6kwx9uQATYQ9H3Cp,Eraserheads,6n5PnNxyDgh1YOpGkla9Ki,244400,1996-12-14,31,0.613,0.515,1,-13.031,1,0.0283,0.0548,6.69e-05,0.115,0.505,111.986,244400,2urphK2gaVU9oJxhRAUjKE,hugot opm
6TAshhZUKKDhDDdkJOIne2,Christmas Morning,7374lH6kwx9uQATYQ9H3Cp,Eraserheads,6n5PnNxyDgh1YOpGkla9Ki,243400,1996-12-14,20,0.635,0.132,8,-16.786,1,0.0327,0.865,0.0,0.115,0.239,120.353,243400,2urphK2gaVU9oJxhRAUjKE,hugot opm
5hagctxftYOW3FREpLevH7,Kaliwete,7374lH6kwx9uQATYQ9H3Cp,Eraserheads,616gVbSZhqmxgSBKqmZZ7T,187173,1998-11-27,40,0.462,0.783,8,-10.813,1,0.0373,0.204,3.24e-06,0.303,0.707,145.388,186874,2urphK2gaVU9oJxhRAUjKE,hugot opm
4B4W2YJB2BpeOY9sKJ1ttM,Ha Ha Ha,7374lH6kwx9uQATYQ9H3Cp,Eraserheads,616gVbSZhqmxgSBKqmZZ7T,282440,1998-11-27,23,0.569,0.609,1,-11.745,1,0.035,0.00721,0.363,0.635,0.86,138.746,282355,2urphK2gaVU9oJxhRAUjKE,hugot opm
6wGyV4BOdrtWYgHY6F9IUD,Balikbayan Box,7374lH6kwx9uQATYQ9H3Cp,Eraserheads,616gVbSZhqmxgSBKqmZZ7T,312693,1998-11-27,38,0.589,0.426,7,-15.336,1,0.0322,0.103,0.437,0.0678,0.269,129.948,312494,2urphK2gaVU9oJxhRAUjKE,hugot opm
0I5Z0p0cLWdyJNC6sqMTwD,Spoliarium,7374lH6kwx9uQATYQ9H3Cp,Eraserheads,616gVbSZhqmxgSBKqmZZ7T,326760,1998-11-27,60,0.367,0.428,8,-12.259,0,0.0308,0.562,3.23e-06,0.229,0.538,170.722,326658,2urphK2gaVU9oJxhRAUjKE,hugot opm
7lLdrBmH63e9P1BDRx9eQI,Hard To Believe,7374lH6kwx9uQATYQ9H3Cp,Eraserheads,616gVbSZhqmxgSBKqmZZ7T,211000,1998-11-27,30,0.492,0.319,4,-15.992,1,0.0286,0.414,0.000124,0.161,0.166,81.366,210698,2urphK2gaVU9oJxhRAUjKE,hugot opm
2d7NEsj5lvDCTzsK07MRlW,Julie Tearjerky,7374lH6kwx9uQATYQ9H3Cp,Eraserheads,4rI4m4MlrYAzeMMfsb1ZkR,215293,1998-08-12,31,0.703,0.631,8,-11.375,1,0.029,0.0886,0.0,0.0623,0.86,125.066,215293,2urphK2gaVU9oJxhRAUjKE,hugot opm
6q8Hzgy0AUALt14m5hUb1e,Huwag Kang Matakot,7374lH6kwx9uQATYQ9H3Cp,Eraserheads,3PHIP06HdZkoQkYsdejC53,189680,1999-05-18,59,0.583,0.704,1,-10.02,1,0.0335,0.0463,0.000143,0.152,0.964,127.118,189680,2urphK2gaVU9oJxhRAUjKE,hugot opm
61jPZwzRkdQ0dZP3bDtyTX,Tuwing Umuulan At Kapiling Ka,7374lH6kwx9uQATYQ9H3Cp,Eraserheads,2DIpgoeZAbwk3wF1qSDj8v,283493,2004-01-23,52,0.315,0.667,10,-7.905,1,0.0359,0.755,0.0,0.119,0.362,77.602,283493,2urphK2gaVU9oJxhRAUjKE,hugot opm
30LQGhfp9YOmEFzuNmNzLz,However Which Way,1O5rl0K2M7NDlfgE9ChFfq,Introvoys,2064d5fIauwXP3IOZ4eEoe,268093,2007-03-07,26,0.451,0.667,11,-6.346,1,0.0313,0.21,1.95e-05,0.104,0.386,183.505,268093,2urphK2gaVU9oJxhRAUjKE,hugot opm
54IoFwtSsQw7ejPKbHVuG4,I Think I'm In Love,0ntzbBdKbiyPx06Xscs9UI,Kuh Ledesma,3qAViBHgy71kBHr6xXWeFe,201426,2010-09-13,0,0.518,0.423,0,-12.351,1,0.0551,0.814,0.000919,0.111,0.568,89.51,201427,2urphK2gaVU9oJxhRAUjKE,hugot opm
0GmCJqtnQZmpcOBDiQkJqT,Lullabye,1O5rl0K2M7NDlfgE9ChFfq,Introvoys,2064d5fIauwXP3IOZ4eEoe,205720,2007-03-07,22,0.55,0.408,1,-8.62,1,0.0271,0.722,0.000399,0.111,0.339,128.198,205720,2urphK2gaVU9oJxhRAUjKE,hugot opm
6k3b9NQnivP9wUhA7PgbOU,To Love Again,1vg8YXdgvLLPPeXZkM7g5W,Daryl Ong,5bKviOwxDPC7K25O9Ryxbq,290680,2016-09-27,7,0.299,0.36,9,-6.235,1,0.0287,0.806,0.0,0.114,0.19,140.102,290681,2urphK2gaVU9oJxhRAUjKE,hugot opm
4p6PqX80scbKiKLiy40Yw8,Suddenly,2b13AzQC2dauXDkpnX5xv7,Jennylyn Mercado,6TSPuMEogyUT38sWgZuQc9,237276,2016-09-12,0,0.604,0.404,7,-11.592,1,0.0274,0.552,0.0,0.108,0.323,135.731,237277,2urphK2gaVU9oJxhRAUjKE,hugot opm
0gdTyNxhTOaY4pTfQGD16w,Till My Heartaches End,2b13AzQC2dauXDkpnX5xv7,Jennylyn Mercado,6uImG3CGrEsSZn8k0VwfQP,247594,2014-10-04,32,0.459,0.209,9,-10.165,1,0.04,0.847,0.0,0.134,0.24,129.616,247595,2urphK2gaVU9oJxhRAUjKE,hugot opm
4T0J3i8yPe8IZ1gAenzJNu,It Takes a Man and a Woman,6aiCKnIN68hohzU3ZzNq48,Sarah Geronimo,7qLloKuh0elEAbq9O5pUTc,229306,2013-07-22,0,0.452,0.465,0,-8.314,1,0.0483,0.688,0.0,0.122,0.0663,88.578,229307,2urphK2gaVU9oJxhRAUjKE,hugot opm
3DS3fB8dmzJmj90A7WXmyj,Kung Sakali,1t2caVgyabZrVDAlmMGraV,Michael Pangilinan,5smhvbie90IDjoJoQTI7lk,250920,2016-08-19,56,0.533,0.543,11,-5.736,1,0.0285,0.332,0.0,0.299,0.213,130.043,250920,1QEcxHqZEBqbcPrC3mrdcU,Hugot OPM
5IIWMpj17kuk0KVjkAL6Ju,"Gusto Ko Nang Bumitaw - from ""The Broken Marriage Vow""",62WbvkXqQGvXQvw74GU3kQ,Morissette,1Ux6RuF1tfpuZmEQp0hTYY,271846,2022-02-11,60,0.682,0.489,1,-8.203,1,0.038,0.571,0.0223,0.0912,0.35,129.97,271846,1QEcxHqZEBqbcPrC3mrdcU,Hugot OPM
36cSutsYPF8yf9cu9xc0TK,Maging Sino Ka Man,6mVzqdn9XcKPzW7W9yOoC8,Kim Molina,58DV1Ox3UqzMasFB4WxEYN,206566,2019-09-13,38,0.336,0.211,0,-8.819,1,0.0321,0.91,0.000134,0.124,0.117,62.106,206566,1QEcxHqZEBqbcPrC3mrdcU,Hugot OPM
5GLwOVBAeanqqQXc4z8DgZ,Pagibig Ko'Y Pansinin - Stairway to Heaven Theme,34cGwuKaXOEJlytCGL1egm,Faith Cuneta,50AyaTt8XheEjNrsfVO461,246013,2004-01-05,46,0.394,0.417,4,-6.051,1,0.0293,0.873,1.38e-05,0.0935,0.0986,73.873,246013,1QEcxHqZEBqbcPrC3mrdcU,Hugot OPM
7sbCGaQ050jET6mQpcpimT,Walang Iba,4flyhH0Zv4Dub2HzZQN7tZ,Ezra Band,3RLoOQMhkHWLPgRndEE0zs,268693,2017-03-03,59,0.552,0.446,6,-9.8,1,0.0316,0.396,0.0,0.113,0.307,143.794,268693,1QEcxHqZEBqbcPrC3mrdcU,Hugot OPM
5clVv8lST63jkbFACyhob3,Lason Mong Halik,6IGHpZDinQ5XCihUOY7Kx5,Katrina Velarde,7gpgA3dWAViEtfiIoNcj8g,238605,2017-03-17,62,0.647,0.557,7,-5.204,1,0.0292,0.61,0.0,0.355,0.412,128.24,238605,1QEcxHqZEBqbcPrC3mrdcU,Hugot OPM
2mvctj1Dsqzn3pnDPUfLAx,Sa Isip Ko,4BNWanhw4AjSXjBm9L1Jzy,Juris,1MvRUkCjDnRCUPhWShgcQv,220502,2013-01-01,3,0.553,0.292,9,-9.405,1,0.0336,0.818,1.01e-06,0.158,0.429,143.534,220503,4qFgUZucr2xW5BZHHs7Quk,Hugot OPM ðŸŒ»
6kf4GndU6a3XHKJ91Ja7VL,Kapag Ako Ay Nagmahal,4BNWanhw4AjSXjBm9L1Jzy,Juris,1cWfZwejjIwCylfFHFqzm3,255977,2011-07-19,0,0.217,0.267,9,-8.275,1,0.0325,0.928,5.09e-06,0.143,0.0815,92.983,255977,4qFgUZucr2xW5BZHHs7Quk,Hugot OPM ðŸŒ»
65e0XhogammwZhQ2i06vQG,Paalam Na,1Imlf2KHeVnyY2bkZe1bNC,Klarisse,3fXYN3gFEHfU9xTJnkIUF8,310440,2017-07-28,38,0.351,0.472,4,-6.044,1,0.0294,0.528,6.96e-05,0.261,0.209,89.6,310440,4qFgUZucr2xW5BZHHs7Quk,Hugot OPM ðŸŒ»
0dqbiw7833wB9Trzgn2h4A,Mahal Mo Pa Ba Ako,1Imlf2KHeVnyY2bkZe1bNC,Klarisse,3fXYN3gFEHfU9xTJnkIUF8,256720,2017-07-28,30,0.474,0.457,2,-6.318,1,0.0378,0.76,9.82e-05,0.331,0.222,133.834,256720,4qFgUZucr2xW5BZHHs7Quk,Hugot OPM ðŸŒ»
1IooDMR3MElhltQX75l3KT,Ikaw Ay Ako,1Imlf2KHeVnyY2bkZe1bNC,Klarisse,3fXYN3gFEHfU9xTJnkIUF8,246760,2017-07-28,48,0.559,0.367,3,-6.364,1,0.0285,0.835,0.0,0.12,0.176,125.953,246760,4qFgUZucr2xW5BZHHs7Quk,Hugot OPM ðŸŒ»
6ZHKSAcOQpaZuQOruOPH8R,Wala Na Talaga,1Imlf2KHeVnyY2bkZe1bNC,Klarisse,5zOnrSjnInU8ODThMwEdbx,278973,2017-07-28,10,0.457,0.49,6,-7.312,1,0.0502,0.807,0.0,0.142,0.267,129.498,278973,4qFgUZucr2xW5BZHHs7Quk,Hugot OPM ðŸŒ»
6GNNxVIW7odsFmuRfQihxM,Ayoko Na Sana,4QvYFzlTFZFg2904xx8gOu,Ariel Rivera,223PcnqBSV1tre7f8FW9Ue,194453,2000,44,0.563,0.456,6,-9.168,0,0.0309,0.868,0.00418,0.0924,0.108,129.772,194453,4qFgUZucr2xW5BZHHs7Quk,Hugot OPM ðŸŒ»
4r7uXnwJsxhrqceeyvfrXF,Halaga,2XHTklRsNMOOQT56Zm3WS4,Parokya Ni Edgar,6Mzh5Y1hNNwER2xnACwq8V,352680,2014-03-16,37,0.492,0.574,2,-8.907,1,0.0357,0.137,1.64e-06,0.0844,0.662,134.51,352680,4qFgUZucr2xW5BZHHs7Quk,Hugot OPM ðŸŒ»
1JGrvNWATsIoBRLQXOC3Nv,Hanggang Ngayo'y Mahal,6NEo2X59zgMncDWRLEOcs0,JAYA,5RcsLONhoImaETfVjgXQqD,224666,1996-06-16,39,0.716,0.273,2,-15.638,1,0.0313,0.14,5.21e-06,0.161,0.244,130.011,224667,4qFgUZucr2xW5BZHHs7Quk,Hugot OPM ðŸŒ»
5Ygv1eyY121pulBFUuTnNK,At Ang Hirap,7DW4ijH3n36QN0RlC0n649,Angeline Quinto,0PtxVYnihXXTVMIywpf98n,257506,2017-01-18,48,0.578,0.307,7,-8.492,1,0.0355,0.826,1.64e-06,0.164,0.305,129.98,257507,4qFgUZucr2xW5BZHHs7Quk,Hugot OPM ðŸŒ»
0YRWPhLCzAMLH0gchiG84e,Kung Naging Tayong Dalawa,6IGHpZDinQ5XCihUOY7Kx5,Katrina Velarde,1LgBRGrWQpklmSuUBB0svQ,229866,2017-04-04,44,0.649,0.631,11,-6.192,0,0.057,0.364,0.0,0.118,0.816,159.921,229867,4qFgUZucr2xW5BZHHs7Quk,Hugot OPM ðŸŒ»
2UT99g3NYrnkDJ8MWvrBqo,Ikaw Lang Ang Mahal,4kl1LM3rjWg83OBrmNlzOZ,Donna Cruz,7IqD6CT3nT9yfqOPkleS2V,226733,2002,46,0.435,0.268,4,-13.586,1,0.0292,0.626,0.0,0.112,0.233,176.031,226733,4qFgUZucr2xW5BZHHs7Quk,Hugot OPM ðŸŒ»
5y6a8OkJiTSC5uo1yFfskM,Tayo Lang Dalawa,4kl1LM3rjWg83OBrmNlzOZ,Donna Cruz,3R97NIaRiltyaYI276sfxm,241840,2002,44,0.609,0.364,4,-13.828,1,0.0286,0.272,0.0,0.108,0.365,130.047,241840,4qFgUZucr2xW5BZHHs7Quk,Hugot OPM ðŸŒ»
0UqhXNYxSxSCxuBvINoPpm,Bakit Ikaw Pa Rin,6UQTbEpZKmU9aSUUBEjVnS,Maricris Garcia,3dXHEJZCsguCfNIu6FCZWQ,274106,2008-06-01,43,0.543,0.552,8,-5.562,1,0.0288,0.492,0.0,0.214,0.107,135.057,274107,4qFgUZucr2xW5BZHHs7Quk,Hugot OPM ðŸŒ»
4Yp1a9HZjtnNCd577RLYp2,Kay Tagal,2JEIN1g27pZdm3hKB9EwE5,Mark Carpio,6E5TwOXhw6KyhX4P0p9vdK,219966,2015-01-15,59,0.686,0.42,2,-8.32,1,0.0308,0.723,0.0,0.119,0.308,121.967,219966,4qFgUZucr2xW5BZHHs7Quk,Hugot OPM ðŸŒ»
0R16V3ua0CNeRJN7YygKWW,Balang Araw,4hNZMb0muFmkx2LFZwlFcM,Budakhel,6ZdRPC3q9HWnVa2vnUG6Zm,277000,2019-09-13,43,0.507,0.595,4,-5.052,1,0.03,0.266,0.0,0.112,0.156,133.995,277000,4qFgUZucr2xW5BZHHs7Quk,Hugot OPM ðŸŒ»
42O7mssBsIgd7hSbHIDQM8,Hanggang May Kailanman,00RJAkLnjGx4kVWVJbOJx1,Carol Banawa,3gs5h0S1MsOnfTOlQ5km7B,261146,2005-12-20,37,0.394,0.393,9,-6.324,1,0.0316,0.718,3.97e-05,0.123,0.224,72.589,261124,4qFgUZucr2xW5BZHHs7Quk,Hugot OPM ðŸŒ»
6qbv1FJeEgzKC2D66xvLFa,Pwede Bang Ako Na Lang Ulit,0kRAKgEOVI43Qkz9PLmPt8,Bugoy Drilon,64YDnSZxs1wQnUIwgAOPyx,255559,2013,9,0.49,0.387,6,-9.854,1,0.0274,0.388,0.00125,0.111,0.157,128.755,255559,4qFgUZucr2xW5BZHHs7Quk,Hugot OPM ðŸŒ»
3Sci6bvEJ9pjzSMuEVIzQF,Dahan-Dahan,6cXE5RU6ad2uzeRUxh7Olj,MAJA,3ppZGR77odiva6AcYUKFQH,198666,2014-03-06,49,0.719,0.52,2,-9.361,1,0.0744,0.47,0.0,0.0724,0.504,152.032,198667,4qFgUZucr2xW5BZHHs7Quk,Hugot OPM ðŸŒ»
0ZYNxGSgpHxhRME8KjTMnH,Ikaw Pala,11Jdq2gOTBhmfEYmFrZlue,Kris Lawrence,35quT42Y3dDuuLFz3oAXYp,253853,2013-05-15,51,0.4,0.285,4,-12.392,1,0.0283,0.112,0.0,0.11,0.282,173.948,253853,4qFgUZucr2xW5BZHHs7Quk,Hugot OPM ðŸŒ»
1uzbth6cgmu0rl5MVfdtdA,"Sana (Love Theme From ""Captain Barbell"")",2TnJoEY5ctCfKaCwosowyY,Shamrock,6rfNifF9BMWfvuXng0TBoW,219240,2005-01-01,45,0.618,0.284,9,-7.575,1,0.0327,0.854,0.0,0.107,0.403,73.955,219240,4qFgUZucr2xW5BZHHs7Quk,Hugot OPM ðŸŒ»
