playlist_id,playlist_name
37i9dQZF1DWTwnEm1IYyoj,Soft Pop Hits
37i9dQZF1DWTwnEm1IYyoj,Soft Pop Hits
37i9dQZF1DWTwnEm1IYyoj,Soft Pop Hits
37i9dQZF1DWTwnEm1IYyoj,Soft Pop Hits
37i9dQZF1DWTwnEm1IYyoj,Soft Pop Hits
37i9dQZF1DWTwnEm1IYyoj,Soft Pop Hits
37i9dQZF1DWTwnEm1IYyoj,Soft Pop Hits
37i9dQZF1DWTwnEm1IYyoj,Soft Pop Hits
37i9dQZF1DWTwnEm1IYyoj,Soft Pop Hits
37i9dQZF1DWTwnEm1IYyoj,Soft Pop Hits
37i9dQZF1DWTwnEm1IYyoj,Soft Pop Hits
37i9dQZF1DWTwnEm1IYyoj,Soft Pop Hits
37i9dQZF1DWTwnEm1IYyoj,Soft Pop Hits
37i9dQZF1DWTwnEm1IYyoj,Soft Pop Hits
37i9dQZF1DWTwnEm1IYyoj,Soft Pop Hits
37i9dQZF1DWTwnEm1IYyoj,Soft Pop Hits
37i9dQZF1DWTwnEm1IYyoj,Soft Pop Hits
37i9dQZF1DWTwnEm1IYyoj,Soft Pop Hits
37i9dQZF1DWTwnEm1IYyoj,Soft Pop Hits
37i9dQZF1DWTwnEm1IYyoj,Soft Pop Hits
37i9dQZF1DWTwnEm1IYyoj,Soft Pop Hits
37i9dQZF1DWTwnEm1IYyoj,Soft Pop Hits
37i9dQZF1DWTwnEm1IYyoj,Soft Pop Hits
37i9dQZF1DWTwnEm1IYyoj,Soft Pop Hits
37i9dQZF1DWTwnEm1IYyoj,Soft Pop Hits
37i9dQZF1DWTwnEm1IYyoj,Soft Pop Hits
37i9dQZF1DWTwnEm1IYyoj,Soft Pop Hits
37i9dQZF1DWTwnEm1IYyoj,Soft Pop Hits
37i9dQZF1DWTwnEm1IYyoj,Soft Pop Hits
37i9dQZF1DWTwnEm1IYyoj,Soft Pop Hits
37i9dQZF1DWTwnEm1IYyoj,Soft Pop Hits
37i9dQZF1DWTwnEm1IYyoj,Soft Pop Hits
37i9dQZF1DWTwnEm1IYyoj,Soft Pop Hits
37i9dQZF1DWTwnEm1IYyoj,Soft Pop Hits
37i9dQZF1DWTwnEm1IYyoj,Soft Pop Hits
37i9dQZF1DWTwnEm1IYyoj,Soft Pop Hits
37i9dQZF1DWTwnEm1IYyoj,Soft Pop Hits
37i9dQZF1DWTwnEm1IYyoj,Soft Pop Hits
37i9dQZF1DWTwnEm1IYyoj,Soft Pop Hits
37i9dQZF1DWTwnEm1IYyoj,Soft Pop Hits
37i9dQZF1DWTwnEm1IYyoj,Soft Pop Hits
37i9dQZF1DWTwnEm1IYyoj,Soft Pop Hits
37i9dQZF1DWTwnEm1IYyoj,Soft Pop Hits
37i9dQZF1DWTwnEm1IYyoj,Soft Pop Hits
37i9dQZF1DWTwnEm1IYyoj,Soft Pop Hits
37i9dQZF1DWTwnEm1IYyoj,Soft Pop Hits
37i9dQZF1DWTwnEm1IYyoj,Soft Pop Hits
37i9dQZF1DWTwnEm1IYyoj,Soft Pop Hits
37i9dQZF1DWTwnEm1IYyoj,Soft Pop Hits
37i9dQZF1DWTwnEm1IYyoj,Soft Pop Hits
37i9dQZF1DWTwnEm1IYyoj,Soft Pop Hits
37i9dQZF1DWTwnEm1IYyoj,Soft Pop Hits
37i9dQZF1DWTwnEm1IYyoj,Soft Pop Hits
37i9dQZF1DWTwnEm1IYyoj,Soft Pop Hits
37i9dQZF1DWTwnEm1IYyoj,Soft Pop Hits
37i9dQZF1DWTwnEm1IYyoj,Soft Pop Hits
37i9dQZF1DWTwnEm1IYyoj,Soft Pop Hits
37i9dQZF1DWTwnEm1IYyoj,Soft Pop Hits
37i9dQZF1DWTwnEm1IYyoj,Soft Pop Hits
37i9dQZF1DWTwnEm1IYyoj,Soft Pop Hits
37i9dQZF1DWTwnEm1IYyoj,Soft Pop Hits
37i9dQZF1DWTwnEm1IYyoj,Soft Pop Hits
37i9dQZF1DWTwnEm1IYyoj,Soft Pop Hits
37i9dQZF1DWTwnEm1IYyoj,Soft Pop Hits
37i9dQZF1DWTwnEm1IYyoj,Soft Pop Hits
37i9dQZF1DWTwnEm1IYyoj,Soft Pop Hits
37i9dQZF1DWTwnEm1IYyoj,Soft Pop Hits
37i9dQZF1DWTwnEm1IYyoj,Soft Pop Hits
37i9dQZF1DWTwnEm1IYyoj,Soft Pop Hits
37i9dQZF1DWTwnEm1IYyoj,Soft Pop Hits
37i9dQZF1DWTwnEm1IYyoj,Soft Pop Hits
37i9dQZF1DWTwnEm1IYyoj,Soft Pop Hits
37i9dQZF1DWTwnEm1IYyoj,Soft Pop Hits
37i9dQZF1DWTwnEm1IYyoj,Soft Pop Hits
37i9dQZF1DWTwnEm1IYyoj,Soft Pop Hits
37i9dQZF1DWTwnEm1IYyoj,Soft Pop Hits
37i9dQZF1DWTwnEm1IYyoj,Soft Pop Hits
37i9dQZF1DWTwnEm1IYyoj,Soft Pop Hits
37i9dQZF1DWTwnEm1IYyoj,Soft Pop Hits
37i9dQZF1DWTwnEm1IYyoj,Soft Pop Hits
37i9dQZF1DWTwnEm1IYyoj,Soft Pop Hits
37i9dQZF1DWTwnEm1IYyoj,Soft Pop Hits
37i9dQZF1DWTwnEm1IYyoj,Soft Pop Hits
37i9dQZF1DWTwnEm1IYyoj,Soft Pop Hits
37i9dQZF1DWTwnEm1IYyoj,Soft Pop Hits
37i9dQZF1DWTwnEm1IYyoj,Soft Pop Hits
37i9dQZF1DWTwnEm1IYyoj,Soft Pop Hits
37i9dQZF1DWTwnEm1IYyoj,Soft Pop Hits
37i9dQZF1DWTwnEm1IYyoj,Soft Pop Hits
37i9dQZF1DWTwnEm1IYyoj,Soft Pop Hits
37i9dQZF1DWTwnEm1IYyoj,Soft Pop Hits
37i9dQZF1DWTwnEm1IYyoj,Soft Pop Hits
37i9dQZF1DWTwnEm1IYyoj,Soft Pop Hits
37i9dQZF1DWTwnEm1IYyoj,Soft Pop Hits
37i9dQZF1DWTwnEm1IYyoj,Soft Pop Hits
37i9dQZF1DWTwnEm1IYyoj,Soft Pop Hits
37i9dQZF1DWTwnEm1IYyoj,Soft Pop Hits
37i9dQZF1DWTwnEm1IYyoj,Soft Pop Hits
37i9dQZF1DWTwnEm1IYyoj,Soft Pop Hits
37i9dQZF1DWTwnEm1IYyoj,Soft Pop Hits
37i9dQZF1DWTwnEm1IYyoj,Soft Pop Hits
37i9dQZF1DWTwnEm1IYyoj,Soft Pop Hits
37i9dQZF1DWTwnEm1IYyoj,Soft Pop Hits
37i9dQZF1DWTwnEm1IYyoj,Soft Pop Hits
37i9dQZF1DWTwnEm1IYyoj,Soft Pop Hits
37i9dQZF1DWTwnEm1IYyoj,Soft Pop Hits
37i9dQZF1DWTwnEm1IYyoj,Soft Pop Hits
37i9dQZF1DWTwnEm1IYyoj,Soft Pop Hits
37i9dQZF1DWTwnEm1IYyoj,Soft Pop Hits
37i9dQZF1DWTwnEm1IYyoj,Soft Pop Hits
37i9dQZF1DWTwnEm1IYyoj,Soft Pop Hits
37i9dQZF1DWTwnEm1IYyoj,Soft Pop Hits
37i9dQZF1DWTwnEm1IYyoj,Soft Pop Hits
37i9dQZF1DWTwnEm1IYyoj,Soft Pop Hits
37i9dQZF1DWTwnEm1IYyoj,Soft Pop Hits
37i9dQZF1DWTwnEm1IYyoj,Soft Pop Hits
37i9dQZF1DWTwnEm1IYyoj,Soft Pop Hits
37i9dQZF1DWTwnEm1IYyoj,Soft Pop Hits
37i9dQZF1DWTwnEm1IYyoj,Soft Pop Hits
37i9dQZF1DWTwnEm1IYyoj,Soft Pop Hits
37i9dQZF1DWTwnEm1IYyoj,Soft Pop Hits
37i9dQZF1DWTwnEm1IYyoj,Soft Pop Hits
37i9dQZF1DWTwnEm1IYyoj,Soft Pop Hits
37i9dQZF1DWTwnEm1IYyoj,Soft Pop Hits
37i9dQZF1DWTwnEm1IYyoj,Soft Pop Hits
37i9dQZF1DWTwnEm1IYyoj,Soft Pop Hits
37i9dQZF1DWTwnEm1IYyoj,Soft Pop Hits
37i9dQZF1DWTwnEm1IYyoj,Soft Pop Hits
37i9dQZF1DWTwnEm1IYyoj,Soft Pop Hits
37i9dQZF1DWTwnEm1IYyoj,Soft Pop Hits
37i9dQZF1DWTwnEm1IYyoj,Soft Pop Hits
37i9dQZF1DWTwnEm1IYyoj,Soft Pop Hits
37i9dQZF1DWTwnEm1IYyoj,Soft Pop Hits
37i9dQZF1DWTwnEm1IYyoj,Soft Pop Hits
37i9dQZF1DWTwnEm1IYyoj,Soft Pop Hits
37i9dQZF1DWTwnEm1IYyoj,Soft Pop Hits
37i9dQZF1DWTwnEm1IYyoj,Soft Pop Hits
37i9dQZF1DWTwnEm1IYyoj,Soft Pop Hits
37i9dQZF1DWTwnEm1IYyoj,Soft Pop Hits
37i9dQZF1DWTwnEm1IYyoj,Soft Pop Hits
37i9dQZF1DWTwnEm1IYyoj,Soft Pop Hits
37i9dQZF1DWTwnEm1IYyoj,Soft Pop Hits
37i9dQZF1DWTwnEm1IYyoj,Soft Pop Hits
37i9dQZF1DWTwnEm1IYyoj,Soft Pop Hits
37i9dQZF1DWTwnEm1IYyoj,Soft Pop Hits
37i9dQZF1DWTwnEm1IYyoj,Soft Pop Hits
37i9dQZF1DWTwnEm1IYyoj,Soft Pop Hits
37i9dQZF1DWTwnEm1IYyoj,Soft Pop Hits
37i9dQZF1DWTwnEm1IYyoj,Soft Pop Hits
37i9dQZF1DWTwnEm1IYyoj,Soft Pop Hits
37i9dQZF1DWTwnEm1IYyoj,Soft Pop Hits
37i9dQZF1DWTwnEm1IYyoj,Soft Pop Hits
37i9dQZF1DWTwnEm1IYyoj,Soft Pop Hits
37i9dQZF1DWTwnEm1IYyoj,Soft Pop Hits
37i9dQZF1DWTwnEm1IYyoj,Soft Pop Hits
37i9dQZF1DWTwnEm1IYyoj,Soft Pop Hits
37i9dQZF1DWTwnEm1IYyoj,Soft Pop Hits
37i9dQZF1DWTwnEm1IYyoj,Soft Pop Hits
37i9dQZF1DWTwnEm1IYyoj,Soft Pop Hits
37i9dQZF1DWTwnEm1IYyoj,Soft Pop Hits
37i9dQZF1DWTwnEm1IYyoj,Soft Pop Hits
37i9dQZF1DWTwnEm1IYyoj,Soft Pop Hits
37i9dQZF1DWTwnEm1IYyoj,Soft Pop Hits
37i9dQZF1DWTwnEm1IYyoj,Soft Pop Hits
37i9dQZF1DWTwnEm1IYyoj,Soft Pop Hits
37i9dQZF1DWTwnEm1IYyoj,Soft Pop Hits
37i9dQZF1DWTwnEm1IYyoj,Soft Pop Hits
37i9dQZF1DWTwnEm1IYyoj,Soft Pop Hits
37i9dQZF1DWTwnEm1IYyoj,Soft Pop Hits
37i9dQZF1DWTwnEm1IYyoj,Soft Pop Hits
37i9dQZF1DWTwnEm1IYyoj,Soft Pop Hits
37i9dQZF1DWTwnEm1IYyoj,Soft Pop Hits
37i9dQZF1DWTwnEm1IYyoj,Soft Pop Hits
37i9dQZF1DWTwnEm1IYyoj,Soft Pop Hits
37i9dQZF1DWTwnEm1IYyoj,Soft Pop Hits
37i9dQZF1DWTwnEm1IYyoj,Soft Pop Hits
37i9dQZF1DWTwnEm1IYyoj,Soft Pop Hits
37i9dQZF1DWTwnEm1IYyoj,Soft Pop Hits
37i9dQZF1DWTwnEm1IYyoj,Soft Pop Hits
37i9dQZF1DWTwnEm1IYyoj,Soft Pop Hits
37i9dQZF1DWTwnEm1IYyoj,Soft Pop Hits
37i9dQZF1DWTwnEm1IYyoj,Soft Pop Hits
37i9dQZF1DWTwnEm1IYyoj,Soft Pop Hits
37i9dQZF1DWTwnEm1IYyoj,Soft Pop Hits
37i9dQZF1DWTwnEm1IYyoj,Soft Pop Hits
37i9dQZF1DWTwnEm1IYyoj,Soft Pop Hits
37i9dQZF1DWTwnEm1IYyoj,Soft Pop Hits
37i9dQZF1DWTwnEm1IYyoj,Soft Pop Hits
37i9dQZF1DWTwnEm1IYyoj,Soft Pop Hits
37i9dQZF1DWTwnEm1IYyoj,Soft Pop Hits
37i9dQZF1DWTwnEm1IYyoj,Soft Pop Hits
37i9dQZF1DWTwnEm1IYyoj,Soft Pop Hits
37i9dQZF1DWTwnEm1IYyoj,Soft Pop Hits
37i9dQZF1DWTwnEm1IYyoj,Soft Pop Hits
37i9dQZF1DWTwnEm1IYyoj,Soft Pop Hits
37i9dQZF1DWTwnEm1IYyoj,Soft Pop Hits
37i9dQZF1DWTwnEm1IYyoj,Soft Pop Hits
37i9dQZF1DWTwnEm1IYyoj,Soft Pop Hits
37i9dQZF1DWTwnEm1IYyoj,Soft Pop Hits
37i9dQZF1DWTwnEm1IYyoj,Soft Pop Hits
37i9dQZF1DX6aTaZa0K6VA,Pop Up
37i9dQZF1DX6aTaZa0K6VA,Pop Up
37i9dQZF1DX6aTaZa0K6VA,Pop Up
37i9dQZF1DX6aTaZa0K6VA,Pop Up
37i9dQZF1DX6aTaZa0K6VA,Pop Up
37i9dQZF1DX6aTaZa0K6VA,Pop Up
37i9dQZF1DX6aTaZa0K6VA,Pop Up
37i9dQZF1DX6aTaZa0K6VA,Pop Up
37i9dQZF1DX6aTaZa0K6VA,Pop Up
37i9dQZF1DX6aTaZa0K6VA,Pop Up
37i9dQZF1DX6aTaZa0K6VA,Pop Up
37i9dQZF1DX6aTaZa0K6VA,Pop Up
37i9dQZF1DX6aTaZa0K6VA,Pop Up
37i9dQZF1DX6aTaZa0K6VA,Pop Up
37i9dQZF1DX6aTaZa0K6VA,Pop Up
37i9dQZF1DX6aTaZa0K6VA,Pop Up
37i9dQZF1DX6aTaZa0K6VA,Pop Up
37i9dQZF1DX6aTaZa0K6VA,Pop Up
37i9dQZF1DX6aTaZa0K6VA,Pop Up
37i9dQZF1DX6aTaZa0K6VA,Pop Up
37i9dQZF1DX6aTaZa0K6VA,Pop Up
37i9dQZF1DX6aTaZa0K6VA,Pop Up
37i9dQZF1DX6aTaZa0K6VA,Pop Up
37i9dQZF1DX6aTaZa0K6VA,Pop Up
37i9dQZF1DX6aTaZa0K6VA,Pop Up
37i9dQZF1DX6aTaZa0K6VA,Pop Up
37i9dQZF1DX6aTaZa0K6VA,Pop Up
37i9dQZF1DX6aTaZa0K6VA,Pop Up
37i9dQZF1DX6aTaZa0K6VA,Pop Up
37i9dQZF1DX6aTaZa0K6VA,Pop Up
37i9dQZF1DX6aTaZa0K6VA,Pop Up
37i9dQZF1DX6aTaZa0K6VA,Pop Up
37i9dQZF1DX6aTaZa0K6VA,Pop Up
37i9dQZF1DX6aTaZa0K6VA,Pop Up
37i9dQZF1DX6aTaZa0K6VA,Pop Up
37i9dQZF1DX6aTaZa0K6VA,Pop Up
37i9dQZF1DX6aTaZa0K6VA,Pop Up
37i9dQZF1DX6aTaZa0K6VA,Pop Up
37i9dQZF1DX6aTaZa0K6VA,Pop Up
37i9dQZF1DX6aTaZa0K6VA,Pop Up
37i9dQZF1DX6aTaZa0K6VA,Pop Up
37i9dQZF1DX6aTaZa0K6VA,Pop Up
37i9dQZF1DX6aTaZa0K6VA,Pop Up
37i9dQZF1DX6aTaZa0K6VA,Pop Up
37i9dQZF1DX6aTaZa0K6VA,Pop Up
37i9dQZF1DX6aTaZa0K6VA,Pop Up
37i9dQZF1DX6aTaZa0K6VA,Pop Up
37i9dQZF1DX6aTaZa0K6VA,Pop Up
37i9dQZF1DX6aTaZa0K6VA,Pop Up
37i9dQZF1DX6aTaZa0K6VA,Pop Up
37i9dQZF1DX6aTaZa0K6VA,Pop Up
37i9dQZF1DX6aTaZa0K6VA,Pop Up
37i9dQZF1DX6aTaZa0K6VA,Pop Up
37i9dQZF1DX6aTaZa0K6VA,Pop Up
37i9dQZF1DX6aTaZa0K6VA,Pop Up
37i9dQZF1DX6aTaZa0K6VA,Pop Up
37i9dQZF1DX6aTaZa0K6VA,Pop Up
37i9dQZF1DX6aTaZa0K6VA,Pop Up
37i9dQZF1DX6aTaZa0K6VA,Pop Up
37i9dQZF1DX6aTaZa0K6VA,Pop Up
37i9dQZF1DX6aTaZa0K6VA,Pop Up
37i9dQZF1DX6aTaZa0K6VA,Pop Up
37i9dQZF1DX6aTaZa0K6VA,Pop Up
37i9dQZF1DX6aTaZa0K6VA,Pop Up
37i9dQZF1DX6aTaZa0K6VA,Pop Up
37i9dQZF1DX6aTaZa0K6VA,Pop Up
37i9dQZF1DX6aTaZa0K6VA,Pop Up
37i9dQZF1DX6aTaZa0K6VA,Pop Up
37i9dQZF1DX6aTaZa0K6VA,Pop Up
37i9dQZF1DX6aTaZa0K6VA,Pop Up
37i9dQZF1DX6aTaZa0K6VA,Pop Up
37i9dQZF1DX6aTaZa0K6VA,Pop Up
37i9dQZF1DX6aTaZa0K6VA,Pop Up
37i9dQZF1DX6aTaZa0K6VA,Pop Up
37i9dQZF1DX6aTaZa0K6VA,Pop Up
37i9dQZF1DX6aTaZa0K6VA,Pop Up
37i9dQZF1DX6aTaZa0K6VA,Pop Up
37i9dQZF1DX6aTaZa0K6VA,Pop Up
37i9dQZF1DX6aTaZa0K6VA,Pop Up
37i9dQZF1DX6aTaZa0K6VA,Pop Up
37i9dQZF1DX6aTaZa0K6VA,Pop Up
37i9dQZF1DX6aTaZa0K6VA,Pop Up
37i9dQZF1DX6aTaZa0K6VA,Pop Up
37i9dQZF1DX6aTaZa0K6VA,Pop Up
37i9dQZF1DX6aTaZa0K6VA,Pop Up
37i9dQZF1DX6aTaZa0K6VA,Pop Up
37i9dQZF1DX6aTaZa0K6VA,Pop Up
37i9dQZF1DX6aTaZa0K6VA,Pop Up
37i9dQZF1DX6aTaZa0K6VA,Pop Up
37i9dQZF1DX6aTaZa0K6VA,Pop Up
37i9dQZF1DX6aTaZa0K6VA,Pop Up
37i9dQZF1DX6aTaZa0K6VA,Pop Up
37i9dQZF1DX6aTaZa0K6VA,Pop Up
37i9dQZF1DX6aTaZa0K6VA,Pop Up
37i9dQZF1DX6aTaZa0K6VA,Pop Up
37i9dQZF1DX6aTaZa0K6VA,Pop Up
37i9dQZF1DX6aTaZa0K6VA,Pop Up
37i9dQZF1DX6aTaZa0K6VA,Pop Up
37i9dQZF1DX6aTaZa0K6VA,Pop Up
37i9dQZF1DX6aTaZa0K6VA,Pop Up
37i9dQZF1DX6aTaZa0K6VA,Pop Up
37i9dQZF1DX6aTaZa0K6VA,Pop Up
37i9dQZF1DX6aTaZa0K6VA,Pop Up
37i9dQZF1DX6aTaZa0K6VA,Pop Up
37i9dQZF1DX6aTaZa0K6VA,Pop Up
37i9dQZF1DX6aTaZa0K6VA,Pop Up
37i9dQZF1DX6aTaZa0K6VA,Pop Up
37i9dQZF1DX6aTaZa0K6VA,Pop Up
37i9dQZF1DX6aTaZa0K6VA,Pop Up
37i9dQZF1DX6aTaZa0K6VA,Pop Up
37i9dQZF1DX6aTaZa0K6VA,Pop Up
37i9dQZF1DX6aTaZa0K6VA,Pop Up
37i9dQZF1DX6aTaZa0K6VA,Pop Up
37i9dQZF1DX6aTaZa0K6VA,Pop Up
37i9dQZF1DX6aTaZa0K6VA,Pop Up
37i9dQZF1DX6aTaZa0K6VA,Pop Up
37i9dQZF1DX6aTaZa0K6VA,Pop Up
37i9dQZF1DX6aTaZa0K6VA,Pop Up
37i9dQZF1DX6aTaZa0K6VA,Pop Up
37i9dQZF1DX6aTaZa0K6VA,Pop Up
37i9dQZF1DX6aTaZa0K6VA,Pop Up
37i9dQZF1DX6aTaZa0K6VA,Pop Up
37i9dQZF1DX6aTaZa0K6VA,Pop Up
37i9dQZF1DX6aTaZa0K6VA,Pop Up
37i9dQZF1DX6aTaZa0K6VA,Pop Up
37i9dQZF1DX6aTaZa0K6VA,Pop Up
37i9dQZF1DX6aTaZa0K6VA,Pop Up
37i9dQZF1DX6aTaZa0K6VA,Pop Up
37i9dQZF1DX6aTaZa0K6VA,Pop Up
37i9dQZF1DX6aTaZa0K6VA,Pop Up
37i9dQZF1DX6aTaZa0K6VA,Pop Up
37i9dQZF1DX6aTaZa0K6VA,Pop Up
37i9dQZF1DX6aTaZa0K6VA,Pop Up
37i9dQZF1DX6aTaZa0K6VA,Pop Up
37i9dQZF1DX6aTaZa0K6VA,Pop Up
37i9dQZF1DX6aTaZa0K6VA,Pop Up
37i9dQZF1DX6aTaZa0K6VA,Pop Up
37i9dQZF1DX6aTaZa0K6VA,Pop Up
37i9dQZF1DX6aTaZa0K6VA,Pop Up
37i9dQZF1DX6aTaZa0K6VA,Pop Up
37i9dQZF1DX6aTaZa0K6VA,Pop Up
37i9dQZF1DX6aTaZa0K6VA,Pop Up
37i9dQZF1DX6aTaZa0K6VA,Pop Up
37i9dQZF1DX6aTaZa0K6VA,Pop Up
37i9dQZF1DX6aTaZa0K6VA,Pop Up
37i9dQZF1DX6aTaZa0K6VA,Pop Up
37i9dQZF1DX6aTaZa0K6VA,Pop Up
37i9dQZF1DX6aTaZa0K6VA,Pop Up
37i9dQZF1DX6aTaZa0K6VA,Pop Up
37i9dQZF1DX6aTaZa0K6VA,Pop Up
37i9dQZF1DX6aTaZa0K6VA,Pop Up
37i9dQZF1DX6aTaZa0K6VA,Pop Up
37i9dQZF1DX6aTaZa0K6VA,Pop Up
37i9dQZF1DX6aTaZa0K6VA,Pop Up
37i9dQZF1DX6aTaZa0K6VA,Pop Up
37i9dQZF1DX6aTaZa0K6VA,Pop Up
37i9dQZF1DX6aTaZa0K6VA,Pop Up
37i9dQZF1DX6aTaZa0K6VA,Pop Up
37i9dQZF1DX6aTaZa0K6VA,Pop Up
37i9dQZF1DX6aTaZa0K6VA,Pop Up
37i9dQZF1DX6aTaZa0K6VA,Pop Up
37i9dQZF1DX6aTaZa0K6VA,Pop Up
37i9dQZF1DX6aTaZa0K6VA,Pop Up
37i9dQZF1DX6aTaZa0K6VA,Pop Up
37i9dQZF1DX6aTaZa0K6VA,Pop Up
37i9dQZF1DX6aTaZa0K6VA,Pop Up
37i9dQZF1DX6aTaZa0K6VA,Pop Up
37i9dQZF1DX6aTaZa0K6VA,Pop Up
37i9dQZF1DX6aTaZa0K6VA,Pop Up
37i9dQZF1DX6aTaZa0K6VA,Pop Up
37i9dQZF1DX6aTaZa0K6VA,Pop Up
37i9dQZF1DX6aTaZa0K6VA,Pop Up
37i9dQZF1DX6aTaZa0K6VA,Pop Up
37i9dQZF1DX6aTaZa0K6VA,Pop Up
37i9dQZF1DX6aTaZa0K6VA,Pop Up
37i9dQZF1DX6aTaZa0K6VA,Pop Up
37i9dQZF1DX6aTaZa0K6VA,Pop Up
37i9dQZF1DX6aTaZa0K6VA,Pop Up
37i9dQZF1DX6aTaZa0K6VA,Pop Up
37i9dQZF1DX6aTaZa0K6VA,Pop Up
37i9dQZF1DX6aTaZa0K6VA,Pop Up
37i9dQZF1DX6aTaZa0K6VA,Pop Up
37i9dQZF1DX6aTaZa0K6VA,Pop Up
37i9dQZF1DX6aTaZa0K6VA,Pop Up
37i9dQZF1DX6aTaZa0K6VA,Pop Up
37i9dQZF1DX6aTaZa0K6VA,Pop Up
37i9dQZF1DX6aTaZa0K6VA,Pop Up
37i9dQZF1DX6aTaZa0K6VA,Pop Up
37i9dQZF1DX6aTaZa0K6VA,Pop Up
37i9dQZF1DX6aTaZa0K6VA,Pop Up
37i9dQZF1DX6aTaZa0K6VA,Pop Up
37i9dQZF1DX6aTaZa0K6VA,Pop Up
37i9dQZF1DX6aTaZa0K6VA,Pop Up
37i9dQZF1DX6aTaZa0K6VA,Pop Up
37i9dQZF1DX6aTaZa0K6VA,Pop Up
37i9dQZF1DX6aTaZa0K6VA,Pop Up
37i9dQZF1DX6aTaZa0K6VA,Pop Up
37i9dQZF1DX6aTaZa0K6VA,Pop Up
37i9dQZF1DX6aTaZa0K6VA,Pop Up
37i9dQZF1DX6aTaZa0K6VA,Pop Up
37i9dQZF1DX9tPFwDMOaN1,K-Pop ON! (온)
37i9dQZF1DX9tPFwDMOaN1,K-Pop ON! (온)
37i9dQZF1DX9tPFwDMOaN1,K-Pop ON! (온)
37i9dQZF1DX9tPFwDMOaN1,K-Pop ON! (온)
37i9dQZF1DX9tPFwDMOaN1,K-Pop ON! (온)
37i9dQZF1DX9tPFwDMOaN1,K-Pop ON! (온)
37i9dQZF1DX9tPFwDMOaN1,K-Pop ON! (온)
37i9dQZF1DX9tPFwDMOaN1,K-Pop ON! (온)
37i9dQZF1DX9tPFwDMOaN1,K-Pop ON! (온)
37i9dQZF1DX9tPFwDMOaN1,K-Pop ON! (온)
37i9dQZF1DX9tPFwDMOaN1,K-Pop ON! (온)
37i9dQZF1DX9tPFwDMOaN1,K-Pop ON! (온)
37i9dQZF1DX9tPFwDMOaN1,K-Pop ON! (온)
37i9dQZF1DX9tPFwDMOaN1,K-Pop ON! (온)
37i9dQZF1DX9tPFwDMOaN1,K-Pop ON! (온)
37i9dQZF1DX9tPFwDMOaN1,K-Pop ON! (온)
37i9dQZF1DX9tPFwDMOaN1,K-Pop ON! (온)
37i9dQZF1DX9tPFwDMOaN1,K-Pop ON! (온)
37i9dQZF1DX9tPFwDMOaN1,K-Pop ON! (온)
37i9dQZF1DX9tPFwDMOaN1,K-Pop ON! (온)
37i9dQZF1DX9tPFwDMOaN1,K-Pop ON! (온)
37i9dQZF1DX9tPFwDMOaN1,K-Pop ON! (온)
37i9dQZF1DX9tPFwDMOaN1,K-Pop ON! (온)
37i9dQZF1DX9tPFwDMOaN1,K-Pop ON! (온)
37i9dQZF1DX9tPFwDMOaN1,K-Pop ON! (온)
37i9dQZF1DX9tPFwDMOaN1,K-Pop ON! (온)
37i9dQZF1DX9tPFwDMOaN1,K-Pop ON! (온)
37i9dQZF1DX9tPFwDMOaN1,K-Pop ON! (온)
37i9dQZF1DX9tPFwDMOaN1,K-Pop ON! (온)
37i9dQZF1DX9tPFwDMOaN1,K-Pop ON! (온)
37i9dQZF1DX9tPFwDMOaN1,K-Pop ON! (온)
37i9dQZF1DX9tPFwDMOaN1,K-Pop ON! (온)
37i9dQZF1DX9tPFwDMOaN1,K-Pop ON! (온)
37i9dQZF1DX9tPFwDMOaN1,K-Pop ON! (온)
37i9dQZF1DX9tPFwDMOaN1,K-Pop ON! (온)
37i9dQZF1DX9tPFwDMOaN1,K-Pop ON! (온)
37i9dQZF1DX9tPFwDMOaN1,K-Pop ON! (온)
37i9dQZF1DX9tPFwDMOaN1,K-Pop ON! (온)
37i9dQZF1DX9tPFwDMOaN1,K-Pop ON! (온)
37i9dQZF1DX9tPFwDMOaN1,K-Pop ON! (온)
37i9dQZF1DX9tPFwDMOaN1,K-Pop ON! (온)
37i9dQZF1DX9tPFwDMOaN1,K-Pop ON! (온)
37i9dQZF1DX9tPFwDMOaN1,K-Pop ON! (온)
37i9dQZF1DX9tPFwDMOaN1,K-Pop ON! (온)
37i9dQZF1DX9tPFwDMOaN1,K-Pop ON! (온)
37i9dQZF1DX9tPFwDMOaN1,K-Pop ON! (온)
37i9dQZF1DX9tPFwDMOaN1,K-Pop ON! (온)
37i9dQZF1DX9tPFwDMOaN1,K-Pop ON! (온)
37i9dQZF1DX9tPFwDMOaN1,K-Pop ON! (온)
37i9dQZF1DX9tPFwDMOaN1,K-Pop ON! (온)
37i9dQZF1DX9tPFwDMOaN1,K-Pop ON! (온)
37i9dQZF1DX9tPFwDMOaN1,K-Pop ON! (온)
37i9dQZF1DXcZDD7cfEKhW,Pop Remix
37i9dQZF1DXcZDD7cfEKhW,Pop Remix
37i9dQZF1DXcZDD7cfEKhW,Pop Remix
37i9dQZF1DXcZDD7cfEKhW,Pop Remix
37i9dQZF1DXcZDD7cfEKhW,Pop Remix
37i9dQZF1DXcZDD7cfEKhW,Pop Remix
37i9dQZF1DXcZDD7cfEKhW,Pop Remix
37i9dQZF1DXcZDD7cfEKhW,Pop Remix
37i9dQZF1DXcZDD7cfEKhW,Pop Remix
37i9dQZF1DXcZDD7cfEKhW,Pop Remix
37i9dQZF1DXcZDD7cfEKhW,Pop Remix
37i9dQZF1DXcZDD7cfEKhW,Pop Remix
37i9dQZF1DXcZDD7cfEKhW,Pop Remix
37i9dQZF1DXcZDD7cfEKhW,Pop Remix
37i9dQZF1DXcZDD7cfEKhW,Pop Remix
37i9dQZF1DXcZDD7cfEKhW,Pop Remix
37i9dQZF1DXcZDD7cfEKhW,Pop Remix
37i9dQZF1DXcZDD7cfEKhW,Pop Remix
37i9dQZF1DXcZDD7cfEKhW,Pop Remix
37i9dQZF1DXcZDD7cfEKhW,Pop Remix
37i9dQZF1DXcZDD7cfEKhW,Pop Remix
37i9dQZF1DXcZDD7cfEKhW,Pop Remix
37i9dQZF1DXcZDD7cfEKhW,Pop Remix
37i9dQZF1DXcZDD7cfEKhW,Pop Remix
37i9dQZF1DXcZDD7cfEKhW,Pop Remix
37i9dQZF1DXcZDD7cfEKhW,Pop Remix
37i9dQZF1DXcZDD7cfEKhW,Pop Remix
37i9dQZF1DXcZDD7cfEKhW,Pop Remix
37i9dQZF1DXcZDD7cfEKhW,Pop Remix
37i9dQZF1DXcZDD7cfEKhW,Pop Remix
37i9dQZF1DXcZDD7cfEKhW,Pop Remix
37i9dQZF1DXcZDD7cfEKhW,Pop Remix
37i9dQZF1DXcZDD7cfEKhW,Pop Remix
37i9dQZF1DXcZDD7cfEKhW,Pop Remix
37i9dQZF1DXcZDD7cfEKhW,Pop Remix
37i9dQZF1DXcZDD7cfEKhW,Pop Remix
37i9dQZF1DXcZDD7cfEKhW,Pop Remix
37i9dQZF1DXcZDD7cfEKhW,Pop Remix
37i9dQZF1DXcZDD7cfEKhW,Pop Remix
37i9dQZF1DXcZDD7cfEKhW,Pop Remix
37i9dQZF1DXcZDD7cfEKhW,Pop Remix
37i9dQZF1DXcZDD7cfEKhW,Pop Remix
37i9dQZF1DXcZDD7cfEKhW,Pop Remix
37i9dQZF1DXcZDD7cfEKhW,Pop Remix
37i9dQZF1DXcZDD7cfEKhW,Pop Remix
37i9dQZF1DXcZDD7cfEKhW,Pop Remix
37i9dQZF1DXcZDD7cfEKhW,Pop Remix
37i9dQZF1DXcZDD7cfEKhW,Pop Remix
37i9dQZF1DXcZDD7cfEKhW,Pop Remix
37i9dQZF1DXcZDD7cfEKhW,Pop Remix
37i9dQZF1DXcZDD7cfEKhW,Pop Remix
37i9dQZF1DXcZDD7cfEKhW,Pop Remix
37i9dQZF1DXcZDD7cfEKhW,Pop Remix
37i9dQZF1DXcZDD7cfEKhW,Pop Remix
37i9dQZF1DXcZDD7cfEKhW,Pop Remix
37i9dQZF1DXcZDD7cfEKhW,Pop Remix
37i9dQZF1DXcZDD7cfEKhW,Pop Remix
37i9dQZF1DXcZDD7cfEKhW,Pop Remix
37i9dQZF1DXcZDD7cfEKhW,Pop Remix
37i9dQZF1DXcZDD7cfEKhW,Pop Remix
37i9dQZF1DXcZDD7cfEKhW,Pop Remix
37i9dQZF1DXcZDD7cfEKhW,Pop Remix
37i9dQZF1DXcZDD7cfEKhW,Pop Remix
37i9dQZF1DXcZDD7cfEKhW,Pop Remix
37i9dQZF1DXcZDD7cfEKhW,Pop Remix
37i9dQZF1DXcZDD7cfEKhW,Pop Remix
37i9dQZF1DXcZDD7cfEKhW,Pop Remix
37i9dQZF1DXcZDD7cfEKhW,Pop Remix
37i9dQZF1DXcZDD7cfEKhW,Pop Remix
37i9dQZF1DXcZDD7cfEKhW,Pop Remix
37i9dQZF1DXcZDD7cfEKhW,Pop Remix
37i9dQZF1DXcZDD7cfEKhW,Pop Remix
37i9dQZF1DXcZDD7cfEKhW,Pop Remix
37i9dQZF1DXcZDD7cfEKhW,Pop Remix
37i9dQZF1DXcZDD7cfEKhW,Pop Remix
37i9dQZF1DXcZDD7cfEKhW,Pop Remix
37i9dQZF1DXcZDD7cfEKhW,Pop Remix
37i9dQZF1DXcZDD7cfEKhW,Pop Remix
37i9dQZF1DXcZDD7cfEKhW,Pop Remix
37i9dQZF1DXcZDD7cfEKhW,Pop Remix
37i9dQZF1DXcZDD7cfEKhW,Pop Remix
37i9dQZF1DXcZDD7cfEKhW,Pop Remix
37i9dQZF1DXcZDD7cfEKhW,Pop Remix
37i9dQZF1DXcZDD7cfEKhW,Pop Remix
37i9dQZF1DXcZDD7cfEKhW,Pop Remix
37i9dQZF1DXcZDD7cfEKhW,Pop Remix
37i9dQZF1DXcZDD7cfEKhW,Pop Remix
37i9dQZF1DXcZDD7cfEKhW,Pop Remix
37i9dQZF1DXcZDD7cfEKhW,Pop Remix
37i9dQZF1DXcZDD7cfEKhW,Pop Remix
37i9dQZF1DXcZDD7cfEKhW,Pop Remix
37i9dQZF1DXcZDD7cfEKhW,Pop Remix
37i9dQZF1DXcZDD7cfEKhW,Pop Remix
37i9dQZF1DXcZDD7cfEKhW,Pop Remix
37i9dQZF1DXcZDD7cfEKhW,Pop Remix
37i9dQZF1DXcZDD7cfEKhW,Pop Remix
37i9dQZF1DXcZDD7cfEKhW,Pop Remix
37i9dQZF1DXcZDD7cfEKhW,Pop Remix
37i9dQZF1DXcZDD7cfEKhW,Pop Remix
37i9dQZF1DXcZDD7cfEKhW,Pop Remix
37i9dQZF1DXcZDD7cfEKhW,Pop Remix
37i9dQZF1DXcZDD7cfEKhW,Pop Remix
37i9dQZF1DXcZDD7cfEKhW,Pop Remix
37i9dQZF1DXcZDD7cfEKhW,Pop Remix
37i9dQZF1DXcZDD7cfEKhW,Pop Remix
37i9dQZF1DXcZDD7cfEKhW,Pop Remix
37i9dQZF1DXcZDD7cfEKhW,Pop Remix
37i9dQZF1DXcZDD7cfEKhW,Pop Remix
37i9dQZF1DXcZDD7cfEKhW,Pop Remix
37i9dQZF1DXcZDD7cfEKhW,Pop Remix
37i9dQZF1DXcZDD7cfEKhW,Pop Remix
37i9dQZF1DXcZDD7cfEKhW,Pop Remix
37i9dQZF1DXcZDD7cfEKhW,Pop Remix
37i9dQZF1DXcZDD7cfEKhW,Pop Remix
37i9dQZF1DXcZDD7cfEKhW,Pop Remix
37i9dQZF1DXcZDD7cfEKhW,Pop Remix
37i9dQZF1DXcZDD7cfEKhW,Pop Remix
37i9dQZF1DXcZDD7cfEKhW,Pop Remix
37i9dQZF1DXcZDD7cfEKhW,Pop Remix
37i9dQZF1DXcZDD7cfEKhW,Pop Remix
37i9dQZF1DXcZDD7cfEKhW,Pop Remix
37i9dQZF1DXcZDD7cfEKhW,Pop Remix
37i9dQZF1DXcZDD7cfEKhW,Pop Remix
37i9dQZF1DXcZDD7cfEKhW,Pop Remix
37i9dQZF1DXcZDD7cfEKhW,Pop Remix
37i9dQZF1DXcZDD7cfEKhW,Pop Remix
37i9dQZF1DXcZDD7cfEKhW,Pop Remix
37i9dQZF1DXcZDD7cfEKhW,Pop Remix
37i9dQZF1DXcZDD7cfEKhW,Pop Remix
37i9dQZF1DXcZDD7cfEKhW,Pop Remix
37i9dQZF1DXcZDD7cfEKhW,Pop Remix
37i9dQZF1DXcZDD7cfEKhW,Pop Remix
37i9dQZF1DXcZDD7cfEKhW,Pop Remix
37i9dQZF1DXcZDD7cfEKhW,Pop Remix
37i9dQZF1DXcZDD7cfEKhW,Pop Remix
37i9dQZF1DXcZDD7cfEKhW,Pop Remix
37i9dQZF1DXcZDD7cfEKhW,Pop Remix
37i9dQZF1DXcZDD7cfEKhW,Pop Remix
37i9dQZF1DXcZDD7cfEKhW,Pop Remix
37i9dQZF1DXcZDD7cfEKhW,Pop Remix
37i9dQZF1DXcZDD7cfEKhW,Pop Remix
37i9dQZF1DXcZDD7cfEKhW,Pop Remix
37i9dQZF1DXcZDD7cfEKhW,Pop Remix
37i9dQZF1DXcZDD7cfEKhW,Pop Remix
37i9dQZF1DXcZDD7cfEKhW,Pop Remix
37i9dQZF1DXcZDD7cfEKhW,Pop Remix
37i9dQZF1DXcZDD7cfEKhW,Pop Remix
37i9dQZF1DXcZDD7cfEKhW,Pop Remix
37i9dQZF1DXcZDD7cfEKhW,Pop Remix
37i9dQZF1DXcZDD7cfEKhW,Pop Remix
37i9dQZF1DXcZDD7cfEKhW,Pop Remix
37i9dQZF1DXcZDD7cfEKhW,Pop Remix
37i9dQZF1DXcZDD7cfEKhW,Pop Remix
37i9dQZF1DXcZDD7cfEKhW,Pop Remix
37i9dQZF1DXcZDD7cfEKhW,Pop Remix
37i9dQZF1DXcZDD7cfEKhW,Pop Remix
37i9dQZF1DXcZDD7cfEKhW,Pop Remix
37i9dQZF1DXcZDD7cfEKhW,Pop Remix
37i9dQZF1DXcZDD7cfEKhW,Pop Remix
37i9dQZF1DXcZDD7cfEKhW,Pop Remix
37i9dQZF1DXcZDD7cfEKhW,Pop Remix
37i9dQZF1DXcZDD7cfEKhW,Pop Remix
37i9dQZF1DXcZDD7cfEKhW,Pop Remix
37i9dQZF1DXcZDD7cfEKhW,Pop Remix
37i9dQZF1DXcZDD7cfEKhW,Pop Remix
37i9dQZF1DXcZDD7cfEKhW,Pop Remix
37i9dQZF1DXcZDD7cfEKhW,Pop Remix
37i9dQZF1DXcZDD7cfEKhW,Pop Remix
37i9dQZF1DXcZDD7cfEKhW,Pop Remix
37i9dQZF1DXcZDD7cfEKhW,Pop Remix
37i9dQZF1DXcZDD7cfEKhW,Pop Remix
37i9dQZF1DXcZDD7cfEKhW,Pop Remix
37i9dQZF1DXcZDD7cfEKhW,Pop Remix
37i9dQZF1DXcZDD7cfEKhW,Pop Remix
37i9dQZF1DXcZDD7cfEKhW,Pop Remix
37i9dQZF1DXcZDD7cfEKhW,Pop Remix
37i9dQZF1DXcZDD7cfEKhW,Pop Remix
37i9dQZF1DXcZDD7cfEKhW,Pop Remix
37i9dQZF1DXcZDD7cfEKhW,Pop Remix
37i9dQZF1DXcZDD7cfEKhW,Pop Remix
37i9dQZF1DXcZDD7cfEKhW,Pop Remix
37i9dQZF1DXcZDD7cfEKhW,Pop Remix
37i9dQZF1DXcZDD7cfEKhW,Pop Remix
37i9dQZF1DXcZDD7cfEKhW,Pop Remix
37i9dQZF1DXcZDD7cfEKhW,Pop Remix
37i9dQZF1DXcZDD7cfEKhW,Pop Remix
37i9dQZF1DXcZDD7cfEKhW,Pop Remix
37i9dQZF1DXcZDD7cfEKhW,Pop Remix
37i9dQZF1DXcZDD7cfEKhW,Pop Remix
37i9dQZF1DXcZDD7cfEKhW,Pop Remix
37i9dQZF1DXcZDD7cfEKhW,Pop Remix
37i9dQZF1DXcZDD7cfEKhW,Pop Remix
37i9dQZF1DXcZDD7cfEKhW,Pop Remix
37i9dQZF1DXcZDD7cfEKhW,Pop Remix
37i9dQZF1DXcZDD7cfEKhW,Pop Remix
37i9dQZF1DXcZDD7cfEKhW,Pop Remix
37i9dQZF1DXcZDD7cfEKhW,Pop Remix
37i9dQZF1DXcZDD7cfEKhW,Pop Remix
37i9dQZF1DXcZDD7cfEKhW,Pop Remix
37i9dQZF1DXcZDD7cfEKhW,Pop Remix
37i9dQZF1DWUa8ZRTfalHk,Pop Rising
37i9dQZF1DWUa8ZRTfalHk,Pop Rising
37i9dQZF1DWUa8ZRTfalHk,Pop Rising
37i9dQZF1DWUa8ZRTfalHk,Pop Rising
37i9dQZF1DWUa8ZRTfalHk,Pop Rising
37i9dQZF1DWUa8ZRTfalHk,Pop Rising
37i9dQZF1DWUa8ZRTfalHk,Pop Rising
37i9dQZF1DWUa8ZRTfalHk,Pop Rising
37i9dQZF1DWUa8ZRTfalHk,Pop Rising
37i9dQZF1DWUa8ZRTfalHk,Pop Rising
37i9dQZF1DWUa8ZRTfalHk,Pop Rising
37i9dQZF1DWUa8ZRTfalHk,Pop Rising
37i9dQZF1DWUa8ZRTfalHk,Pop Rising
37i9dQZF1DWUa8ZRTfalHk,Pop Rising
37i9dQZF1DWUa8ZRTfalHk,Pop Rising
37i9dQZF1DWUa8ZRTfalHk,Pop Rising
37i9dQZF1DWUa8ZRTfalHk,Pop Rising
37i9dQZF1DWUa8ZRTfalHk,Pop Rising
37i9dQZF1DWUa8ZRTfalHk,Pop Rising
37i9dQZF1DWUa8ZRTfalHk,Pop Rising
37i9dQZF1DWUa8ZRTfalHk,Pop Rising
37i9dQZF1DWUa8ZRTfalHk,Pop Rising
37i9dQZF1DWUa8ZRTfalHk,Pop Rising
37i9dQZF1DWUa8ZRTfalHk,Pop Rising
37i9dQZF1DWUa8ZRTfalHk,Pop Rising
37i9dQZF1DWUa8ZRTfalHk,Pop Rising
37i9dQZF1DWUa8ZRTfalHk,Pop Rising
37i9dQZF1DWUa8ZRTfalHk,Pop Rising
37i9dQZF1DWUa8ZRTfalHk,Pop Rising
37i9dQZF1DWUa8ZRTfalHk,Pop Rising
37i9dQZF1DWUa8ZRTfalHk,Pop Rising
37i9dQZF1DWUa8ZRTfalHk,Pop Rising
37i9dQZF1DWUa8ZRTfalHk,Pop Rising
37i9dQZF1DWUa8ZRTfalHk,Pop Rising
37i9dQZF1DWUa8ZRTfalHk,Pop Rising
37i9dQZF1DWUa8ZRTfalHk,Pop Rising
37i9dQZF1DWUa8ZRTfalHk,Pop Rising
37i9dQZF1DWUa8ZRTfalHk,Pop Rising
37i9dQZF1DWUa8ZRTfalHk,Pop Rising
37i9dQZF1DWUa8ZRTfalHk,Pop Rising
37i9dQZF1DWUa8ZRTfalHk,Pop Rising
37i9dQZF1DWUa8ZRTfalHk,Pop Rising
37i9dQZF1DWUa8ZRTfalHk,Pop Rising
37i9dQZF1DWUa8ZRTfalHk,Pop Rising
37i9dQZF1DWUa8ZRTfalHk,Pop Rising
37i9dQZF1DWUa8ZRTfalHk,Pop Rising
37i9dQZF1DWUa8ZRTfalHk,Pop Rising
37i9dQZF1DWUa8ZRTfalHk,Pop Rising
37i9dQZF1DWUa8ZRTfalHk,Pop Rising
37i9dQZF1DWUa8ZRTfalHk,Pop Rising
37i9dQZF1DWUa8ZRTfalHk,Pop Rising
37i9dQZF1DWUa8ZRTfalHk,Pop Rising
37i9dQZF1DWUa8ZRTfalHk,Pop Rising
37i9dQZF1DWUa8ZRTfalHk,Pop Rising
37i9dQZF1DWUa8ZRTfalHk,Pop Rising
37i9dQZF1DWUa8ZRTfalHk,Pop Rising
37i9dQZF1DWUa8ZRTfalHk,Pop Rising
37i9dQZF1DWUa8ZRTfalHk,Pop Rising
37i9dQZF1DWUa8ZRTfalHk,Pop Rising
37i9dQZF1DWUa8ZRTfalHk,Pop Rising
37i9dQZF1DWUa8ZRTfalHk,Pop Rising
37i9dQZF1DWUa8ZRTfalHk,Pop Rising
37i9dQZF1DWUa8ZRTfalHk,Pop Rising
37i9dQZF1DWUa8ZRTfalHk,Pop Rising
37i9dQZF1DWUa8ZRTfalHk,Pop Rising
37i9dQZF1DWUa8ZRTfalHk,Pop Rising
37i9dQZF1DWUa8ZRTfalHk,Pop Rising
37i9dQZF1DWUa8ZRTfalHk,Pop Rising
37i9dQZF1DWUa8ZRTfalHk,Pop Rising
37i9dQZF1DWUa8ZRTfalHk,Pop Rising
37i9dQZF1DWUa8ZRTfalHk,Pop Rising
37i9dQZF1DWUa8ZRTfalHk,Pop Rising
37i9dQZF1DWUa8ZRTfalHk,Pop Rising
37i9dQZF1DWUa8ZRTfalHk,Pop Rising
37i9dQZF1DWUa8ZRTfalHk,Pop Rising
37i9dQZF1DWUa8ZRTfalHk,Pop Rising
37i9dQZF1DWUa8ZRTfalHk,Pop Rising
37i9dQZF1DWUa8ZRTfalHk,Pop Rising
37i9dQZF1DWUa8ZRTfalHk,Pop Rising
37i9dQZF1DWUa8ZRTfalHk,Pop Rising
37i9dQZF1DWUa8ZRTfalHk,Pop Rising
37i9dQZF1DWUa8ZRTfalHk,Pop Rising
37i9dQZF1DWUa8ZRTfalHk,Pop Rising
37i9dQZF1DWUa8ZRTfalHk,Pop Rising
37i9dQZF1DWUa8ZRTfalHk,Pop Rising
37i9dQZF1DXasneILDRM7B,Pure Pop Punk
37i9dQZF1DXasneILDRM7B,Pure Pop Punk
37i9dQZF1DXasneILDRM7B,Pure Pop Punk
37i9dQZF1DXasneILDRM7B,Pure Pop Punk
37i9dQZF1DXasneILDRM7B,Pure Pop Punk
37i9dQZF1DXasneILDRM7B,Pure Pop Punk
37i9dQZF1DXasneILDRM7B,Pure Pop Punk
37i9dQZF1DXasneILDRM7B,Pure Pop Punk
37i9dQZF1DXasneILDRM7B,Pure Pop Punk
37i9dQZF1DXasneILDRM7B,Pure Pop Punk
37i9dQZF1DXasneILDRM7B,Pure Pop Punk
37i9dQZF1DXasneILDRM7B,Pure Pop Punk
37i9dQZF1DXasneILDRM7B,Pure Pop Punk
37i9dQZF1DXasneILDRM7B,Pure Pop Punk
37i9dQZF1DXasneILDRM7B,Pure Pop Punk
37i9dQZF1DXasneILDRM7B,Pure Pop Punk
37i9dQZF1DXasneILDRM7B,Pure Pop Punk
37i9dQZF1DXasneILDRM7B,Pure Pop Punk
37i9dQZF1DXasneILDRM7B,Pure Pop Punk
37i9dQZF1DXasneILDRM7B,Pure Pop Punk
37i9dQZF1DXasneILDRM7B,Pure Pop Punk
37i9dQZF1DXasneILDRM7B,Pure Pop Punk
37i9dQZF1DXasneILDRM7B,Pure Pop Punk
37i9dQZF1DXasneILDRM7B,Pure Pop Punk
37i9dQZF1DXasneILDRM7B,Pure Pop Punk
37i9dQZF1DXasneILDRM7B,Pure Pop Punk
37i9dQZF1DXasneILDRM7B,Pure Pop Punk
37i9dQZF1DXasneILDRM7B,Pure Pop Punk
37i9dQZF1DXasneILDRM7B,Pure Pop Punk
37i9dQZF1DXasneILDRM7B,Pure Pop Punk
37i9dQZF1DXasneILDRM7B,Pure Pop Punk
37i9dQZF1DXasneILDRM7B,Pure Pop Punk
37i9dQZF1DXasneILDRM7B,Pure Pop Punk
37i9dQZF1DXasneILDRM7B,Pure Pop Punk
37i9dQZF1DXasneILDRM7B,Pure Pop Punk
37i9dQZF1DXasneILDRM7B,Pure Pop Punk
37i9dQZF1DXasneILDRM7B,Pure Pop Punk
37i9dQZF1DXasneILDRM7B,Pure Pop Punk
37i9dQZF1DXasneILDRM7B,Pure Pop Punk
37i9dQZF1DXasneILDRM7B,Pure Pop Punk
37i9dQZF1DXasneILDRM7B,Pure Pop Punk
37i9dQZF1DXasneILDRM7B,Pure Pop Punk
37i9dQZF1DXasneILDRM7B,Pure Pop Punk
37i9dQZF1DXasneILDRM7B,Pure Pop Punk
37i9dQZF1DXasneILDRM7B,Pure Pop Punk
37i9dQZF1DXasneILDRM7B,Pure Pop Punk
37i9dQZF1DXasneILDRM7B,Pure Pop Punk
37i9dQZF1DXasneILDRM7B,Pure Pop Punk
37i9dQZF1DXasneILDRM7B,Pure Pop Punk
37i9dQZF1DXasneILDRM7B,Pure Pop Punk
37i9dQZF1DXasneILDRM7B,Pure Pop Punk
37i9dQZF1DXasneILDRM7B,Pure Pop Punk
37i9dQZF1DXasneILDRM7B,Pure Pop Punk
37i9dQZF1DXasneILDRM7B,Pure Pop Punk
37i9dQZF1DXasneILDRM7B,Pure Pop Punk
37i9dQZF1DXasneILDRM7B,Pure Pop Punk
37i9dQZF1DXasneILDRM7B,Pure Pop Punk
37i9dQZF1DXasneILDRM7B,Pure Pop Punk
37i9dQZF1DXasneILDRM7B,Pure Pop Punk
37i9dQZF1DXasneILDRM7B,Pure Pop Punk
37i9dQZF1DXasneILDRM7B,Pure Pop Punk
37i9dQZF1DXasneILDRM7B,Pure Pop Punk
37i9dQZF1DXasneILDRM7B,Pure Pop Punk
37i9dQZF1DXasneILDRM7B,Pure Pop Punk
37i9dQZF1DXasneILDRM7B,Pure Pop Punk
37i9dQZF1DXasneILDRM7B,Pure Pop Punk
37i9dQZF1DXasneILDRM7B,Pure Pop Punk
37i9dQZF1DXasneILDRM7B,Pure Pop Punk
37i9dQZF1DXasneILDRM7B,Pure Pop Punk
37i9dQZF1DXasneILDRM7B,Pure Pop Punk
37i9dQZF1DXasneILDRM7B,Pure Pop Punk
37i9dQZF1DXasneILDRM7B,Pure Pop Punk
37i9dQZF1DXasneILDRM7B,Pure Pop Punk
37i9dQZF1DXasneILDRM7B,Pure Pop Punk
37i9dQZF1DXasneILDRM7B,Pure Pop Punk
37i9dQZF1DXasneILDRM7B,Pure Pop Punk
37i9dQZF1DXasneILDRM7B,Pure Pop Punk
37i9dQZF1DXasneILDRM7B,Pure Pop Punk
37i9dQZF1DXasneILDRM7B,Pure Pop Punk
37i9dQZF1DXasneILDRM7B,Pure Pop Punk
37i9dQZF1DXasneILDRM7B,Pure Pop Punk
37i9dQZF1DXasneILDRM7B,Pure Pop Punk
37i9dQZF1DXasneILDRM7B,Pure Pop Punk
37i9dQZF1DXasneILDRM7B,Pure Pop Punk
37i9dQZF1DXasneILDRM7B,Pure Pop Punk
37i9dQZF1DXasneILDRM7B,Pure Pop Punk
37i9dQZF1DXasneILDRM7B,Pure Pop Punk
37i9dQZF1DXasneILDRM7B,Pure Pop Punk
37i9dQZF1DXasneILDRM7B,Pure Pop Punk
37i9dQZF1DXasneILDRM7B,Pure Pop Punk
37i9dQZF1DXasneILDRM7B,Pure Pop Punk
37i9dQZF1DXasneILDRM7B,Pure Pop Punk
37i9dQZF1DXasneILDRM7B,Pure Pop Punk
37i9dQZF1DXasneILDRM7B,Pure Pop Punk
37i9dQZF1DXasneILDRM7B,Pure Pop Punk
37i9dQZF1DXasneILDRM7B,Pure Pop Punk
37i9dQZF1DXasneILDRM7B,Pure Pop Punk
37i9dQZF1DXasneILDRM7B,Pure Pop Punk
37i9dQZF1DXasneILDRM7B,Pure Pop Punk
37i9dQZF1DXasneILDRM7B,Pure Pop Punk
37i9dQZF1DXasneILDRM7B,Pure Pop Punk
37i9dQZF1DXasneILDRM7B,Pure Pop Punk
37i9dQZF1DXasneILDRM7B,Pure Pop Punk
37i9dQZF1DXasneILDRM7B,Pure Pop Punk
37i9dQZF1DXasneILDRM7B,Pure Pop Punk
37i9dQZF1DXasneILDRM7B,Pure Pop Punk
37i9dQZF1DXasneILDRM7B,Pure Pop Punk
37i9dQZF1DXasneILDRM7B,Pure Pop Punk
37i9dQZF1DXasneILDRM7B,Pure Pop Punk
37i9dQZF1DXasneILDRM7B,Pure Pop Punk
37i9dQZF1DXasneILDRM7B,Pure Pop Punk
37i9dQZF1DXasneILDRM7B,Pure Pop Punk
37i9dQZF1DXasneILDRM7B,Pure Pop Punk
37i9dQZF1DXasneILDRM7B,Pure Pop Punk
37i9dQZF1DXasneILDRM7B,Pure Pop Punk
37i9dQZF1DXasneILDRM7B,Pure Pop Punk
37i9dQZF1DXasneILDRM7B,Pure Pop Punk
37i9dQZF1DXasneILDRM7B,Pure Pop Punk
37i9dQZF1DXasneILDRM7B,Pure Pop Punk
37i9dQZF1DXasneILDRM7B,Pure Pop Punk
37i9dQZF1DXasneILDRM7B,Pure Pop Punk
37i9dQZF1DXasneILDRM7B,Pure Pop Punk
37i9dQZF1DXasneILDRM7B,Pure Pop Punk
37i9dQZF1DXasneILDRM7B,Pure Pop Punk
37i9dQZF1DXasneILDRM7B,Pure Pop Punk
37i9dQZF1DXasneILDRM7B,Pure Pop Punk
37i9dQZF1DXasneILDRM7B,Pure Pop Punk
37i9dQZF1DXasneILDRM7B,Pure Pop Punk
37i9dQZF1DXasneILDRM7B,Pure Pop Punk
37i9dQZF1DXasneILDRM7B,Pure Pop Punk
37i9dQZF1DXasneILDRM7B,Pure Pop Punk
37i9dQZF1DXasneILDRM7B,Pure Pop Punk
37i9dQZF1DXasneILDRM7B,Pure Pop Punk
37i9dQZF1DXasneILDRM7B,Pure Pop Punk
37i9dQZF1DXasneILDRM7B,Pure Pop Punk
37i9dQZF1DXasneILDRM7B,Pure Pop Punk
37i9dQZF1DXasneILDRM7B,Pure Pop Punk
37i9dQZF1DXasneILDRM7B,Pure Pop Punk
37i9dQZF1DXasneILDRM7B,Pure Pop Punk
37i9dQZF1DXasneILDRM7B,Pure Pop Punk
37i9dQZF1DXasneILDRM7B,Pure Pop Punk
37i9dQZF1DXasneILDRM7B,Pure Pop Punk
37i9dQZF1DXasneILDRM7B,Pure Pop Punk
37i9dQZF1DXasneILDRM7B,Pure Pop Punk
37i9dQZF1DXasneILDRM7B,Pure Pop Punk
37i9dQZF1DXasneILDRM7B,Pure Pop Punk
37i9dQZF1DXasneILDRM7B,Pure Pop Punk
37i9dQZF1DXasneILDRM7B,Pure Pop Punk
37i9dQZF1DXasneILDRM7B,Pure Pop Punk
37i9dQZF1DXasneILDRM7B,Pure Pop Punk
37i9dQZF1DXasneILDRM7B,Pure Pop Punk
37i9dQZF1DXasneILDRM7B,Pure Pop Punk
37i9dQZF1DXasneILDRM7B,Pure Pop Punk
37i9dQZF1DXasneILDRM7B,Pure Pop Punk
37i9dQZF1DXasneILDRM7B,Pure Pop Punk
37i9dQZF1DXasneILDRM7B,Pure Pop Punk
37i9dQZF1DXasneILDRM7B,Pure Pop Punk
37i9dQZF1DXasneILDRM7B,Pure Pop Punk
37i9dQZF1DXasneILDRM7B,Pure Pop Punk
37i9dQZF1DXasneILDRM7B,Pure Pop Punk
37i9dQZF1DXasneILDRM7B,Pure Pop Punk
37i9dQZF1DXasneILDRM7B,Pure Pop Punk
37i9dQZF1DXasneILDRM7B,Pure Pop Punk
37i9dQZF1DXasneILDRM7B,Pure Pop Punk
37i9dQZF1DXasneILDRM7B,Pure Pop Punk
37i9dQZF1DXasneILDRM7B,Pure Pop Punk
37i9dQZF1DXasneILDRM7B,Pure Pop Punk
37i9dQZF1DXasneILDRM7B,Pure Pop Punk
37i9dQZF1DXasneILDRM7B,Pure Pop Punk
37i9dQZF1DXasneILDRM7B,Pure Pop Punk
37i9dQZF1DXasneILDRM7B,Pure Pop Punk
37i9dQZF1DXasneILDRM7B,Pure Pop Punk
37i9dQZF1DXasneILDRM7B,Pure Pop Punk
37i9dQZF1DXasneILDRM7B,Pure Pop Punk
37i9dQZF1DXasneILDRM7B,Pure Pop Punk
37i9dQZF1DXasneILDRM7B,Pure Pop Punk
37i9dQZF1DXasneILDRM7B,Pure Pop Punk
37i9dQZF1DXasneILDRM7B,Pure Pop Punk
37i9dQZF1DXasneILDRM7B,Pure Pop Punk
37i9dQZF1DXasneILDRM7B,Pure Pop Punk
37i9dQZF1DXasneILDRM7B,Pure Pop Punk
37i9dQZF1DXasneILDRM7B,Pure Pop Punk
37i9dQZF1DXasneILDRM7B,Pure Pop Punk
37i9dQZF1DXasneILDRM7B,Pure Pop Punk
37i9dQZF1DXasneILDRM7B,Pure Pop Punk
37i9dQZF1DXasneILDRM7B,Pure Pop Punk
37i9dQZF1DXasneILDRM7B,Pure Pop Punk
37i9dQZF1DXasneILDRM7B,Pure Pop Punk
37i9dQZF1DXasneILDRM7B,Pure Pop Punk
37i9dQZF1DXasneILDRM7B,Pure Pop Punk
37i9dQZF1DXasneILDRM7B,Pure Pop Punk
37i9dQZF1DXasneILDRM7B,Pure Pop Punk
37i9dQZF1DXasneILDRM7B,Pure Pop Punk
37i9dQZF1DXasneILDRM7B,Pure Pop Punk
37i9dQZF1DXasneILDRM7B,Pure Pop Punk
37i9dQZF1DXasneILDRM7B,Pure Pop Punk
37i9dQZF1DXasneILDRM7B,Pure Pop Punk
37i9dQZF1DXasneILDRM7B,Pure Pop Punk
37i9dQZF1DXasneILDRM7B,Pure Pop Punk
37i9dQZF1DXasneILDRM7B,Pure Pop Punk
37i9dQZF1DWVLcZxJO5zyf,Pop Brasil
37i9dQZF1DWVLcZxJO5zyf,Pop Brasil
37i9dQZF1DWVLcZxJO5zyf,Pop Brasil
37i9dQZF1DWVLcZxJO5zyf,Pop Brasil
37i9dQZF1DWVLcZxJO5zyf,Pop Brasil
37i9dQZF1DWVLcZxJO5zyf,Pop Brasil
37i9dQZF1DWVLcZxJO5zyf,Pop Brasil
37i9dQZF1DWVLcZxJO5zyf,Pop Brasil
37i9dQZF1DWVLcZxJO5zyf,Pop Brasil
37i9dQZF1DWVLcZxJO5zyf,Pop Brasil
37i9dQZF1DWVLcZxJO5zyf,Pop Brasil
37i9dQZF1DWVLcZxJO5zyf,Pop Brasil
37i9dQZF1DWVLcZxJO5zyf,Pop Brasil
37i9dQZF1DWVLcZxJO5zyf,Pop Brasil
37i9dQZF1DWVLcZxJO5zyf,Pop Brasil
37i9dQZF1DWVLcZxJO5zyf,Pop Brasil
37i9dQZF1DWVLcZxJO5zyf,Pop Brasil
37i9dQZF1DWVLcZxJO5zyf,Pop Brasil
37i9dQZF1DWVLcZxJO5zyf,Pop Brasil
37i9dQZF1DWVLcZxJO5zyf,Pop Brasil
37i9dQZF1DWVLcZxJO5zyf,Pop Brasil
37i9dQZF1DWVLcZxJO5zyf,Pop Brasil
37i9dQZF1DWVLcZxJO5zyf,Pop Brasil
37i9dQZF1DWVLcZxJO5zyf,Pop Brasil
37i9dQZF1DWVLcZxJO5zyf,Pop Brasil
37i9dQZF1DWVLcZxJO5zyf,Pop Brasil
37i9dQZF1DWVLcZxJO5zyf,Pop Brasil
37i9dQZF1DWVLcZxJO5zyf,Pop Brasil
37i9dQZF1DWVLcZxJO5zyf,Pop Brasil
37i9dQZF1DWVLcZxJO5zyf,Pop Brasil
37i9dQZF1DWVLcZxJO5zyf,Pop Brasil
37i9dQZF1DWVLcZxJO5zyf,Pop Brasil
37i9dQZF1DWVLcZxJO5zyf,Pop Brasil
37i9dQZF1DWVLcZxJO5zyf,Pop Brasil
37i9dQZF1DWVLcZxJO5zyf,Pop Brasil
37i9dQZF1DWVLcZxJO5zyf,Pop Brasil
37i9dQZF1DWVLcZxJO5zyf,Pop Brasil
37i9dQZF1DWVLcZxJO5zyf,Pop Brasil
37i9dQZF1DWVLcZxJO5zyf,Pop Brasil
37i9dQZF1DWVLcZxJO5zyf,Pop Brasil
37i9dQZF1DWVLcZxJO5zyf,Pop Brasil
37i9dQZF1DWVLcZxJO5zyf,Pop Brasil
37i9dQZF1DWVLcZxJO5zyf,Pop Brasil
37i9dQZF1DWVLcZxJO5zyf,Pop Brasil
37i9dQZF1DWVLcZxJO5zyf,Pop Brasil
37i9dQZF1DWVLcZxJO5zyf,Pop Brasil
37i9dQZF1DWVLcZxJO5zyf,Pop Brasil
37i9dQZF1DWVLcZxJO5zyf,Pop Brasil
37i9dQZF1DWVLcZxJO5zyf,Pop Brasil
37i9dQZF1DWVLcZxJO5zyf,Pop Brasil
37i9dQZF1DX3WvGXE8FqYX,Women of Pop
37i9dQZF1DX3WvGXE8FqYX,Women of Pop
37i9dQZF1DX3WvGXE8FqYX,Women of Pop
37i9dQZF1DX3WvGXE8FqYX,Women of Pop
37i9dQZF1DX3WvGXE8FqYX,Women of Pop
37i9dQZF1DX3WvGXE8FqYX,Women of Pop
37i9dQZF1DX3WvGXE8FqYX,Women of Pop
37i9dQZF1DX3WvGXE8FqYX,Women of Pop
37i9dQZF1DX3WvGXE8FqYX,Women of Pop
37i9dQZF1DX3WvGXE8FqYX,Women of Pop
37i9dQZF1DX3WvGXE8FqYX,Women of Pop
37i9dQZF1DX3WvGXE8FqYX,Women of Pop
37i9dQZF1DX3WvGXE8FqYX,Women of Pop
37i9dQZF1DX3WvGXE8FqYX,Women of Pop
37i9dQZF1DX3WvGXE8FqYX,Women of Pop
37i9dQZF1DX3WvGXE8FqYX,Women of Pop
37i9dQZF1DX3WvGXE8FqYX,Women of Pop
37i9dQZF1DX3WvGXE8FqYX,Women of Pop
37i9dQZF1DX3WvGXE8FqYX,Women of Pop
37i9dQZF1DX3WvGXE8FqYX,Women of Pop
37i9dQZF1DX3WvGXE8FqYX,Women of Pop
37i9dQZF1DX3WvGXE8FqYX,Women of Pop
37i9dQZF1DX3WvGXE8FqYX,Women of Pop
37i9dQZF1DX3WvGXE8FqYX,Women of Pop
37i9dQZF1DX3WvGXE8FqYX,Women of Pop
37i9dQZF1DX3WvGXE8FqYX,Women of Pop
37i9dQZF1DX3WvGXE8FqYX,Women of Pop
37i9dQZF1DX3WvGXE8FqYX,Women of Pop
37i9dQZF1DX3WvGXE8FqYX,Women of Pop
37i9dQZF1DX3WvGXE8FqYX,Women of Pop
37i9dQZF1DX3WvGXE8FqYX,Women of Pop
37i9dQZF1DX3WvGXE8FqYX,Women of Pop
37i9dQZF1DX3WvGXE8FqYX,Women of Pop
37i9dQZF1DX3WvGXE8FqYX,Women of Pop
37i9dQZF1DX3WvGXE8FqYX,Women of Pop
37i9dQZF1DX3WvGXE8FqYX,Women of Pop
37i9dQZF1DX3WvGXE8FqYX,Women of Pop
37i9dQZF1DX3WvGXE8FqYX,Women of Pop
37i9dQZF1DX3WvGXE8FqYX,Women of Pop
37i9dQZF1DX3WvGXE8FqYX,Women of Pop
37i9dQZF1DX3WvGXE8FqYX,Women of Pop
37i9dQZF1DX3WvGXE8FqYX,Women of Pop
37i9dQZF1DX3WvGXE8FqYX,Women of Pop
37i9dQZF1DX3WvGXE8FqYX,Women of Pop
37i9dQZF1DX3WvGXE8FqYX,Women of Pop
37i9dQZF1DX3WvGXE8FqYX,Women of Pop
37i9dQZF1DX3WvGXE8FqYX,Women of Pop
37i9dQZF1DX3WvGXE8FqYX,Women of Pop
37i9dQZF1DX3WvGXE8FqYX,Women of Pop
37i9dQZF1DX3WvGXE8FqYX,Women of Pop
37i9dQZF1DX3WvGXE8FqYX,Women of Pop
37i9dQZF1DX3WvGXE8FqYX,Women of Pop
37i9dQZF1DX3WvGXE8FqYX,Women of Pop
37i9dQZF1DX3WvGXE8FqYX,Women of Pop
37i9dQZF1DX3WvGXE8FqYX,Women of Pop
37i9dQZF1DX3WvGXE8FqYX,Women of Pop
37i9dQZF1DX3WvGXE8FqYX,Women of Pop
37i9dQZF1DX3WvGXE8FqYX,Women of Pop
37i9dQZF1DX3WvGXE8FqYX,Women of Pop
37i9dQZF1DX3WvGXE8FqYX,Women of Pop
37i9dQZF1DX3WvGXE8FqYX,Women of Pop
37i9dQZF1DX3WvGXE8FqYX,Women of Pop
37i9dQZF1DX3WvGXE8FqYX,Women of Pop
37i9dQZF1DX3WvGXE8FqYX,Women of Pop
37i9dQZF1DX3WvGXE8FqYX,Women of Pop
37i9dQZF1DX3WvGXE8FqYX,Women of Pop
37i9dQZF1DX3WvGXE8FqYX,Women of Pop
37i9dQZF1DX3WvGXE8FqYX,Women of Pop
37i9dQZF1DX3WvGXE8FqYX,Women of Pop
37i9dQZF1DX3WvGXE8FqYX,Women of Pop
37i9dQZF1DX3WvGXE8FqYX,Women of Pop
37i9dQZF1DX3WvGXE8FqYX,Women of Pop
37i9dQZF1DX3WvGXE8FqYX,Women of Pop
37i9dQZF1DX3WvGXE8FqYX,Women of Pop
37i9dQZF1DX3WvGXE8FqYX,Women of Pop
37i9dQZF1DX4YhSbTs17ha,Sólo Pop
37i9dQZF1DX4YhSbTs17ha,Sólo Pop
37i9dQZF1DX4YhSbTs17ha,Sólo Pop
37i9dQZF1DX4YhSbTs17ha,Sólo Pop
37i9dQZF1DX4YhSbTs17ha,Sólo Pop
37i9dQZF1DX4YhSbTs17ha,Sólo Pop
37i9dQZF1DX4YhSbTs17ha,Sólo Pop
37i9dQZF1DX4YhSbTs17ha,Sólo Pop
37i9dQZF1DX4YhSbTs17ha,Sólo Pop
37i9dQZF1DX4YhSbTs17ha,Sólo Pop
37i9dQZF1DX4YhSbTs17ha,Sólo Pop
37i9dQZF1DX4YhSbTs17ha,Sólo Pop
37i9dQZF1DX4YhSbTs17ha,Sólo Pop
37i9dQZF1DX4YhSbTs17ha,Sólo Pop
37i9dQZF1DX4YhSbTs17ha,Sólo Pop
37i9dQZF1DX4YhSbTs17ha,Sólo Pop
37i9dQZF1DX4YhSbTs17ha,Sólo Pop
37i9dQZF1DX4YhSbTs17ha,Sólo Pop
37i9dQZF1DX4YhSbTs17ha,Sólo Pop
37i9dQZF1DX4YhSbTs17ha,Sólo Pop
37i9dQZF1DX4YhSbTs17ha,Sólo Pop
37i9dQZF1DX4YhSbTs17ha,Sólo Pop
37i9dQZF1DX4YhSbTs17ha,Sólo Pop
37i9dQZF1DX4YhSbTs17ha,Sólo Pop
37i9dQZF1DX4YhSbTs17ha,Sólo Pop
37i9dQZF1DX4YhSbTs17ha,Sólo Pop
37i9dQZF1DX4YhSbTs17ha,Sólo Pop
37i9dQZF1DX4YhSbTs17ha,Sólo Pop
37i9dQZF1DX4YhSbTs17ha,Sólo Pop
37i9dQZF1DX4YhSbTs17ha,Sólo Pop
37i9dQZF1DX4YhSbTs17ha,Sólo Pop
37i9dQZF1DX4YhSbTs17ha,Sólo Pop
37i9dQZF1DX4YhSbTs17ha,Sólo Pop
37i9dQZF1DX4YhSbTs17ha,Sólo Pop
37i9dQZF1DX4YhSbTs17ha,Sólo Pop
37i9dQZF1DX4YhSbTs17ha,Sólo Pop
37i9dQZF1DX4YhSbTs17ha,Sólo Pop
37i9dQZF1DX4YhSbTs17ha,Sólo Pop
37i9dQZF1DX4YhSbTs17ha,Sólo Pop
37i9dQZF1DX4YhSbTs17ha,Sólo Pop
37i9dQZF1DX4YhSbTs17ha,Sólo Pop
37i9dQZF1DX4YhSbTs17ha,Sólo Pop
37i9dQZF1DX4YhSbTs17ha,Sólo Pop
37i9dQZF1DX4YhSbTs17ha,Sólo Pop
37i9dQZF1DX4YhSbTs17ha,Sólo Pop
37i9dQZF1DX4YhSbTs17ha,Sólo Pop
37i9dQZF1DX4YhSbTs17ha,Sólo Pop
37i9dQZF1DX4YhSbTs17ha,Sólo Pop
37i9dQZF1DX4YhSbTs17ha,Sólo Pop
37i9dQZF1DX4YhSbTs17ha,Sólo Pop
37i9dQZF1DX4YhSbTs17ha,Sólo Pop
37i9dQZF1DX4YhSbTs17ha,Sólo Pop
37i9dQZF1DX4YhSbTs17ha,Sólo Pop
37i9dQZF1DX4YhSbTs17ha,Sólo Pop
37i9dQZF1DX4YhSbTs17ha,Sólo Pop
37i9dQZF1DX4YhSbTs17ha,Sólo Pop
37i9dQZF1DX4YhSbTs17ha,Sólo Pop
37i9dQZF1DX4YhSbTs17ha,Sólo Pop
37i9dQZF1DX4YhSbTs17ha,Sólo Pop
37i9dQZF1DX4YhSbTs17ha,Sólo Pop
37i9dQZF1DX4YhSbTs17ha,Sólo Pop
37i9dQZF1DX4YhSbTs17ha,Sólo Pop
37i9dQZF1DX4YhSbTs17ha,Sólo Pop
37i9dQZF1DX4YhSbTs17ha,Sólo Pop
37i9dQZF1DX4YhSbTs17ha,Sólo Pop
37i9dQZF1DX4YhSbTs17ha,Sólo Pop
37i9dQZF1DX4YhSbTs17ha,Sólo Pop
37i9dQZF1DX4YhSbTs17ha,Sólo Pop
37i9dQZF1DX4YhSbTs17ha,Sólo Pop
37i9dQZF1DX4YhSbTs17ha,Sólo Pop
37i9dQZF1DX4YhSbTs17ha,Sólo Pop
37i9dQZF1DX4YhSbTs17ha,Sólo Pop
37i9dQZF1DX4YhSbTs17ha,Sólo Pop
37i9dQZF1DX4YhSbTs17ha,Sólo Pop
37i9dQZF1DX4YhSbTs17ha,Sólo Pop
37i9dQZF1DWUaThf8nMdW6,Best of '00s Pop
37i9dQZF1DWUaThf8nMdW6,Best of '00s Pop
37i9dQZF1DWUaThf8nMdW6,Best of '00s Pop
37i9dQZF1DWUaThf8nMdW6,Best of '00s Pop
37i9dQZF1DWUaThf8nMdW6,Best of '00s Pop
37i9dQZF1DWUaThf8nMdW6,Best of '00s Pop
37i9dQZF1DWUaThf8nMdW6,Best of '00s Pop
37i9dQZF1DWUaThf8nMdW6,Best of '00s Pop
37i9dQZF1DWUaThf8nMdW6,Best of '00s Pop
37i9dQZF1DWUaThf8nMdW6,Best of '00s Pop
37i9dQZF1DWUaThf8nMdW6,Best of '00s Pop
37i9dQZF1DWUaThf8nMdW6,Best of '00s Pop
37i9dQZF1DWUaThf8nMdW6,Best of '00s Pop
37i9dQZF1DWUaThf8nMdW6,Best of '00s Pop
37i9dQZF1DWUaThf8nMdW6,Best of '00s Pop
37i9dQZF1DWUaThf8nMdW6,Best of '00s Pop
37i9dQZF1DWUaThf8nMdW6,Best of '00s Pop
37i9dQZF1DWUaThf8nMdW6,Best of '00s Pop
37i9dQZF1DWUaThf8nMdW6,Best of '00s Pop
37i9dQZF1DWUaThf8nMdW6,Best of '00s Pop
37i9dQZF1DWUaThf8nMdW6,Best of '00s Pop
37i9dQZF1DWUaThf8nMdW6,Best of '00s Pop
37i9dQZF1DWUaThf8nMdW6,Best of '00s Pop
37i9dQZF1DWUaThf8nMdW6,Best of '00s Pop
37i9dQZF1DWUaThf8nMdW6,Best of '00s Pop
37i9dQZF1DWUaThf8nMdW6,Best of '00s Pop
37i9dQZF1DWUaThf8nMdW6,Best of '00s Pop
37i9dQZF1DWUaThf8nMdW6,Best of '00s Pop
37i9dQZF1DWUaThf8nMdW6,Best of '00s Pop
37i9dQZF1DWUaThf8nMdW6,Best of '00s Pop
37i9dQZF1DWUaThf8nMdW6,Best of '00s Pop
37i9dQZF1DWUaThf8nMdW6,Best of '00s Pop
37i9dQZF1DWUaThf8nMdW6,Best of '00s Pop
37i9dQZF1DWUaThf8nMdW6,Best of '00s Pop
37i9dQZF1DWUaThf8nMdW6,Best of '00s Pop
37i9dQZF1DWUaThf8nMdW6,Best of '00s Pop
37i9dQZF1DWUaThf8nMdW6,Best of '00s Pop
37i9dQZF1DWUaThf8nMdW6,Best of '00s Pop
37i9dQZF1DWUaThf8nMdW6,Best of '00s Pop
37i9dQZF1DWUaThf8nMdW6,Best of '00s Pop
37i9dQZF1DWUaThf8nMdW6,Best of '00s Pop
37i9dQZF1DWUaThf8nMdW6,Best of '00s Pop
37i9dQZF1DWUaThf8nMdW6,Best of '00s Pop
37i9dQZF1DWUaThf8nMdW6,Best of '00s Pop
37i9dQZF1DWUaThf8nMdW6,Best of '00s Pop
37i9dQZF1DWUaThf8nMdW6,Best of '00s Pop
37i9dQZF1DWUaThf8nMdW6,Best of '00s Pop
37i9dQZF1DWUaThf8nMdW6,Best of '00s Pop
37i9dQZF1DWUaThf8nMdW6,Best of '00s Pop
37i9dQZF1DWUaThf8nMdW6,Best of '00s Pop
37i9dQZF1DXaPCIWxzZwR1,Pop Sauce
37i9dQZF1DXaPCIWxzZwR1,Pop Sauce
37i9dQZF1DXaPCIWxzZwR1,Pop Sauce
37i9dQZF1DXaPCIWxzZwR1,Pop Sauce
37i9dQZF1DXaPCIWxzZwR1,Pop Sauce
37i9dQZF1DXaPCIWxzZwR1,Pop Sauce
37i9dQZF1DXaPCIWxzZwR1,Pop Sauce
37i9dQZF1DXaPCIWxzZwR1,Pop Sauce
37i9dQZF1DXaPCIWxzZwR1,Pop Sauce
37i9dQZF1DXaPCIWxzZwR1,Pop Sauce
37i9dQZF1DXaPCIWxzZwR1,Pop Sauce
37i9dQZF1DXaPCIWxzZwR1,Pop Sauce
37i9dQZF1DXaPCIWxzZwR1,Pop Sauce
37i9dQZF1DXaPCIWxzZwR1,Pop Sauce
37i9dQZF1DXaPCIWxzZwR1,Pop Sauce
37i9dQZF1DXaPCIWxzZwR1,Pop Sauce
37i9dQZF1DXaPCIWxzZwR1,Pop Sauce
37i9dQZF1DXaPCIWxzZwR1,Pop Sauce
37i9dQZF1DXaPCIWxzZwR1,Pop Sauce
37i9dQZF1DXaPCIWxzZwR1,Pop Sauce
37i9dQZF1DXaPCIWxzZwR1,Pop Sauce
37i9dQZF1DXaPCIWxzZwR1,Pop Sauce
37i9dQZF1DXaPCIWxzZwR1,Pop Sauce
37i9dQZF1DXaPCIWxzZwR1,Pop Sauce
37i9dQZF1DXaPCIWxzZwR1,Pop Sauce
37i9dQZF1DXaPCIWxzZwR1,Pop Sauce
37i9dQZF1DXaPCIWxzZwR1,Pop Sauce
37i9dQZF1DXaPCIWxzZwR1,Pop Sauce
37i9dQZF1DXaPCIWxzZwR1,Pop Sauce
37i9dQZF1DXaPCIWxzZwR1,Pop Sauce
37i9dQZF1DXaPCIWxzZwR1,Pop Sauce
37i9dQZF1DXaPCIWxzZwR1,Pop Sauce
37i9dQZF1DXaPCIWxzZwR1,Pop Sauce
37i9dQZF1DXaPCIWxzZwR1,Pop Sauce
37i9dQZF1DXaPCIWxzZwR1,Pop Sauce
37i9dQZF1DXaPCIWxzZwR1,Pop Sauce
37i9dQZF1DXaPCIWxzZwR1,Pop Sauce
37i9dQZF1DXaPCIWxzZwR1,Pop Sauce
37i9dQZF1DXaPCIWxzZwR1,Pop Sauce
37i9dQZF1DXaPCIWxzZwR1,Pop Sauce
37i9dQZF1DXaPCIWxzZwR1,Pop Sauce
37i9dQZF1DXaPCIWxzZwR1,Pop Sauce
37i9dQZF1DXaPCIWxzZwR1,Pop Sauce
37i9dQZF1DXaPCIWxzZwR1,Pop Sauce
37i9dQZF1DXaPCIWxzZwR1,Pop Sauce
37i9dQZF1DXaPCIWxzZwR1,Pop Sauce
37i9dQZF1DXaPCIWxzZwR1,Pop Sauce
37i9dQZF1DXaPCIWxzZwR1,Pop Sauce
37i9dQZF1DXaPCIWxzZwR1,Pop Sauce
37i9dQZF1DXaPCIWxzZwR1,Pop Sauce
37i9dQZF1DXaPCIWxzZwR1,Pop Sauce
37i9dQZF1DXaPCIWxzZwR1,Pop Sauce
37i9dQZF1DXaPCIWxzZwR1,Pop Sauce
37i9dQZF1DXaPCIWxzZwR1,Pop Sauce
37i9dQZF1DXaPCIWxzZwR1,Pop Sauce
37i9dQZF1DXaPCIWxzZwR1,Pop Sauce
37i9dQZF1DXaPCIWxzZwR1,Pop Sauce
37i9dQZF1DXaPCIWxzZwR1,Pop Sauce
37i9dQZF1DXaPCIWxzZwR1,Pop Sauce
37i9dQZF1DXaPCIWxzZwR1,Pop Sauce
37i9dQZF1DXaPCIWxzZwR1,Pop Sauce
37i9dQZF1DXaPCIWxzZwR1,Pop Sauce
37i9dQZF1DXaPCIWxzZwR1,Pop Sauce
37i9dQZF1DXaPCIWxzZwR1,Pop Sauce
37i9dQZF1DXaPCIWxzZwR1,Pop Sauce
37i9dQZF1DXaPCIWxzZwR1,Pop Sauce
37i9dQZF1DXaPCIWxzZwR1,Pop Sauce
37i9dQZF1DXaPCIWxzZwR1,Pop Sauce
37i9dQZF1DXaPCIWxzZwR1,Pop Sauce
37i9dQZF1DXaPCIWxzZwR1,Pop Sauce
37i9dQZF1DXaPCIWxzZwR1,Pop Sauce
37i9dQZF1DXaPCIWxzZwR1,Pop Sauce
37i9dQZF1DXaPCIWxzZwR1,Pop Sauce
37i9dQZF1DXaPCIWxzZwR1,Pop Sauce
37i9dQZF1DXaPCIWxzZwR1,Pop Sauce
37i9dQZF1DXaPCIWxzZwR1,Pop Sauce
37i9dQZF1DXaPCIWxzZwR1,Pop Sauce
37i9dQZF1DXaPCIWxzZwR1,Pop Sauce
37i9dQZF1DXaPCIWxzZwR1,Pop Sauce
37i9dQZF1DXaPCIWxzZwR1,Pop Sauce
37i9dQZF1DXaPCIWxzZwR1,Pop Sauce
37i9dQZF1DXaPCIWxzZwR1,Pop Sauce
37i9dQZF1DXaPCIWxzZwR1,Pop Sauce
37i9dQZF1DXaPCIWxzZwR1,Pop Sauce
37i9dQZF1DXaPCIWxzZwR1,Pop Sauce
37i9dQZF1DXaPCIWxzZwR1,Pop Sauce
37i9dQZF1DXaPCIWxzZwR1,Pop Sauce
37i9dQZF1DXaPCIWxzZwR1,Pop Sauce
37i9dQZF1DXaPCIWxzZwR1,Pop Sauce
37i9dQZF1DXaPCIWxzZwR1,Pop Sauce
37i9dQZF1DXaPCIWxzZwR1,Pop Sauce
37i9dQZF1DXaPCIWxzZwR1,Pop Sauce
37i9dQZF1DXaPCIWxzZwR1,Pop Sauce
37i9dQZF1DXaPCIWxzZwR1,Pop Sauce
37i9dQZF1DXaPCIWxzZwR1,Pop Sauce
37i9dQZF1DXaPCIWxzZwR1,Pop Sauce
37i9dQZF1DXaPCIWxzZwR1,Pop Sauce
37i9dQZF1DWVlLVXKTOAYa,Pop Right Now
37i9dQZF1DWVlLVXKTOAYa,Pop Right Now
37i9dQZF1DWVlLVXKTOAYa,Pop Right Now
37i9dQZF1DWVlLVXKTOAYa,Pop Right Now
37i9dQZF1DWVlLVXKTOAYa,Pop Right Now
37i9dQZF1DWVlLVXKTOAYa,Pop Right Now
37i9dQZF1DWVlLVXKTOAYa,Pop Right Now
37i9dQZF1DWVlLVXKTOAYa,Pop Right Now
37i9dQZF1DWVlLVXKTOAYa,Pop Right Now
37i9dQZF1DWVlLVXKTOAYa,Pop Right Now
37i9dQZF1DWVlLVXKTOAYa,Pop Right Now
37i9dQZF1DWVlLVXKTOAYa,Pop Right Now
37i9dQZF1DWVlLVXKTOAYa,Pop Right Now
37i9dQZF1DWVlLVXKTOAYa,Pop Right Now
37i9dQZF1DWVlLVXKTOAYa,Pop Right Now
37i9dQZF1DWVlLVXKTOAYa,Pop Right Now
37i9dQZF1DWVlLVXKTOAYa,Pop Right Now
37i9dQZF1DWVlLVXKTOAYa,Pop Right Now
37i9dQZF1DWVlLVXKTOAYa,Pop Right Now
37i9dQZF1DWVlLVXKTOAYa,Pop Right Now
37i9dQZF1DWVlLVXKTOAYa,Pop Right Now
37i9dQZF1DWVlLVXKTOAYa,Pop Right Now
37i9dQZF1DWVlLVXKTOAYa,Pop Right Now
37i9dQZF1DWVlLVXKTOAYa,Pop Right Now
37i9dQZF1DWVlLVXKTOAYa,Pop Right Now
37i9dQZF1DWVlLVXKTOAYa,Pop Right Now
37i9dQZF1DWVlLVXKTOAYa,Pop Right Now
37i9dQZF1DWVlLVXKTOAYa,Pop Right Now
37i9dQZF1DWVlLVXKTOAYa,Pop Right Now
37i9dQZF1DWVlLVXKTOAYa,Pop Right Now
37i9dQZF1DWVlLVXKTOAYa,Pop Right Now
37i9dQZF1DWVlLVXKTOAYa,Pop Right Now
37i9dQZF1DWVlLVXKTOAYa,Pop Right Now
37i9dQZF1DWVlLVXKTOAYa,Pop Right Now
37i9dQZF1DWVlLVXKTOAYa,Pop Right Now
37i9dQZF1DWVlLVXKTOAYa,Pop Right Now
37i9dQZF1DWVlLVXKTOAYa,Pop Right Now
37i9dQZF1DWVlLVXKTOAYa,Pop Right Now
37i9dQZF1DWVlLVXKTOAYa,Pop Right Now
37i9dQZF1DWVlLVXKTOAYa,Pop Right Now
37i9dQZF1DWVlLVXKTOAYa,Pop Right Now
37i9dQZF1DWVlLVXKTOAYa,Pop Right Now
37i9dQZF1DWVlLVXKTOAYa,Pop Right Now
37i9dQZF1DWVlLVXKTOAYa,Pop Right Now
37i9dQZF1DWVlLVXKTOAYa,Pop Right Now
37i9dQZF1DWVlLVXKTOAYa,Pop Right Now
37i9dQZF1DWVlLVXKTOAYa,Pop Right Now
37i9dQZF1DWVlLVXKTOAYa,Pop Right Now
37i9dQZF1DWVlLVXKTOAYa,Pop Right Now
37i9dQZF1DWVlLVXKTOAYa,Pop Right Now
37i9dQZF1DWVlLVXKTOAYa,Pop Right Now
37i9dQZF1DWVlLVXKTOAYa,Pop Right Now
37i9dQZF1DWVlLVXKTOAYa,Pop Right Now
37i9dQZF1DWVlLVXKTOAYa,Pop Right Now
37i9dQZF1DWVlLVXKTOAYa,Pop Right Now
37i9dQZF1DWVlLVXKTOAYa,Pop Right Now
37i9dQZF1DWVlLVXKTOAYa,Pop Right Now
37i9dQZF1DWVlLVXKTOAYa,Pop Right Now
37i9dQZF1DWVlLVXKTOAYa,Pop Right Now
37i9dQZF1DWVlLVXKTOAYa,Pop Right Now
37i9dQZF1DWVlLVXKTOAYa,Pop Right Now
37i9dQZF1DWVlLVXKTOAYa,Pop Right Now
37i9dQZF1DWVlLVXKTOAYa,Pop Right Now
37i9dQZF1DWVlLVXKTOAYa,Pop Right Now
37i9dQZF1DWVlLVXKTOAYa,Pop Right Now
37i9dQZF1DWVlLVXKTOAYa,Pop Right Now
37i9dQZF1DWVlLVXKTOAYa,Pop Right Now
37i9dQZF1DWVlLVXKTOAYa,Pop Right Now
37i9dQZF1DWVlLVXKTOAYa,Pop Right Now
37i9dQZF1DWVlLVXKTOAYa,Pop Right Now
37i9dQZF1DWVlLVXKTOAYa,Pop Right Now
37i9dQZF1DWVlLVXKTOAYa,Pop Right Now
37i9dQZF1DWVlLVXKTOAYa,Pop Right Now
37i9dQZF1DWVlLVXKTOAYa,Pop Right Now
37i9dQZF1DWVlLVXKTOAYa,Pop Right Now
37i9dQZF1DWVlLVXKTOAYa,Pop Right Now
37i9dQZF1DWVlLVXKTOAYa,Pop Right Now
37i9dQZF1DWVlLVXKTOAYa,Pop Right Now
37i9dQZF1DWVlLVXKTOAYa,Pop Right Now
37i9dQZF1DWVlLVXKTOAYa,Pop Right Now
37i9dQZF1DWVlLVXKTOAYa,Pop Right Now
37i9dQZF1DWVlLVXKTOAYa,Pop Right Now
37i9dQZF1DWVlLVXKTOAYa,Pop Right Now
37i9dQZF1DWVlLVXKTOAYa,Pop Right Now
37i9dQZF1DWVlLVXKTOAYa,Pop Right Now
37i9dQZF1DWVlLVXKTOAYa,Pop Right Now
37i9dQZF1DWVlLVXKTOAYa,Pop Right Now
37i9dQZF1DWVlLVXKTOAYa,Pop Right Now
37i9dQZF1DWVlLVXKTOAYa,Pop Right Now
37i9dQZF1DWVlLVXKTOAYa,Pop Right Now
37i9dQZF1DWVlLVXKTOAYa,Pop Right Now
37i9dQZF1DWVlLVXKTOAYa,Pop Right Now
37i9dQZF1DWVlLVXKTOAYa,Pop Right Now
37i9dQZF1DWVlLVXKTOAYa,Pop Right Now
37i9dQZF1DWVlLVXKTOAYa,Pop Right Now
37i9dQZF1DWVlLVXKTOAYa,Pop Right Now
37i9dQZF1DWVlLVXKTOAYa,Pop Right Now
37i9dQZF1DWVlLVXKTOAYa,Pop Right Now
37i9dQZF1DWVlLVXKTOAYa,Pop Right Now
37i9dQZF1DWVlLVXKTOAYa,Pop Right Now
37i9dQZF1DWVlLVXKTOAYa,Pop Right Now
37i9dQZF1DWVlLVXKTOAYa,Pop Right Now
37i9dQZF1DWVlLVXKTOAYa,Pop Right Now
37i9dQZF1DWVlLVXKTOAYa,Pop Right Now
37i9dQZF1DWVlLVXKTOAYa,Pop Right Now
37i9dQZF1DWVlLVXKTOAYa,Pop Right Now
37i9dQZF1DWVlLVXKTOAYa,Pop Right Now
37i9dQZF1DWVlLVXKTOAYa,Pop Right Now
37i9dQZF1DWVlLVXKTOAYa,Pop Right Now
37i9dQZF1DWVlLVXKTOAYa,Pop Right Now
37i9dQZF1DWVlLVXKTOAYa,Pop Right Now
37i9dQZF1DWVlLVXKTOAYa,Pop Right Now
37i9dQZF1DWVlLVXKTOAYa,Pop Right Now
37i9dQZF1DWVlLVXKTOAYa,Pop Right Now
37i9dQZF1DWVlLVXKTOAYa,Pop Right Now
37i9dQZF1DWVlLVXKTOAYa,Pop Right Now
37i9dQZF1DWVlLVXKTOAYa,Pop Right Now
37i9dQZF1DWVlLVXKTOAYa,Pop Right Now
37i9dQZF1DWVlLVXKTOAYa,Pop Right Now
37i9dQZF1DWVlLVXKTOAYa,Pop Right Now
37i9dQZF1DWVlLVXKTOAYa,Pop Right Now
37i9dQZF1DWVlLVXKTOAYa,Pop Right Now
37i9dQZF1DWVlLVXKTOAYa,Pop Right Now
37i9dQZF1DWVlLVXKTOAYa,Pop Right Now
37i9dQZF1DWVlLVXKTOAYa,Pop Right Now
37i9dQZF1DWVlLVXKTOAYa,Pop Right Now
37i9dQZF1DWVlLVXKTOAYa,Pop Right Now
37i9dQZF1DWVlLVXKTOAYa,Pop Right Now
37i9dQZF1DWVlLVXKTOAYa,Pop Right Now
37i9dQZF1DWVlLVXKTOAYa,Pop Right Now
37i9dQZF1DWVlLVXKTOAYa,Pop Right Now
37i9dQZF1DWVlLVXKTOAYa,Pop Right Now
37i9dQZF1DWVlLVXKTOAYa,Pop Right Now
37i9dQZF1DWVlLVXKTOAYa,Pop Right Now
37i9dQZF1DWVlLVXKTOAYa,Pop Right Now
37i9dQZF1DWVlLVXKTOAYa,Pop Right Now
37i9dQZF1DWVlLVXKTOAYa,Pop Right Now
37i9dQZF1DWVlLVXKTOAYa,Pop Right Now
37i9dQZF1DWVlLVXKTOAYa,Pop Right Now
37i9dQZF1DWVlLVXKTOAYa,Pop Right Now
37i9dQZF1DWVlLVXKTOAYa,Pop Right Now
37i9dQZF1DWVlLVXKTOAYa,Pop Right Now
37i9dQZF1DWVlLVXKTOAYa,Pop Right Now
37i9dQZF1DWVlLVXKTOAYa,Pop Right Now
37i9dQZF1DWVlLVXKTOAYa,Pop Right Now
37i9dQZF1DWVlLVXKTOAYa,Pop Right Now
37i9dQZF1DWVlLVXKTOAYa,Pop Right Now
37i9dQZF1DWVlLVXKTOAYa,Pop Right Now
37i9dQZF1DWVlLVXKTOAYa,Pop Right Now
37i9dQZF1DWVlLVXKTOAYa,Pop Right Now
37i9dQZF1DWVlLVXKTOAYa,Pop Right Now
37i9dQZF1DWVlLVXKTOAYa,Pop Right Now
37i9dQZF1DWVlLVXKTOAYa,Pop Right Now
37i9dQZF1DWVlLVXKTOAYa,Pop Right Now
37i9dQZF1DWVlLVXKTOAYa,Pop Right Now
37i9dQZF1DWVlLVXKTOAYa,Pop Right Now
37i9dQZF1DWVlLVXKTOAYa,Pop Right Now
37i9dQZF1DWVlLVXKTOAYa,Pop Right Now
37i9dQZF1DWVlLVXKTOAYa,Pop Right Now
37i9dQZF1DWVlLVXKTOAYa,Pop Right Now
37i9dQZF1DWVlLVXKTOAYa,Pop Right Now
37i9dQZF1DWVlLVXKTOAYa,Pop Right Now
37i9dQZF1DWVlLVXKTOAYa,Pop Right Now
37i9dQZF1DWVlLVXKTOAYa,Pop Right Now
37i9dQZF1DWVlLVXKTOAYa,Pop Right Now
37i9dQZF1DWVlLVXKTOAYa,Pop Right Now
37i9dQZF1DWVlLVXKTOAYa,Pop Right Now
37i9dQZF1DWVlLVXKTOAYa,Pop Right Now
37i9dQZF1DWVlLVXKTOAYa,Pop Right Now
37i9dQZF1DWVlLVXKTOAYa,Pop Right Now
37i9dQZF1DWVlLVXKTOAYa,Pop Right Now
37i9dQZF1DWVlLVXKTOAYa,Pop Right Now
37i9dQZF1DWVlLVXKTOAYa,Pop Right Now
37i9dQZF1DWVlLVXKTOAYa,Pop Right Now
37i9dQZF1DWVlLVXKTOAYa,Pop Right Now
37i9dQZF1DWVlLVXKTOAYa,Pop Right Now
37i9dQZF1DWVlLVXKTOAYa,Pop Right Now
37i9dQZF1DWVlLVXKTOAYa,Pop Right Now
37i9dQZF1DWVlLVXKTOAYa,Pop Right Now
37i9dQZF1DWVlLVXKTOAYa,Pop Right Now
37i9dQZF1DWVlLVXKTOAYa,Pop Right Now
37i9dQZF1DWVlLVXKTOAYa,Pop Right Now
37i9dQZF1DWVlLVXKTOAYa,Pop Right Now
37i9dQZF1DWVlLVXKTOAYa,Pop Right Now
37i9dQZF1DWVlLVXKTOAYa,Pop Right Now
37i9dQZF1DWVlLVXKTOAYa,Pop Right Now
37i9dQZF1DWVlLVXKTOAYa,Pop Right Now
37i9dQZF1DWVlLVXKTOAYa,Pop Right Now
37i9dQZF1DWVlLVXKTOAYa,Pop Right Now
37i9dQZF1DWVlLVXKTOAYa,Pop Right Now
37i9dQZF1DWVlLVXKTOAYa,Pop Right Now
37i9dQZF1DWVlLVXKTOAYa,Pop Right Now
37i9dQZF1DWVlLVXKTOAYa,Pop Right Now
37i9dQZF1DWVlLVXKTOAYa,Pop Right Now
37i9dQZF1DWVlLVXKTOAYa,Pop Right Now
37i9dQZF1DWVlLVXKTOAYa,Pop Right Now
37i9dQZF1DWVlLVXKTOAYa,Pop Right Now
37i9dQZF1DWVlLVXKTOAYa,Pop Right Now
37i9dQZF1DWVlLVXKTOAYa,Pop Right Now
37i9dQZF1DWVlLVXKTOAYa,Pop Right Now
37i9dQZF1DX3sCT1ItXgNd,Pop con Ñ
37i9dQZF1DX3sCT1ItXgNd,Pop con Ñ
37i9dQZF1DX3sCT1ItXgNd,Pop con Ñ
37i9dQZF1DX3sCT1ItXgNd,Pop con Ñ
37i9dQZF1DX3sCT1ItXgNd,Pop con Ñ
37i9dQZF1DX3sCT1ItXgNd,Pop con Ñ
37i9dQZF1DX3sCT1ItXgNd,Pop con Ñ
37i9dQZF1DX3sCT1ItXgNd,Pop con Ñ
37i9dQZF1DX3sCT1ItXgNd,Pop con Ñ
37i9dQZF1DX3sCT1ItXgNd,Pop con Ñ
37i9dQZF1DX3sCT1ItXgNd,Pop con Ñ
37i9dQZF1DX3sCT1ItXgNd,Pop con Ñ
37i9dQZF1DX3sCT1ItXgNd,Pop con Ñ
37i9dQZF1DX3sCT1ItXgNd,Pop con Ñ
37i9dQZF1DX3sCT1ItXgNd,Pop con Ñ
37i9dQZF1DX3sCT1ItXgNd,Pop con Ñ
37i9dQZF1DX3sCT1ItXgNd,Pop con Ñ
37i9dQZF1DX3sCT1ItXgNd,Pop con Ñ
37i9dQZF1DX3sCT1ItXgNd,Pop con Ñ
37i9dQZF1DX3sCT1ItXgNd,Pop con Ñ
37i9dQZF1DX3sCT1ItXgNd,Pop con Ñ
37i9dQZF1DX3sCT1ItXgNd,Pop con Ñ
37i9dQZF1DX3sCT1ItXgNd,Pop con Ñ
37i9dQZF1DX3sCT1ItXgNd,Pop con Ñ
37i9dQZF1DX3sCT1ItXgNd,Pop con Ñ
37i9dQZF1DX3sCT1ItXgNd,Pop con Ñ
37i9dQZF1DX3sCT1ItXgNd,Pop con Ñ
37i9dQZF1DX3sCT1ItXgNd,Pop con Ñ
37i9dQZF1DX3sCT1ItXgNd,Pop con Ñ
37i9dQZF1DX3sCT1ItXgNd,Pop con Ñ
37i9dQZF1DX3sCT1ItXgNd,Pop con Ñ
37i9dQZF1DX3sCT1ItXgNd,Pop con Ñ
37i9dQZF1DX3sCT1ItXgNd,Pop con Ñ
37i9dQZF1DX3sCT1ItXgNd,Pop con Ñ
37i9dQZF1DX3sCT1ItXgNd,Pop con Ñ
37i9dQZF1DX3sCT1ItXgNd,Pop con Ñ
37i9dQZF1DX3sCT1ItXgNd,Pop con Ñ
37i9dQZF1DX3sCT1ItXgNd,Pop con Ñ
37i9dQZF1DX3sCT1ItXgNd,Pop con Ñ
37i9dQZF1DX3sCT1ItXgNd,Pop con Ñ
37i9dQZF1DX3sCT1ItXgNd,Pop con Ñ
37i9dQZF1DX3sCT1ItXgNd,Pop con Ñ
37i9dQZF1DX3sCT1ItXgNd,Pop con Ñ
37i9dQZF1DX3sCT1ItXgNd,Pop con Ñ
37i9dQZF1DX3sCT1ItXgNd,Pop con Ñ
37i9dQZF1DX3sCT1ItXgNd,Pop con Ñ
37i9dQZF1DX3sCT1ItXgNd,Pop con Ñ
37i9dQZF1DX3sCT1ItXgNd,Pop con Ñ
37i9dQZF1DX3sCT1ItXgNd,Pop con Ñ
37i9dQZF1DX3sCT1ItXgNd,Pop con Ñ
37i9dQZF1DX3sCT1ItXgNd,Pop con Ñ
37i9dQZF1DX3sCT1ItXgNd,Pop con Ñ
37i9dQZF1DX3sCT1ItXgNd,Pop con Ñ
37i9dQZF1DX3sCT1ItXgNd,Pop con Ñ
37i9dQZF1DX3sCT1ItXgNd,Pop con Ñ
37i9dQZF1DX3sCT1ItXgNd,Pop con Ñ
37i9dQZF1DX3sCT1ItXgNd,Pop con Ñ
37i9dQZF1DX3sCT1ItXgNd,Pop con Ñ
37i9dQZF1DX3sCT1ItXgNd,Pop con Ñ
37i9dQZF1DX3sCT1ItXgNd,Pop con Ñ
37i9dQZF1DX3sCT1ItXgNd,Pop con Ñ
37i9dQZF1DX3sCT1ItXgNd,Pop con Ñ
37i9dQZF1DX3sCT1ItXgNd,Pop con Ñ
37i9dQZF1DX3sCT1ItXgNd,Pop con Ñ
37i9dQZF1DX3sCT1ItXgNd,Pop con Ñ
37i9dQZF1DX3sCT1ItXgNd,Pop con Ñ
37i9dQZF1DX3sCT1ItXgNd,Pop con Ñ
37i9dQZF1DX3sCT1ItXgNd,Pop con Ñ
37i9dQZF1DX3sCT1ItXgNd,Pop con Ñ
37i9dQZF1DX3sCT1ItXgNd,Pop con Ñ
37i9dQZF1DX3sCT1ItXgNd,Pop con Ñ
37i9dQZF1DX3sCT1ItXgNd,Pop con Ñ
37i9dQZF1DX3sCT1ItXgNd,Pop con Ñ
37i9dQZF1DX3sCT1ItXgNd,Pop con Ñ
37i9dQZF1DX3sCT1ItXgNd,Pop con Ñ
37i9dQZF1DX6Cy4Vr7Hu2y,EQUAL K-Pop
37i9dQZF1DX6Cy4Vr7Hu2y,EQUAL K-Pop
37i9dQZF1DX6Cy4Vr7Hu2y,EQUAL K-Pop
37i9dQZF1DX6Cy4Vr7Hu2y,EQUAL K-Pop
37i9dQZF1DX6Cy4Vr7Hu2y,EQUAL K-Pop
37i9dQZF1DX6Cy4Vr7Hu2y,EQUAL K-Pop
37i9dQZF1DX6Cy4Vr7Hu2y,EQUAL K-Pop
37i9dQZF1DX6Cy4Vr7Hu2y,EQUAL K-Pop
37i9dQZF1DX6Cy4Vr7Hu2y,EQUAL K-Pop
37i9dQZF1DX6Cy4Vr7Hu2y,EQUAL K-Pop
37i9dQZF1DX6Cy4Vr7Hu2y,EQUAL K-Pop
37i9dQZF1DX6Cy4Vr7Hu2y,EQUAL K-Pop
37i9dQZF1DX6Cy4Vr7Hu2y,EQUAL K-Pop
37i9dQZF1DX6Cy4Vr7Hu2y,EQUAL K-Pop
37i9dQZF1DX6Cy4Vr7Hu2y,EQUAL K-Pop
37i9dQZF1DX6Cy4Vr7Hu2y,EQUAL K-Pop
37i9dQZF1DX6Cy4Vr7Hu2y,EQUAL K-Pop
37i9dQZF1DX6Cy4Vr7Hu2y,EQUAL K-Pop
37i9dQZF1DX6Cy4Vr7Hu2y,EQUAL K-Pop
37i9dQZF1DX6Cy4Vr7Hu2y,EQUAL K-Pop
37i9dQZF1DX6Cy4Vr7Hu2y,EQUAL K-Pop
37i9dQZF1DX6Cy4Vr7Hu2y,EQUAL K-Pop
37i9dQZF1DX6Cy4Vr7Hu2y,EQUAL K-Pop
37i9dQZF1DX6Cy4Vr7Hu2y,EQUAL K-Pop
37i9dQZF1DX6Cy4Vr7Hu2y,EQUAL K-Pop
37i9dQZF1DX6Cy4Vr7Hu2y,EQUAL K-Pop
37i9dQZF1DX6Cy4Vr7Hu2y,EQUAL K-Pop
37i9dQZF1DX6Cy4Vr7Hu2y,EQUAL K-Pop
37i9dQZF1DX6Cy4Vr7Hu2y,EQUAL K-Pop
37i9dQZF1DX6Cy4Vr7Hu2y,EQUAL K-Pop
37i9dQZF1DX6Cy4Vr7Hu2y,EQUAL K-Pop
37i9dQZF1DX6Cy4Vr7Hu2y,EQUAL K-Pop
37i9dQZF1DX6Cy4Vr7Hu2y,EQUAL K-Pop
37i9dQZF1DX6Cy4Vr7Hu2y,EQUAL K-Pop
37i9dQZF1DX6Cy4Vr7Hu2y,EQUAL K-Pop
37i9dQZF1DX6Cy4Vr7Hu2y,EQUAL K-Pop
37i9dQZF1DX6Cy4Vr7Hu2y,EQUAL K-Pop
37i9dQZF1DX6Cy4Vr7Hu2y,EQUAL K-Pop
37i9dQZF1DX6Cy4Vr7Hu2y,EQUAL K-Pop
37i9dQZF1DX6Cy4Vr7Hu2y,EQUAL K-Pop
37i9dQZF1DX6Cy4Vr7Hu2y,EQUAL K-Pop
37i9dQZF1DX6Cy4Vr7Hu2y,EQUAL K-Pop
37i9dQZF1DX6Cy4Vr7Hu2y,EQUAL K-Pop
37i9dQZF1DX6Cy4Vr7Hu2y,EQUAL K-Pop
37i9dQZF1DX6Cy4Vr7Hu2y,EQUAL K-Pop
37i9dQZF1DX6Cy4Vr7Hu2y,EQUAL K-Pop
37i9dQZF1DX6Cy4Vr7Hu2y,EQUAL K-Pop
37i9dQZF1DX6Cy4Vr7Hu2y,EQUAL K-Pop
37i9dQZF1DX6Cy4Vr7Hu2y,EQUAL K-Pop
37i9dQZF1DX6Cy4Vr7Hu2y,EQUAL K-Pop
37i9dQZF1DX6Cy4Vr7Hu2y,EQUAL K-Pop
37i9dQZF1DX6Cy4Vr7Hu2y,EQUAL K-Pop
37i9dQZF1DX6Cy4Vr7Hu2y,EQUAL K-Pop
37i9dQZF1DX6Cy4Vr7Hu2y,EQUAL K-Pop
37i9dQZF1DX6Cy4Vr7Hu2y,EQUAL K-Pop
37i9dQZF1DX6Cy4Vr7Hu2y,EQUAL K-Pop
37i9dQZF1DX6Cy4Vr7Hu2y,EQUAL K-Pop
37i9dQZF1DX6Cy4Vr7Hu2y,EQUAL K-Pop
37i9dQZF1DX6Cy4Vr7Hu2y,EQUAL K-Pop
37i9dQZF1DX6Cy4Vr7Hu2y,EQUAL K-Pop
37i9dQZF1DX6Cy4Vr7Hu2y,EQUAL K-Pop
37i9dQZF1DX6Cy4Vr7Hu2y,EQUAL K-Pop
37i9dQZF1DX6Cy4Vr7Hu2y,EQUAL K-Pop
37i9dQZF1DX6Cy4Vr7Hu2y,EQUAL K-Pop
37i9dQZF1DX9L93gfg5cPa,Mega Pop Mix
37i9dQZF1DX9L93gfg5cPa,Mega Pop Mix
37i9dQZF1DX9L93gfg5cPa,Mega Pop Mix
37i9dQZF1DX9L93gfg5cPa,Mega Pop Mix
37i9dQZF1DX9L93gfg5cPa,Mega Pop Mix
37i9dQZF1DX9L93gfg5cPa,Mega Pop Mix
37i9dQZF1DX9L93gfg5cPa,Mega Pop Mix
37i9dQZF1DX9L93gfg5cPa,Mega Pop Mix
37i9dQZF1DX9L93gfg5cPa,Mega Pop Mix
37i9dQZF1DX9L93gfg5cPa,Mega Pop Mix
37i9dQZF1DX9L93gfg5cPa,Mega Pop Mix
37i9dQZF1DX9L93gfg5cPa,Mega Pop Mix
37i9dQZF1DX9L93gfg5cPa,Mega Pop Mix
37i9dQZF1DX9L93gfg5cPa,Mega Pop Mix
37i9dQZF1DX9L93gfg5cPa,Mega Pop Mix
37i9dQZF1DX9L93gfg5cPa,Mega Pop Mix
37i9dQZF1DX9L93gfg5cPa,Mega Pop Mix
37i9dQZF1DX9L93gfg5cPa,Mega Pop Mix
37i9dQZF1DX9L93gfg5cPa,Mega Pop Mix
37i9dQZF1DX9L93gfg5cPa,Mega Pop Mix
37i9dQZF1DX9L93gfg5cPa,Mega Pop Mix
37i9dQZF1DX9L93gfg5cPa,Mega Pop Mix
37i9dQZF1DX9L93gfg5cPa,Mega Pop Mix
37i9dQZF1DX9L93gfg5cPa,Mega Pop Mix
37i9dQZF1DX9L93gfg5cPa,Mega Pop Mix
37i9dQZF1DX9L93gfg5cPa,Mega Pop Mix
37i9dQZF1DX9L93gfg5cPa,Mega Pop Mix
37i9dQZF1DX9L93gfg5cPa,Mega Pop Mix
37i9dQZF1DX9L93gfg5cPa,Mega Pop Mix
37i9dQZF1DX9L93gfg5cPa,Mega Pop Mix
37i9dQZF1DX9L93gfg5cPa,Mega Pop Mix
37i9dQZF1DX9L93gfg5cPa,Mega Pop Mix
37i9dQZF1DX9L93gfg5cPa,Mega Pop Mix
37i9dQZF1DX9L93gfg5cPa,Mega Pop Mix
37i9dQZF1DX9L93gfg5cPa,Mega Pop Mix
37i9dQZF1DX9L93gfg5cPa,Mega Pop Mix
37i9dQZF1DX9L93gfg5cPa,Mega Pop Mix
37i9dQZF1DX9L93gfg5cPa,Mega Pop Mix
37i9dQZF1DX9L93gfg5cPa,Mega Pop Mix
37i9dQZF1DX9L93gfg5cPa,Mega Pop Mix
37i9dQZF1DX9L93gfg5cPa,Mega Pop Mix
37i9dQZF1DX9L93gfg5cPa,Mega Pop Mix
37i9dQZF1DX9L93gfg5cPa,Mega Pop Mix
37i9dQZF1DX9L93gfg5cPa,Mega Pop Mix
37i9dQZF1DX9L93gfg5cPa,Mega Pop Mix
37i9dQZF1DX9L93gfg5cPa,Mega Pop Mix
37i9dQZF1DX9L93gfg5cPa,Mega Pop Mix
37i9dQZF1DX9L93gfg5cPa,Mega Pop Mix
37i9dQZF1DX9L93gfg5cPa,Mega Pop Mix
37i9dQZF1DX9L93gfg5cPa,Mega Pop Mix
37i9dQZF1DX9L93gfg5cPa,Mega Pop Mix
37i9dQZF1DX9L93gfg5cPa,Mega Pop Mix
37i9dQZF1DX9L93gfg5cPa,Mega Pop Mix
37i9dQZF1DX9L93gfg5cPa,Mega Pop Mix
37i9dQZF1DX9L93gfg5cPa,Mega Pop Mix
37i9dQZF1DX9L93gfg5cPa,Mega Pop Mix
37i9dQZF1DX9L93gfg5cPa,Mega Pop Mix
37i9dQZF1DX9L93gfg5cPa,Mega Pop Mix
37i9dQZF1DX9L93gfg5cPa,Mega Pop Mix
37i9dQZF1DX9L93gfg5cPa,Mega Pop Mix
37i9dQZF1DX9L93gfg5cPa,Mega Pop Mix
37i9dQZF1DX9L93gfg5cPa,Mega Pop Mix
37i9dQZF1DX9L93gfg5cPa,Mega Pop Mix
37i9dQZF1DX9L93gfg5cPa,Mega Pop Mix
37i9dQZF1DX9L93gfg5cPa,Mega Pop Mix
37i9dQZF1DX9L93gfg5cPa,Mega Pop Mix
37i9dQZF1DX9L93gfg5cPa,Mega Pop Mix
37i9dQZF1DX9L93gfg5cPa,Mega Pop Mix
37i9dQZF1DX9L93gfg5cPa,Mega Pop Mix
37i9dQZF1DX9L93gfg5cPa,Mega Pop Mix
37i9dQZF1DX9L93gfg5cPa,Mega Pop Mix
37i9dQZF1DX9L93gfg5cPa,Mega Pop Mix
37i9dQZF1DX9L93gfg5cPa,Mega Pop Mix
37i9dQZF1DX9L93gfg5cPa,Mega Pop Mix
37i9dQZF1DX9L93gfg5cPa,Mega Pop Mix
37i9dQZF1DX9L93gfg5cPa,Mega Pop Mix
37i9dQZF1DX9L93gfg5cPa,Mega Pop Mix
37i9dQZF1DX9L93gfg5cPa,Mega Pop Mix
37i9dQZF1DX9L93gfg5cPa,Mega Pop Mix
37i9dQZF1DX9L93gfg5cPa,Mega Pop Mix
37i9dQZF1DX9L93gfg5cPa,Mega Pop Mix
37i9dQZF1DX9L93gfg5cPa,Mega Pop Mix
37i9dQZF1DX9L93gfg5cPa,Mega Pop Mix
37i9dQZF1DX9L93gfg5cPa,Mega Pop Mix
37i9dQZF1DX9L93gfg5cPa,Mega Pop Mix
37i9dQZF1DX9L93gfg5cPa,Mega Pop Mix
37i9dQZF1DX9L93gfg5cPa,Mega Pop Mix
37i9dQZF1DX9L93gfg5cPa,Mega Pop Mix
37i9dQZF1DX9L93gfg5cPa,Mega Pop Mix
37i9dQZF1DX9L93gfg5cPa,Mega Pop Mix
37i9dQZF1DX9L93gfg5cPa,Mega Pop Mix
37i9dQZF1DX9L93gfg5cPa,Mega Pop Mix
37i9dQZF1DX9L93gfg5cPa,Mega Pop Mix
37i9dQZF1DX9L93gfg5cPa,Mega Pop Mix
37i9dQZF1DX9L93gfg5cPa,Mega Pop Mix
37i9dQZF1DX9L93gfg5cPa,Mega Pop Mix
37i9dQZF1DX9L93gfg5cPa,Mega Pop Mix
37i9dQZF1DX9L93gfg5cPa,Mega Pop Mix
37i9dQZF1DX9L93gfg5cPa,Mega Pop Mix
37i9dQZF1DX9L93gfg5cPa,Mega Pop Mix
37i9dQZF1DX9L93gfg5cPa,Mega Pop Mix
37i9dQZF1DX9L93gfg5cPa,Mega Pop Mix
37i9dQZF1DX9L93gfg5cPa,Mega Pop Mix
37i9dQZF1DX9L93gfg5cPa,Mega Pop Mix
37i9dQZF1DX9L93gfg5cPa,Mega Pop Mix
37i9dQZF1DX9L93gfg5cPa,Mega Pop Mix
37i9dQZF1DX9L93gfg5cPa,Mega Pop Mix
37i9dQZF1DX9L93gfg5cPa,Mega Pop Mix
37i9dQZF1DX9L93gfg5cPa,Mega Pop Mix
37i9dQZF1DX9L93gfg5cPa,Mega Pop Mix
37i9dQZF1DX9L93gfg5cPa,Mega Pop Mix
37i9dQZF1DX9L93gfg5cPa,Mega Pop Mix
37i9dQZF1DX9L93gfg5cPa,Mega Pop Mix
37i9dQZF1DX9L93gfg5cPa,Mega Pop Mix
37i9dQZF1DX9L93gfg5cPa,Mega Pop Mix
37i9dQZF1DX9L93gfg5cPa,Mega Pop Mix
37i9dQZF1DX9L93gfg5cPa,Mega Pop Mix
37i9dQZF1DX9L93gfg5cPa,Mega Pop Mix
37i9dQZF1DX9L93gfg5cPa,Mega Pop Mix
37i9dQZF1DX9L93gfg5cPa,Mega Pop Mix
37i9dQZF1DX9L93gfg5cPa,Mega Pop Mix
37i9dQZF1DX9L93gfg5cPa,Mega Pop Mix
37i9dQZF1DX9L93gfg5cPa,Mega Pop Mix
37i9dQZF1DX9L93gfg5cPa,Mega Pop Mix
37i9dQZF1DX9L93gfg5cPa,Mega Pop Mix
37i9dQZF1DX9L93gfg5cPa,Mega Pop Mix
37i9dQZF1DX9L93gfg5cPa,Mega Pop Mix
37i9dQZF1DX9L93gfg5cPa,Mega Pop Mix
37i9dQZF1DX9L93gfg5cPa,Mega Pop Mix
37i9dQZF1DX9L93gfg5cPa,Mega Pop Mix
37i9dQZF1DX9L93gfg5cPa,Mega Pop Mix
37i9dQZF1DX9L93gfg5cPa,Mega Pop Mix
37i9dQZF1DX9L93gfg5cPa,Mega Pop Mix
37i9dQZF1DX9L93gfg5cPa,Mega Pop Mix
37i9dQZF1DX9L93gfg5cPa,Mega Pop Mix
37i9dQZF1DX9L93gfg5cPa,Mega Pop Mix
37i9dQZF1DX9L93gfg5cPa,Mega Pop Mix
37i9dQZF1DX9L93gfg5cPa,Mega Pop Mix
37i9dQZF1DX9L93gfg5cPa,Mega Pop Mix
37i9dQZF1DX9L93gfg5cPa,Mega Pop Mix
37i9dQZF1DX9L93gfg5cPa,Mega Pop Mix
37i9dQZF1DX9L93gfg5cPa,Mega Pop Mix
37i9dQZF1DX9L93gfg5cPa,Mega Pop Mix
37i9dQZF1DX9L93gfg5cPa,Mega Pop Mix
37i9dQZF1DX9L93gfg5cPa,Mega Pop Mix
37i9dQZF1DX9L93gfg5cPa,Mega Pop Mix
37i9dQZF1DX9L93gfg5cPa,Mega Pop Mix
37i9dQZF1DX9L93gfg5cPa,Mega Pop Mix
37i9dQZF1DX9L93gfg5cPa,Mega Pop Mix
37i9dQZF1DX9L93gfg5cPa,Mega Pop Mix
37i9dQZF1DX9L93gfg5cPa,Mega Pop Mix
37i9dQZF1DX9L93gfg5cPa,Mega Pop Mix
37i9dQZF1DX9L93gfg5cPa,Mega Pop Mix
37i9dQZF1DX9L93gfg5cPa,Mega Pop Mix
37i9dQZF1DX9L93gfg5cPa,Mega Pop Mix
37i9dQZF1DX9L93gfg5cPa,Mega Pop Mix
37i9dQZF1DX9L93gfg5cPa,Mega Pop Mix
37i9dQZF1DX9L93gfg5cPa,Mega Pop Mix
37i9dQZF1DX9L93gfg5cPa,Mega Pop Mix
37i9dQZF1DX9L93gfg5cPa,Mega Pop Mix
37i9dQZF1DX9L93gfg5cPa,Mega Pop Mix
37i9dQZF1DX9L93gfg5cPa,Mega Pop Mix
37i9dQZF1DX9L93gfg5cPa,Mega Pop Mix
37i9dQZF1DX9L93gfg5cPa,Mega Pop Mix
37i9dQZF1DX9L93gfg5cPa,Mega Pop Mix
37i9dQZF1DX9L93gfg5cPa,Mega Pop Mix
37i9dQZF1DX9L93gfg5cPa,Mega Pop Mix
37i9dQZF1DX9L93gfg5cPa,Mega Pop Mix
37i9dQZF1DX9L93gfg5cPa,Mega Pop Mix
37i9dQZF1DX9L93gfg5cPa,Mega Pop Mix
37i9dQZF1DX9L93gfg5cPa,Mega Pop Mix
37i9dQZF1DX9L93gfg5cPa,Mega Pop Mix
37i9dQZF1DX9L93gfg5cPa,Mega Pop Mix
37i9dQZF1DX9L93gfg5cPa,Mega Pop Mix
37i9dQZF1DX9L93gfg5cPa,Mega Pop Mix
37i9dQZF1DX9L93gfg5cPa,Mega Pop Mix
37i9dQZF1DX9L93gfg5cPa,Mega Pop Mix
37i9dQZF1DX9L93gfg5cPa,Mega Pop Mix
37i9dQZF1DX9L93gfg5cPa,Mega Pop Mix
37i9dQZF1DX9L93gfg5cPa,Mega Pop Mix
37i9dQZF1DX9L93gfg5cPa,Mega Pop Mix
37i9dQZF1DX9L93gfg5cPa,Mega Pop Mix
37i9dQZF1DX9L93gfg5cPa,Mega Pop Mix
37i9dQZF1DX9L93gfg5cPa,Mega Pop Mix
37i9dQZF1DX9L93gfg5cPa,Mega Pop Mix
37i9dQZF1DX9L93gfg5cPa,Mega Pop Mix
37i9dQZF1DX9L93gfg5cPa,Mega Pop Mix
37i9dQZF1DX9L93gfg5cPa,Mega Pop Mix
37i9dQZF1DX9L93gfg5cPa,Mega Pop Mix
37i9dQZF1DX9L93gfg5cPa,Mega Pop Mix
37i9dQZF1DX9L93gfg5cPa,Mega Pop Mix
37i9dQZF1DX9L93gfg5cPa,Mega Pop Mix
37i9dQZF1DX9L93gfg5cPa,Mega Pop Mix
37i9dQZF1DX9L93gfg5cPa,Mega Pop Mix
37i9dQZF1DX9L93gfg5cPa,Mega Pop Mix
37i9dQZF1DX9L93gfg5cPa,Mega Pop Mix
37i9dQZF1DX9L93gfg5cPa,Mega Pop Mix
37i9dQZF1DX9L93gfg5cPa,Mega Pop Mix
37i9dQZF1DX9L93gfg5cPa,Mega Pop Mix
37i9dQZF1DX9L93gfg5cPa,Mega Pop Mix
37i9dQZF1DX9L93gfg5cPa,Mega Pop Mix
37i9dQZF1DX9L93gfg5cPa,Mega Pop Mix
37i9dQZF1DX9L93gfg5cPa,Mega Pop Mix
37i9dQZF1DX9L93gfg5cPa,Mega Pop Mix
37i9dQZF1DX9L93gfg5cPa,Mega Pop Mix
37i9dQZF1DX9L93gfg5cPa,Mega Pop Mix
37i9dQZF1DX9L93gfg5cPa,Mega Pop Mix
37i9dQZF1DX9L93gfg5cPa,Mega Pop Mix
37i9dQZF1DX9L93gfg5cPa,Mega Pop Mix
37i9dQZF1DX9L93gfg5cPa,Mega Pop Mix
37i9dQZF1DX9L93gfg5cPa,Mega Pop Mix
37i9dQZF1DX9L93gfg5cPa,Mega Pop Mix
37i9dQZF1DX9L93gfg5cPa,Mega Pop Mix
37i9dQZF1DX9L93gfg5cPa,Mega Pop Mix
37i9dQZF1DX9L93gfg5cPa,Mega Pop Mix
37i9dQZF1DX9L93gfg5cPa,Mega Pop Mix
37i9dQZF1DX9L93gfg5cPa,Mega Pop Mix
37i9dQZF1DX9L93gfg5cPa,Mega Pop Mix
37i9dQZF1DX9L93gfg5cPa,Mega Pop Mix
37i9dQZF1DX9L93gfg5cPa,Mega Pop Mix
37i9dQZF1DX9L93gfg5cPa,Mega Pop Mix
37i9dQZF1DX9L93gfg5cPa,Mega Pop Mix
37i9dQZF1DX9L93gfg5cPa,Mega Pop Mix
37i9dQZF1DX9L93gfg5cPa,Mega Pop Mix
37i9dQZF1DX9L93gfg5cPa,Mega Pop Mix
37i9dQZF1DX9L93gfg5cPa,Mega Pop Mix
37i9dQZF1DX9L93gfg5cPa,Mega Pop Mix
37i9dQZF1DX9L93gfg5cPa,Mega Pop Mix
37i9dQZF1DX9L93gfg5cPa,Mega Pop Mix
37i9dQZF1DX9L93gfg5cPa,Mega Pop Mix
37i9dQZF1DX9L93gfg5cPa,Mega Pop Mix
37i9dQZF1DX9L93gfg5cPa,Mega Pop Mix
37i9dQZF1DX9L93gfg5cPa,Mega Pop Mix
37i9dQZF1DX9L93gfg5cPa,Mega Pop Mix
37i9dQZF1DX9L93gfg5cPa,Mega Pop Mix
37i9dQZF1DX9L93gfg5cPa,Mega Pop Mix
37i9dQZF1DX9L93gfg5cPa,Mega Pop Mix
37i9dQZF1DX9L93gfg5cPa,Mega Pop Mix
37i9dQZF1DX9L93gfg5cPa,Mega Pop Mix
37i9dQZF1DX9L93gfg5cPa,Mega Pop Mix
37i9dQZF1DX9L93gfg5cPa,Mega Pop Mix
37i9dQZF1DX9L93gfg5cPa,Mega Pop Mix
37i9dQZF1DX9L93gfg5cPa,Mega Pop Mix
37i9dQZF1DX9L93gfg5cPa,Mega Pop Mix
37i9dQZF1DX9L93gfg5cPa,Mega Pop Mix
37i9dQZF1DX9L93gfg5cPa,Mega Pop Mix
37i9dQZF1DX9L93gfg5cPa,Mega Pop Mix
37i9dQZF1DX9L93gfg5cPa,Mega Pop Mix
37i9dQZF1DX9L93gfg5cPa,Mega Pop Mix
37i9dQZF1DX9L93gfg5cPa,Mega Pop Mix
37i9dQZF1DX9L93gfg5cPa,Mega Pop Mix
37i9dQZF1DX9L93gfg5cPa,Mega Pop Mix
37i9dQZF1DX9L93gfg5cPa,Mega Pop Mix
37i9dQZF1DX9L93gfg5cPa,Mega Pop Mix
37i9dQZF1DX9L93gfg5cPa,Mega Pop Mix
37i9dQZF1DX9L93gfg5cPa,Mega Pop Mix
37i9dQZF1DX9L93gfg5cPa,Mega Pop Mix
37i9dQZF1DX9L93gfg5cPa,Mega Pop Mix
37i9dQZF1DX9L93gfg5cPa,Mega Pop Mix
37i9dQZF1DX9L93gfg5cPa,Mega Pop Mix
37i9dQZF1DX9L93gfg5cPa,Mega Pop Mix
37i9dQZF1DX9L93gfg5cPa,Mega Pop Mix
37i9dQZF1DX9L93gfg5cPa,Mega Pop Mix
37i9dQZF1DX9L93gfg5cPa,Mega Pop Mix
37i9dQZF1DX9L93gfg5cPa,Mega Pop Mix
37i9dQZF1DX9L93gfg5cPa,Mega Pop Mix
37i9dQZF1DX9L93gfg5cPa,Mega Pop Mix
37i9dQZF1DX9L93gfg5cPa,Mega Pop Mix
37i9dQZF1DX9L93gfg5cPa,Mega Pop Mix
37i9dQZF1DX9L93gfg5cPa,Mega Pop Mix
37i9dQZF1DX9L93gfg5cPa,Mega Pop Mix
37i9dQZF1DX9L93gfg5cPa,Mega Pop Mix
37i9dQZF1DX9L93gfg5cPa,Mega Pop Mix
37i9dQZF1DX9L93gfg5cPa,Mega Pop Mix
37i9dQZF1DX9L93gfg5cPa,Mega Pop Mix
37i9dQZF1DX9L93gfg5cPa,Mega Pop Mix
37i9dQZF1DX9L93gfg5cPa,Mega Pop Mix
37i9dQZF1DX9L93gfg5cPa,Mega Pop Mix
37i9dQZF1DX9L93gfg5cPa,Mega Pop Mix
37i9dQZF1DX9L93gfg5cPa,Mega Pop Mix
37i9dQZF1DX9L93gfg5cPa,Mega Pop Mix
37i9dQZF1DX9L93gfg5cPa,Mega Pop Mix
37i9dQZF1DX9L93gfg5cPa,Mega Pop Mix
37i9dQZF1DX9L93gfg5cPa,Mega Pop Mix
37i9dQZF1DX9L93gfg5cPa,Mega Pop Mix
37i9dQZF1DX9L93gfg5cPa,Mega Pop Mix
37i9dQZF1DX9L93gfg5cPa,Mega Pop Mix
37i9dQZF1DX9L93gfg5cPa,Mega Pop Mix
37i9dQZF1DX9L93gfg5cPa,Mega Pop Mix
37i9dQZF1DX9L93gfg5cPa,Mega Pop Mix
37i9dQZF1DX9L93gfg5cPa,Mega Pop Mix
37i9dQZF1DX9L93gfg5cPa,Mega Pop Mix
37i9dQZF1DX9L93gfg5cPa,Mega Pop Mix
37i9dQZF1DX9L93gfg5cPa,Mega Pop Mix
37i9dQZF1DX9L93gfg5cPa,Mega Pop Mix
37i9dQZF1DX9L93gfg5cPa,Mega Pop Mix
37i9dQZF1DX9L93gfg5cPa,Mega Pop Mix
37i9dQZF1DX9L93gfg5cPa,Mega Pop Mix
37i9dQZF1DX9L93gfg5cPa,Mega Pop Mix
37i9dQZF1DX9L93gfg5cPa,Mega Pop Mix
37i9dQZF1DWSVtp02hITpN,The Pop List
37i9dQZF1DWSVtp02hITpN,The Pop List
37i9dQZF1DWSVtp02hITpN,The Pop List
37i9dQZF1DWSVtp02hITpN,The Pop List
37i9dQZF1DWSVtp02hITpN,The Pop List
37i9dQZF1DWSVtp02hITpN,The Pop List
37i9dQZF1DWSVtp02hITpN,The Pop List
37i9dQZF1DWSVtp02hITpN,The Pop List
37i9dQZF1DWSVtp02hITpN,The Pop List
37i9dQZF1DWSVtp02hITpN,The Pop List
37i9dQZF1DWSVtp02hITpN,The Pop List
37i9dQZF1DWSVtp02hITpN,The Pop List
37i9dQZF1DWSVtp02hITpN,The Pop List
37i9dQZF1DWSVtp02hITpN,The Pop List
37i9dQZF1DWSVtp02hITpN,The Pop List
37i9dQZF1DWSVtp02hITpN,The Pop List
37i9dQZF1DWSVtp02hITpN,The Pop List
37i9dQZF1DWSVtp02hITpN,The Pop List
37i9dQZF1DWSVtp02hITpN,The Pop List
37i9dQZF1DWSVtp02hITpN,The Pop List
37i9dQZF1DWSVtp02hITpN,The Pop List
37i9dQZF1DWSVtp02hITpN,The Pop List
37i9dQZF1DWSVtp02hITpN,The Pop List
37i9dQZF1DWSVtp02hITpN,The Pop List
37i9dQZF1DWSVtp02hITpN,The Pop List
37i9dQZF1DWSVtp02hITpN,The Pop List
37i9dQZF1DWSVtp02hITpN,The Pop List
37i9dQZF1DWSVtp02hITpN,The Pop List
37i9dQZF1DWSVtp02hITpN,The Pop List
37i9dQZF1DWSVtp02hITpN,The Pop List
37i9dQZF1DWSVtp02hITpN,The Pop List
37i9dQZF1DWSVtp02hITpN,The Pop List
37i9dQZF1DWSVtp02hITpN,The Pop List
37i9dQZF1DWSVtp02hITpN,The Pop List
37i9dQZF1DWSVtp02hITpN,The Pop List
37i9dQZF1DWSVtp02hITpN,The Pop List
37i9dQZF1DWSVtp02hITpN,The Pop List
37i9dQZF1DWSVtp02hITpN,The Pop List
37i9dQZF1DWSVtp02hITpN,The Pop List
37i9dQZF1DWSVtp02hITpN,The Pop List
37i9dQZF1DWSVtp02hITpN,The Pop List
37i9dQZF1DWSVtp02hITpN,The Pop List
37i9dQZF1DWSVtp02hITpN,The Pop List
37i9dQZF1DWSVtp02hITpN,The Pop List
37i9dQZF1DWSVtp02hITpN,The Pop List
37i9dQZF1DWSVtp02hITpN,The Pop List
37i9dQZF1DWSVtp02hITpN,The Pop List
37i9dQZF1DWSVtp02hITpN,The Pop List
37i9dQZF1DWSVtp02hITpN,The Pop List
37i9dQZF1DWSVtp02hITpN,The Pop List
37i9dQZF1DWSVtp02hITpN,The Pop List
37i9dQZF1DWSVtp02hITpN,The Pop List
37i9dQZF1DWSVtp02hITpN,The Pop List
37i9dQZF1DWSVtp02hITpN,The Pop List
37i9dQZF1DWSVtp02hITpN,The Pop List
37i9dQZF1DWSVtp02hITpN,The Pop List
37i9dQZF1DWSVtp02hITpN,The Pop List
37i9dQZF1DWSVtp02hITpN,The Pop List
37i9dQZF1DWSVtp02hITpN,The Pop List
37i9dQZF1DWSVtp02hITpN,The Pop List
37i9dQZF1DWSVtp02hITpN,The Pop List
37i9dQZF1DWSVtp02hITpN,The Pop List
37i9dQZF1DWSVtp02hITpN,The Pop List
37i9dQZF1DWSVtp02hITpN,The Pop List
37i9dQZF1DWSVtp02hITpN,The Pop List
37i9dQZF1DWSVtp02hITpN,The Pop List
37i9dQZF1DWSVtp02hITpN,The Pop List
37i9dQZF1DWSVtp02hITpN,The Pop List
37i9dQZF1DWSVtp02hITpN,The Pop List
37i9dQZF1DWSVtp02hITpN,The Pop List
37i9dQZF1DWSVtp02hITpN,The Pop List
37i9dQZF1DWSVtp02hITpN,The Pop List
37i9dQZF1DWSVtp02hITpN,The Pop List
37i9dQZF1DWSVtp02hITpN,The Pop List
37i9dQZF1DWSVtp02hITpN,The Pop List
37i9dQZF1DWSVtp02hITpN,The Pop List
37i9dQZF1DWSVtp02hITpN,The Pop List
37i9dQZF1DWSVtp02hITpN,The Pop List
37i9dQZF1DWSVtp02hITpN,The Pop List
37i9dQZF1DWSVtp02hITpN,The Pop List
37i9dQZF1DWSVtp02hITpN,The Pop List
37i9dQZF1DWSVtp02hITpN,The Pop List
37i9dQZF1DWSVtp02hITpN,The Pop List
37i9dQZF1DWSVtp02hITpN,The Pop List
37i9dQZF1DWSVtp02hITpN,The Pop List
37i9dQZF1DWSVtp02hITpN,The Pop List
37i9dQZF1DWSVtp02hITpN,The Pop List
37i9dQZF1DWSVtp02hITpN,The Pop List
37i9dQZF1DWSVtp02hITpN,The Pop List
37i9dQZF1DWSVtp02hITpN,The Pop List
37i9dQZF1DWSVtp02hITpN,The Pop List
37i9dQZF1DWSVtp02hITpN,The Pop List
37i9dQZF1DWSVtp02hITpN,The Pop List
37i9dQZF1DWSVtp02hITpN,The Pop List
37i9dQZF1DWSVtp02hITpN,The Pop List
37i9dQZF1DWSVtp02hITpN,The Pop List
37i9dQZF1DWSVtp02hITpN,The Pop List
37i9dQZF1DWSVtp02hITpN,The Pop List
37i9dQZF1DWSVtp02hITpN,The Pop List
37i9dQZF1DWSVtp02hITpN,The Pop List
37i9dQZF1DWSVtp02hITpN,The Pop List
37i9dQZF1DWSVtp02hITpN,The Pop List
37i9dQZF1DWSVtp02hITpN,The Pop List
37i9dQZF1DWSVtp02hITpN,The Pop List
37i9dQZF1DWSVtp02hITpN,The Pop List
37i9dQZF1DWSVtp02hITpN,The Pop List
37i9dQZF1DWSVtp02hITpN,The Pop List
37i9dQZF1DWSVtp02hITpN,The Pop List
37i9dQZF1DWSVtp02hITpN,The Pop List
37i9dQZF1DWSVtp02hITpN,The Pop List
37i9dQZF1DWSVtp02hITpN,The Pop List
37i9dQZF1DWSVtp02hITpN,The Pop List
37i9dQZF1DWSVtp02hITpN,The Pop List
37i9dQZF1DWSVtp02hITpN,The Pop List
37i9dQZF1DWSVtp02hITpN,The Pop List
37i9dQZF1DWSVtp02hITpN,The Pop List
37i9dQZF1DWSVtp02hITpN,The Pop List
37i9dQZF1DWSVtp02hITpN,The Pop List
37i9dQZF1DWSVtp02hITpN,The Pop List
37i9dQZF1DWSVtp02hITpN,The Pop List
37i9dQZF1DWSVtp02hITpN,The Pop List
37i9dQZF1DWSVtp02hITpN,The Pop List
37i9dQZF1DWSVtp02hITpN,The Pop List
37i9dQZF1DWSVtp02hITpN,The Pop List
37i9dQZF1DWSVtp02hITpN,The Pop List
37i9dQZF1DWSVtp02hITpN,The Pop List
37i9dQZF1DWSVtp02hITpN,The Pop List
37i9dQZF1DWSVtp02hITpN,The Pop List
37i9dQZF1DWSVtp02hITpN,The Pop List
37i9dQZF1DWSVtp02hITpN,The Pop List
37i9dQZF1DWSVtp02hITpN,The Pop List
37i9dQZF1DWSVtp02hITpN,The Pop List
37i9dQZF1DWSVtp02hITpN,The Pop List
37i9dQZF1DWSVtp02hITpN,The Pop List
37i9dQZF1DWSVtp02hITpN,The Pop List
37i9dQZF1DWSVtp02hITpN,The Pop List
37i9dQZF1DWSVtp02hITpN,The Pop List
37i9dQZF1DWSVtp02hITpN,The Pop List
37i9dQZF1DWSVtp02hITpN,The Pop List
37i9dQZF1DWSVtp02hITpN,The Pop List
37i9dQZF1DWSVtp02hITpN,The Pop List
37i9dQZF1DWSVtp02hITpN,The Pop List
37i9dQZF1DWSVtp02hITpN,The Pop List
37i9dQZF1DWSVtp02hITpN,The Pop List
37i9dQZF1DWSVtp02hITpN,The Pop List
37i9dQZF1DWSVtp02hITpN,The Pop List
37i9dQZF1DWSVtp02hITpN,The Pop List
37i9dQZF1DWSVtp02hITpN,The Pop List
37i9dQZF1DWSVtp02hITpN,The Pop List
37i9dQZF1DWSVtp02hITpN,The Pop List
37i9dQZF1DWSVtp02hITpN,The Pop List
37i9dQZF1DWSVtp02hITpN,The Pop List
37i9dQZF1DWSVtp02hITpN,The Pop List
37i9dQZF1DWSVtp02hITpN,The Pop List
37i9dQZF1DWSVtp02hITpN,The Pop List
37i9dQZF1DWSVtp02hITpN,The Pop List
37i9dQZF1DWSVtp02hITpN,The Pop List
37i9dQZF1DWSVtp02hITpN,The Pop List
37i9dQZF1DWSVtp02hITpN,The Pop List
37i9dQZF1DWSVtp02hITpN,The Pop List
37i9dQZF1DWSVtp02hITpN,The Pop List
37i9dQZF1DWSVtp02hITpN,The Pop List
37i9dQZF1DWSVtp02hITpN,The Pop List
37i9dQZF1DWSVtp02hITpN,The Pop List
37i9dQZF1DWSVtp02hITpN,The Pop List
37i9dQZF1DWSVtp02hITpN,The Pop List
37i9dQZF1DWSVtp02hITpN,The Pop List
37i9dQZF1DWSVtp02hITpN,The Pop List
37i9dQZF1DWSVtp02hITpN,The Pop List
37i9dQZF1DWSVtp02hITpN,The Pop List
37i9dQZF1DWSVtp02hITpN,The Pop List
37i9dQZF1DWSVtp02hITpN,The Pop List
37i9dQZF1DWSVtp02hITpN,The Pop List
37i9dQZF1DWSVtp02hITpN,The Pop List
37i9dQZF1DWSVtp02hITpN,The Pop List
37i9dQZF1DWSVtp02hITpN,The Pop List
37i9dQZF1DWSVtp02hITpN,The Pop List
37i9dQZF1DWSVtp02hITpN,The Pop List
37i9dQZF1DWSVtp02hITpN,The Pop List
37i9dQZF1DWSVtp02hITpN,The Pop List
37i9dQZF1DWSVtp02hITpN,The Pop List
37i9dQZF1DWSVtp02hITpN,The Pop List
37i9dQZF1DWSVtp02hITpN,The Pop List
37i9dQZF1DWSVtp02hITpN,The Pop List
37i9dQZF1DWSVtp02hITpN,The Pop List
37i9dQZF1DWSVtp02hITpN,The Pop List
37i9dQZF1DWSVtp02hITpN,The Pop List
37i9dQZF1DWSVtp02hITpN,The Pop List
37i9dQZF1DWSVtp02hITpN,The Pop List
37i9dQZF1DWSVtp02hITpN,The Pop List
37i9dQZF1DWSVtp02hITpN,The Pop List
37i9dQZF1DWSVtp02hITpN,The Pop List
37i9dQZF1DWSVtp02hITpN,The Pop List
37i9dQZF1DWSVtp02hITpN,The Pop List
37i9dQZF1DWSVtp02hITpN,The Pop List
37i9dQZF1DWSVtp02hITpN,The Pop List
37i9dQZF1DWSVtp02hITpN,The Pop List
37i9dQZF1DWSVtp02hITpN,The Pop List
37i9dQZF1DWSVtp02hITpN,The Pop List
37i9dQZF1DWSVtp02hITpN,The Pop List
37i9dQZF1DX0vHZ8elq0UK,Energy Booster: Pop
37i9dQZF1DX0vHZ8elq0UK,Energy Booster: Pop
37i9dQZF1DX0vHZ8elq0UK,Energy Booster: Pop
37i9dQZF1DX0vHZ8elq0UK,Energy Booster: Pop
37i9dQZF1DX0vHZ8elq0UK,Energy Booster: Pop
37i9dQZF1DX0vHZ8elq0UK,Energy Booster: Pop
37i9dQZF1DX0vHZ8elq0UK,Energy Booster: Pop
37i9dQZF1DX0vHZ8elq0UK,Energy Booster: Pop
37i9dQZF1DX0vHZ8elq0UK,Energy Booster: Pop
37i9dQZF1DX0vHZ8elq0UK,Energy Booster: Pop
37i9dQZF1DX0vHZ8elq0UK,Energy Booster: Pop
37i9dQZF1DX0vHZ8elq0UK,Energy Booster: Pop
37i9dQZF1DX0vHZ8elq0UK,Energy Booster: Pop
37i9dQZF1DX0vHZ8elq0UK,Energy Booster: Pop
37i9dQZF1DX0vHZ8elq0UK,Energy Booster: Pop
37i9dQZF1DX0vHZ8elq0UK,Energy Booster: Pop
37i9dQZF1DX0vHZ8elq0UK,Energy Booster: Pop
37i9dQZF1DX0vHZ8elq0UK,Energy Booster: Pop
37i9dQZF1DX0vHZ8elq0UK,Energy Booster: Pop
37i9dQZF1DX0vHZ8elq0UK,Energy Booster: Pop
37i9dQZF1DX0vHZ8elq0UK,Energy Booster: Pop
37i9dQZF1DX0vHZ8elq0UK,Energy Booster: Pop
37i9dQZF1DX0vHZ8elq0UK,Energy Booster: Pop
37i9dQZF1DX0vHZ8elq0UK,Energy Booster: Pop
37i9dQZF1DX0vHZ8elq0UK,Energy Booster: Pop
37i9dQZF1DX0vHZ8elq0UK,Energy Booster: Pop
37i9dQZF1DX0vHZ8elq0UK,Energy Booster: Pop
37i9dQZF1DX0vHZ8elq0UK,Energy Booster: Pop
37i9dQZF1DX0vHZ8elq0UK,Energy Booster: Pop
37i9dQZF1DX0vHZ8elq0UK,Energy Booster: Pop
37i9dQZF1DX0vHZ8elq0UK,Energy Booster: Pop
37i9dQZF1DX0vHZ8elq0UK,Energy Booster: Pop
37i9dQZF1DX0vHZ8elq0UK,Energy Booster: Pop
37i9dQZF1DX0vHZ8elq0UK,Energy Booster: Pop
37i9dQZF1DX0vHZ8elq0UK,Energy Booster: Pop
37i9dQZF1DX0vHZ8elq0UK,Energy Booster: Pop
37i9dQZF1DX0vHZ8elq0UK,Energy Booster: Pop
37i9dQZF1DX0vHZ8elq0UK,Energy Booster: Pop
37i9dQZF1DX0vHZ8elq0UK,Energy Booster: Pop
37i9dQZF1DX0vHZ8elq0UK,Energy Booster: Pop
37i9dQZF1DX0vHZ8elq0UK,Energy Booster: Pop
37i9dQZF1DX0vHZ8elq0UK,Energy Booster: Pop
37i9dQZF1DX0vHZ8elq0UK,Energy Booster: Pop
37i9dQZF1DX0vHZ8elq0UK,Energy Booster: Pop
37i9dQZF1DX0vHZ8elq0UK,Energy Booster: Pop
37i9dQZF1DX0vHZ8elq0UK,Energy Booster: Pop
37i9dQZF1DX0vHZ8elq0UK,Energy Booster: Pop
37i9dQZF1DX0vHZ8elq0UK,Energy Booster: Pop
37i9dQZF1DX0vHZ8elq0UK,Energy Booster: Pop
37i9dQZF1DX0vHZ8elq0UK,Energy Booster: Pop
37i9dQZF1DX0vHZ8elq0UK,Energy Booster: Pop
37i9dQZF1DX0vHZ8elq0UK,Energy Booster: Pop
37i9dQZF1DX0vHZ8elq0UK,Energy Booster: Pop
37i9dQZF1DX0vHZ8elq0UK,Energy Booster: Pop
37i9dQZF1DX0vHZ8elq0UK,Energy Booster: Pop
37i9dQZF1DX0vHZ8elq0UK,Energy Booster: Pop
37i9dQZF1DX0vHZ8elq0UK,Energy Booster: Pop
37i9dQZF1DX0vHZ8elq0UK,Energy Booster: Pop
37i9dQZF1DX0vHZ8elq0UK,Energy Booster: Pop
37i9dQZF1DX0vHZ8elq0UK,Energy Booster: Pop
37i9dQZF1DX0vHZ8elq0UK,Energy Booster: Pop
37i9dQZF1DX0vHZ8elq0UK,Energy Booster: Pop
37i9dQZF1DX0vHZ8elq0UK,Energy Booster: Pop
37i9dQZF1DX0vHZ8elq0UK,Energy Booster: Pop
37i9dQZF1DX0vHZ8elq0UK,Energy Booster: Pop
37i9dQZF1DX0vHZ8elq0UK,Energy Booster: Pop
37i9dQZF1DX0vHZ8elq0UK,Energy Booster: Pop
37i9dQZF1DX0vHZ8elq0UK,Energy Booster: Pop
37i9dQZF1DX0vHZ8elq0UK,Energy Booster: Pop
37i9dQZF1DX0vHZ8elq0UK,Energy Booster: Pop
37i9dQZF1DX0vHZ8elq0UK,Energy Booster: Pop
37i9dQZF1DX0vHZ8elq0UK,Energy Booster: Pop
37i9dQZF1DX0vHZ8elq0UK,Energy Booster: Pop
37i9dQZF1DX0vHZ8elq0UK,Energy Booster: Pop
37i9dQZF1DX0vHZ8elq0UK,Energy Booster: Pop
37i9dQZF1DX0vHZ8elq0UK,Energy Booster: Pop
37i9dQZF1DX0vHZ8elq0UK,Energy Booster: Pop
37i9dQZF1DX0vHZ8elq0UK,Energy Booster: Pop
37i9dQZF1DX0vHZ8elq0UK,Energy Booster: Pop
37i9dQZF1DX0vHZ8elq0UK,Energy Booster: Pop
37i9dQZF1DX0vHZ8elq0UK,Energy Booster: Pop
37i9dQZF1DX0vHZ8elq0UK,Energy Booster: Pop
37i9dQZF1DX0vHZ8elq0UK,Energy Booster: Pop
37i9dQZF1DX0vHZ8elq0UK,Energy Booster: Pop
37i9dQZF1DX0vHZ8elq0UK,Energy Booster: Pop
37i9dQZF1DX0vHZ8elq0UK,Energy Booster: Pop
37i9dQZF1DX0vHZ8elq0UK,Energy Booster: Pop
37i9dQZF1DX0vHZ8elq0UK,Energy Booster: Pop
37i9dQZF1DX0vHZ8elq0UK,Energy Booster: Pop
37i9dQZF1DX0vHZ8elq0UK,Energy Booster: Pop
37i9dQZF1DX0vHZ8elq0UK,Energy Booster: Pop
37i9dQZF1DX0vHZ8elq0UK,Energy Booster: Pop
37i9dQZF1DX0vHZ8elq0UK,Energy Booster: Pop
37i9dQZF1DX0vHZ8elq0UK,Energy Booster: Pop
37i9dQZF1DX0vHZ8elq0UK,Energy Booster: Pop
37i9dQZF1DX0vHZ8elq0UK,Energy Booster: Pop
37i9dQZF1DX0vHZ8elq0UK,Energy Booster: Pop
37i9dQZF1DX0vHZ8elq0UK,Energy Booster: Pop
37i9dQZF1DX0vHZ8elq0UK,Energy Booster: Pop
37i9dQZF1DX0vHZ8elq0UK,Energy Booster: Pop
37i9dQZF1DX0vHZ8elq0UK,Energy Booster: Pop
37i9dQZF1DX0vHZ8elq0UK,Energy Booster: Pop
37i9dQZF1DX0vHZ8elq0UK,Energy Booster: Pop
37i9dQZF1DX0vHZ8elq0UK,Energy Booster: Pop
37i9dQZF1DX0vHZ8elq0UK,Energy Booster: Pop
37i9dQZF1DX0vHZ8elq0UK,Energy Booster: Pop
37i9dQZF1DX0vHZ8elq0UK,Energy Booster: Pop
37i9dQZF1DX0vHZ8elq0UK,Energy Booster: Pop
37i9dQZF1DX0vHZ8elq0UK,Energy Booster: Pop
37i9dQZF1DX0vHZ8elq0UK,Energy Booster: Pop
37i9dQZF1DX0vHZ8elq0UK,Energy Booster: Pop
37i9dQZF1DX0vHZ8elq0UK,Energy Booster: Pop
37i9dQZF1DX0vHZ8elq0UK,Energy Booster: Pop
37i9dQZF1DX0vHZ8elq0UK,Energy Booster: Pop
37i9dQZF1DX0vHZ8elq0UK,Energy Booster: Pop
37i9dQZF1DX0vHZ8elq0UK,Energy Booster: Pop
37i9dQZF1DX0vHZ8elq0UK,Energy Booster: Pop
37i9dQZF1DX0vHZ8elq0UK,Energy Booster: Pop
37i9dQZF1DX0vHZ8elq0UK,Energy Booster: Pop
37i9dQZF1DX0vHZ8elq0UK,Energy Booster: Pop
37i9dQZF1DX0vHZ8elq0UK,Energy Booster: Pop
37i9dQZF1DX0vHZ8elq0UK,Energy Booster: Pop
37i9dQZF1DX0vHZ8elq0UK,Energy Booster: Pop
37i9dQZF1DX0vHZ8elq0UK,Energy Booster: Pop
37i9dQZF1DX0vHZ8elq0UK,Energy Booster: Pop
37i9dQZF1DX0vHZ8elq0UK,Energy Booster: Pop
37i9dQZF1DX0vHZ8elq0UK,Energy Booster: Pop
37i9dQZF1DX0vHZ8elq0UK,Energy Booster: Pop
37i9dQZF1DX0vHZ8elq0UK,Energy Booster: Pop
37i9dQZF1DX0vHZ8elq0UK,Energy Booster: Pop
37i9dQZF1DX0vHZ8elq0UK,Energy Booster: Pop
37i9dQZF1DX0vHZ8elq0UK,Energy Booster: Pop
37i9dQZF1DX0vHZ8elq0UK,Energy Booster: Pop
37i9dQZF1DX0vHZ8elq0UK,Energy Booster: Pop
37i9dQZF1DX0vHZ8elq0UK,Energy Booster: Pop
37i9dQZF1DX0vHZ8elq0UK,Energy Booster: Pop
37i9dQZF1DX0vHZ8elq0UK,Energy Booster: Pop
37i9dQZF1DX0vHZ8elq0UK,Energy Booster: Pop
37i9dQZF1DX0vHZ8elq0UK,Energy Booster: Pop
37i9dQZF1DX0vHZ8elq0UK,Energy Booster: Pop
37i9dQZF1DX0vHZ8elq0UK,Energy Booster: Pop
37i9dQZF1DX0vHZ8elq0UK,Energy Booster: Pop
37i9dQZF1DX0vHZ8elq0UK,Energy Booster: Pop
37i9dQZF1DX0vHZ8elq0UK,Energy Booster: Pop
37i9dQZF1DX0vHZ8elq0UK,Energy Booster: Pop
37i9dQZF1DX0vHZ8elq0UK,Energy Booster: Pop
37i9dQZF1DX0vHZ8elq0UK,Energy Booster: Pop
37i9dQZF1DX0vHZ8elq0UK,Energy Booster: Pop
37i9dQZF1DX0vHZ8elq0UK,Energy Booster: Pop
37i9dQZF1DX0vHZ8elq0UK,Energy Booster: Pop
37i9dQZF1DX0vHZ8elq0UK,Energy Booster: Pop
37i9dQZF1DX0vHZ8elq0UK,Energy Booster: Pop
37i9dQZF1DX0vHZ8elq0UK,Energy Booster: Pop
37i9dQZF1DX0vHZ8elq0UK,Energy Booster: Pop
37i9dQZF1DX0vHZ8elq0UK,Energy Booster: Pop
37i9dQZF1DX0vHZ8elq0UK,Energy Booster: Pop
37i9dQZF1DX0vHZ8elq0UK,Energy Booster: Pop
37i9dQZF1DX0vHZ8elq0UK,Energy Booster: Pop
37i9dQZF1DX0vHZ8elq0UK,Energy Booster: Pop
37i9dQZF1DX0vHZ8elq0UK,Energy Booster: Pop
37i9dQZF1DX0vHZ8elq0UK,Energy Booster: Pop
37i9dQZF1DX0vHZ8elq0UK,Energy Booster: Pop
37i9dQZF1DX0vHZ8elq0UK,Energy Booster: Pop
37i9dQZF1DX0vHZ8elq0UK,Energy Booster: Pop
37i9dQZF1DX0vHZ8elq0UK,Energy Booster: Pop
37i9dQZF1DX0vHZ8elq0UK,Energy Booster: Pop
37i9dQZF1DX0vHZ8elq0UK,Energy Booster: Pop
37i9dQZF1DX0vHZ8elq0UK,Energy Booster: Pop
37i9dQZF1DX0vHZ8elq0UK,Energy Booster: Pop
37i9dQZF1DX0vHZ8elq0UK,Energy Booster: Pop
37i9dQZF1DX0vHZ8elq0UK,Energy Booster: Pop
37i9dQZF1DX0vHZ8elq0UK,Energy Booster: Pop
37i9dQZF1DX0vHZ8elq0UK,Energy Booster: Pop
37i9dQZF1DX0vHZ8elq0UK,Energy Booster: Pop
37i9dQZF1DX0vHZ8elq0UK,Energy Booster: Pop
37i9dQZF1DX0vHZ8elq0UK,Energy Booster: Pop
37i9dQZF1DX0vHZ8elq0UK,Energy Booster: Pop
37i9dQZF1DX0vHZ8elq0UK,Energy Booster: Pop
37i9dQZF1DX0vHZ8elq0UK,Energy Booster: Pop
37i9dQZF1DX0vHZ8elq0UK,Energy Booster: Pop
37i9dQZF1DX0vHZ8elq0UK,Energy Booster: Pop
37i9dQZF1DX0vHZ8elq0UK,Energy Booster: Pop
37i9dQZF1DX0vHZ8elq0UK,Energy Booster: Pop
37i9dQZF1DX0vHZ8elq0UK,Energy Booster: Pop
37i9dQZF1DX0vHZ8elq0UK,Energy Booster: Pop
37i9dQZF1DX0vHZ8elq0UK,Energy Booster: Pop
37i9dQZF1DX0vHZ8elq0UK,Energy Booster: Pop
37i9dQZF1DX0vHZ8elq0UK,Energy Booster: Pop
37i9dQZF1DX0vHZ8elq0UK,Energy Booster: Pop
37i9dQZF1DX0vHZ8elq0UK,Energy Booster: Pop
37i9dQZF1DX0vHZ8elq0UK,Energy Booster: Pop
37i9dQZF1DX0vHZ8elq0UK,Energy Booster: Pop
37i9dQZF1DX0vHZ8elq0UK,Energy Booster: Pop
37i9dQZF1DX0vHZ8elq0UK,Energy Booster: Pop
37i9dQZF1DX0vHZ8elq0UK,Energy Booster: Pop
37i9dQZF1DX0vHZ8elq0UK,Energy Booster: Pop
37i9dQZF1DX0vHZ8elq0UK,Energy Booster: Pop
37i9dQZF1DX0vHZ8elq0UK,Energy Booster: Pop
37i9dQZF1DX0vHZ8elq0UK,Energy Booster: Pop
37i9dQZF1DX0vHZ8elq0UK,Energy Booster: Pop
37i9dQZF1DWTPDzakLfYZr,Popetón
37i9dQZF1DWTPDzakLfYZr,Popetón
37i9dQZF1DWTPDzakLfYZr,Popetón
37i9dQZF1DWTPDzakLfYZr,Popetón
37i9dQZF1DWTPDzakLfYZr,Popetón
37i9dQZF1DWTPDzakLfYZr,Popetón
37i9dQZF1DWTPDzakLfYZr,Popetón
37i9dQZF1DWTPDzakLfYZr,Popetón
37i9dQZF1DWTPDzakLfYZr,Popetón
37i9dQZF1DWTPDzakLfYZr,Popetón
37i9dQZF1DWTPDzakLfYZr,Popetón
37i9dQZF1DWTPDzakLfYZr,Popetón
37i9dQZF1DWTPDzakLfYZr,Popetón
37i9dQZF1DWTPDzakLfYZr,Popetón
37i9dQZF1DWTPDzakLfYZr,Popetón
37i9dQZF1DWTPDzakLfYZr,Popetón
37i9dQZF1DWTPDzakLfYZr,Popetón
37i9dQZF1DWTPDzakLfYZr,Popetón
37i9dQZF1DWTPDzakLfYZr,Popetón
37i9dQZF1DWTPDzakLfYZr,Popetón
37i9dQZF1DWTPDzakLfYZr,Popetón
37i9dQZF1DWTPDzakLfYZr,Popetón
37i9dQZF1DWTPDzakLfYZr,Popetón
37i9dQZF1DWTPDzakLfYZr,Popetón
37i9dQZF1DWTPDzakLfYZr,Popetón
37i9dQZF1DWTPDzakLfYZr,Popetón
37i9dQZF1DWTPDzakLfYZr,Popetón
37i9dQZF1DWTPDzakLfYZr,Popetón
37i9dQZF1DWTPDzakLfYZr,Popetón
37i9dQZF1DWTPDzakLfYZr,Popetón
37i9dQZF1DWTPDzakLfYZr,Popetón
37i9dQZF1DWTPDzakLfYZr,Popetón
37i9dQZF1DWTPDzakLfYZr,Popetón
37i9dQZF1DWTPDzakLfYZr,Popetón
37i9dQZF1DWTPDzakLfYZr,Popetón
37i9dQZF1DWTPDzakLfYZr,Popetón
37i9dQZF1DWTPDzakLfYZr,Popetón
37i9dQZF1DWTPDzakLfYZr,Popetón
37i9dQZF1DWTPDzakLfYZr,Popetón
37i9dQZF1DWTPDzakLfYZr,Popetón
37i9dQZF1DWTPDzakLfYZr,Popetón
37i9dQZF1DWTPDzakLfYZr,Popetón
37i9dQZF1DWTPDzakLfYZr,Popetón
37i9dQZF1DWTPDzakLfYZr,Popetón
37i9dQZF1DWTPDzakLfYZr,Popetón
37i9dQZF1DWTPDzakLfYZr,Popetón
37i9dQZF1DWTPDzakLfYZr,Popetón
37i9dQZF1DWTPDzakLfYZr,Popetón
37i9dQZF1DWTPDzakLfYZr,Popetón
37i9dQZF1DWTPDzakLfYZr,Popetón
37i9dQZF1DWTPDzakLfYZr,Popetón
37i9dQZF1DWTPDzakLfYZr,Popetón
37i9dQZF1DWTPDzakLfYZr,Popetón
37i9dQZF1DWTPDzakLfYZr,Popetón
37i9dQZF1DWTPDzakLfYZr,Popetón
37i9dQZF1DWTPDzakLfYZr,Popetón
37i9dQZF1DWTPDzakLfYZr,Popetón
37i9dQZF1DWTPDzakLfYZr,Popetón
37i9dQZF1DWTPDzakLfYZr,Popetón
37i9dQZF1DWTPDzakLfYZr,Popetón
37i9dQZF1DWTPDzakLfYZr,Popetón
37i9dQZF1DWTPDzakLfYZr,Popetón
37i9dQZF1DWTPDzakLfYZr,Popetón
37i9dQZF1DWTPDzakLfYZr,Popetón
37i9dQZF1DWTPDzakLfYZr,Popetón
37i9dQZF1DWTPDzakLfYZr,Popetón
37i9dQZF1DWTPDzakLfYZr,Popetón
37i9dQZF1DWTPDzakLfYZr,Popetón
37i9dQZF1DWTPDzakLfYZr,Popetón
37i9dQZF1DWTPDzakLfYZr,Popetón
37i9dQZF1DWTPDzakLfYZr,Popetón
37i9dQZF1DWTPDzakLfYZr,Popetón
37i9dQZF1DWTPDzakLfYZr,Popetón
37i9dQZF1DWTPDzakLfYZr,Popetón
37i9dQZF1DWTPDzakLfYZr,Popetón
37i9dQZF1DX6ec78YGWIGS,POP FLOW
37i9dQZF1DX6ec78YGWIGS,POP FLOW
37i9dQZF1DX6ec78YGWIGS,POP FLOW
37i9dQZF1DX6ec78YGWIGS,POP FLOW
37i9dQZF1DX6ec78YGWIGS,POP FLOW
37i9dQZF1DX6ec78YGWIGS,POP FLOW
37i9dQZF1DX6ec78YGWIGS,POP FLOW
37i9dQZF1DX6ec78YGWIGS,POP FLOW
37i9dQZF1DX6ec78YGWIGS,POP FLOW
37i9dQZF1DX6ec78YGWIGS,POP FLOW
37i9dQZF1DX6ec78YGWIGS,POP FLOW
37i9dQZF1DX6ec78YGWIGS,POP FLOW
37i9dQZF1DX6ec78YGWIGS,POP FLOW
37i9dQZF1DX6ec78YGWIGS,POP FLOW
37i9dQZF1DX6ec78YGWIGS,POP FLOW
37i9dQZF1DX6ec78YGWIGS,POP FLOW
37i9dQZF1DX6ec78YGWIGS,POP FLOW
37i9dQZF1DX6ec78YGWIGS,POP FLOW
37i9dQZF1DX6ec78YGWIGS,POP FLOW
37i9dQZF1DX6ec78YGWIGS,POP FLOW
37i9dQZF1DX6ec78YGWIGS,POP FLOW
37i9dQZF1DX6ec78YGWIGS,POP FLOW
37i9dQZF1DX6ec78YGWIGS,POP FLOW
37i9dQZF1DX6ec78YGWIGS,POP FLOW
37i9dQZF1DX6ec78YGWIGS,POP FLOW
37i9dQZF1DX6ec78YGWIGS,POP FLOW
37i9dQZF1DX6ec78YGWIGS,POP FLOW
37i9dQZF1DX6ec78YGWIGS,POP FLOW
37i9dQZF1DX6ec78YGWIGS,POP FLOW
37i9dQZF1DX6ec78YGWIGS,POP FLOW
37i9dQZF1DX6ec78YGWIGS,POP FLOW
37i9dQZF1DX6ec78YGWIGS,POP FLOW
37i9dQZF1DX6ec78YGWIGS,POP FLOW
37i9dQZF1DX6ec78YGWIGS,POP FLOW
37i9dQZF1DX6ec78YGWIGS,POP FLOW
37i9dQZF1DX6ec78YGWIGS,POP FLOW
37i9dQZF1DX6ec78YGWIGS,POP FLOW
37i9dQZF1DX6ec78YGWIGS,POP FLOW
37i9dQZF1DX6ec78YGWIGS,POP FLOW
37i9dQZF1DX6ec78YGWIGS,POP FLOW
37i9dQZF1DX6ec78YGWIGS,POP FLOW
37i9dQZF1DX6ec78YGWIGS,POP FLOW
37i9dQZF1DX6ec78YGWIGS,POP FLOW
37i9dQZF1DX6ec78YGWIGS,POP FLOW
37i9dQZF1DX6ec78YGWIGS,POP FLOW
37i9dQZF1DX6ec78YGWIGS,POP FLOW
37i9dQZF1DX6ec78YGWIGS,POP FLOW
37i9dQZF1DX6ec78YGWIGS,POP FLOW
37i9dQZF1DX6ec78YGWIGS,POP FLOW
37i9dQZF1DX6ec78YGWIGS,POP FLOW
37i9dQZF1DX6ec78YGWIGS,POP FLOW
37i9dQZF1DX6ec78YGWIGS,POP FLOW
37i9dQZF1DX6ec78YGWIGS,POP FLOW
37i9dQZF1DX6ec78YGWIGS,POP FLOW
37i9dQZF1DX6ec78YGWIGS,POP FLOW
37i9dQZF1DX6ec78YGWIGS,POP FLOW
37i9dQZF1DX6ec78YGWIGS,POP FLOW
37i9dQZF1DX6ec78YGWIGS,POP FLOW
37i9dQZF1DX6ec78YGWIGS,POP FLOW
37i9dQZF1DX6ec78YGWIGS,POP FLOW
37i9dQZF1DX6ec78YGWIGS,POP FLOW
37i9dQZF1DX6ec78YGWIGS,POP FLOW
37i9dQZF1DX6ec78YGWIGS,POP FLOW
37i9dQZF1DX6ec78YGWIGS,POP FLOW
37i9dQZF1DX6ec78YGWIGS,POP FLOW
37i9dQZF1DX6ec78YGWIGS,POP FLOW
37i9dQZF1DX6ec78YGWIGS,POP FLOW
37i9dQZF1DX6ec78YGWIGS,POP FLOW
37i9dQZF1DX6ec78YGWIGS,POP FLOW
37i9dQZF1DX6ec78YGWIGS,POP FLOW
37i9dQZF1DX6ec78YGWIGS,POP FLOW
37i9dQZF1DX6ec78YGWIGS,POP FLOW
37i9dQZF1DX6ec78YGWIGS,POP FLOW
37i9dQZF1DX6ec78YGWIGS,POP FLOW
37i9dQZF1DX6ec78YGWIGS,POP FLOW
37i9dQZF1DX6ec78YGWIGS,POP FLOW
37i9dQZF1DX6ec78YGWIGS,POP FLOW
37i9dQZF1DX6ec78YGWIGS,POP FLOW
37i9dQZF1DX6ec78YGWIGS,POP FLOW
37i9dQZF1DX6ec78YGWIGS,POP FLOW
37i9dQZF1DX6ec78YGWIGS,POP FLOW
37i9dQZF1DX6ec78YGWIGS,POP FLOW
37i9dQZF1DX6ec78YGWIGS,POP FLOW
37i9dQZF1DX6ec78YGWIGS,POP FLOW
37i9dQZF1DX6ec78YGWIGS,POP FLOW
37i9dQZF1DX6ec78YGWIGS,POP FLOW
37i9dQZF1DX6ec78YGWIGS,POP FLOW
37i9dQZF1DX6ec78YGWIGS,POP FLOW
37i9dQZF1DX6ec78YGWIGS,POP FLOW
37i9dQZF1DX6ec78YGWIGS,POP FLOW
37i9dQZF1DX6ec78YGWIGS,POP FLOW
37i9dQZF1DX6ec78YGWIGS,POP FLOW
37i9dQZF1DX6ec78YGWIGS,POP FLOW
37i9dQZF1DX6ec78YGWIGS,POP FLOW
37i9dQZF1DX6ec78YGWIGS,POP FLOW
37i9dQZF1DX6ec78YGWIGS,POP FLOW
37i9dQZF1DX6ec78YGWIGS,POP FLOW
37i9dQZF1DX6ec78YGWIGS,POP FLOW
37i9dQZF1DX6ec78YGWIGS,POP FLOW
37i9dQZF1DX6ec78YGWIGS,POP FLOW
37i9dQZF1DX6ec78YGWIGS,POP FLOW
37i9dQZF1DX6ec78YGWIGS,POP FLOW
37i9dQZF1DX6ec78YGWIGS,POP FLOW
37i9dQZF1DX6ec78YGWIGS,POP FLOW
37i9dQZF1DX6ec78YGWIGS,POP FLOW
37i9dQZF1DX6ec78YGWIGS,POP FLOW
37i9dQZF1DX6ec78YGWIGS,POP FLOW
37i9dQZF1DX6ec78YGWIGS,POP FLOW
37i9dQZF1DX6ec78YGWIGS,POP FLOW
37i9dQZF1DX6ec78YGWIGS,POP FLOW
37i9dQZF1DX6ec78YGWIGS,POP FLOW
37i9dQZF1DX6ec78YGWIGS,POP FLOW
37i9dQZF1DX6ec78YGWIGS,POP FLOW
37i9dQZF1DX6ec78YGWIGS,POP FLOW
37i9dQZF1DX6ec78YGWIGS,POP FLOW
37i9dQZF1DX6ec78YGWIGS,POP FLOW
37i9dQZF1DX6ec78YGWIGS,POP FLOW
37i9dQZF1DX6ec78YGWIGS,POP FLOW
37i9dQZF1DX6ec78YGWIGS,POP FLOW
37i9dQZF1DX6ec78YGWIGS,POP FLOW
37i9dQZF1DX6ec78YGWIGS,POP FLOW
37i9dQZF1DX6ec78YGWIGS,POP FLOW
37i9dQZF1DX6ec78YGWIGS,POP FLOW
37i9dQZF1DX6ec78YGWIGS,POP FLOW
37i9dQZF1DX6ec78YGWIGS,POP FLOW
37i9dQZF1DX6ec78YGWIGS,POP FLOW
37i9dQZF1DX6ec78YGWIGS,POP FLOW
37i9dQZF1DX6ec78YGWIGS,POP FLOW
37i9dQZF1DX6ec78YGWIGS,POP FLOW
37i9dQZF1DX6ec78YGWIGS,POP FLOW
37i9dQZF1DX6ec78YGWIGS,POP FLOW
37i9dQZF1DX6ec78YGWIGS,POP FLOW
37i9dQZF1DX6ec78YGWIGS,POP FLOW
37i9dQZF1DX6ec78YGWIGS,POP FLOW
37i9dQZF1DX6ec78YGWIGS,POP FLOW
37i9dQZF1DX6ec78YGWIGS,POP FLOW
37i9dQZF1DX6ec78YGWIGS,POP FLOW
37i9dQZF1DX6ec78YGWIGS,POP FLOW
37i9dQZF1DX6ec78YGWIGS,POP FLOW
37i9dQZF1DX6ec78YGWIGS,POP FLOW
37i9dQZF1DX6ec78YGWIGS,POP FLOW
37i9dQZF1DX6ec78YGWIGS,POP FLOW
37i9dQZF1DX6ec78YGWIGS,POP FLOW
37i9dQZF1DX6ec78YGWIGS,POP FLOW
37i9dQZF1DX6ec78YGWIGS,POP FLOW
37i9dQZF1DX6ec78YGWIGS,POP FLOW
37i9dQZF1DX6ec78YGWIGS,POP FLOW
37i9dQZF1DX6ec78YGWIGS,POP FLOW
37i9dQZF1DX6ec78YGWIGS,POP FLOW
37i9dQZF1DX6ec78YGWIGS,POP FLOW
37i9dQZF1DX6ec78YGWIGS,POP FLOW
37i9dQZF1DX6ec78YGWIGS,POP FLOW
37i9dQZF1DX6ec78YGWIGS,POP FLOW
37i9dQZF1DX6ec78YGWIGS,POP FLOW
37i9dQZF1DX6ec78YGWIGS,POP FLOW
37i9dQZF1DX6ec78YGWIGS,POP FLOW
37i9dQZF1DX6ec78YGWIGS,POP FLOW
37i9dQZF1DX6ec78YGWIGS,POP FLOW
37i9dQZF1DX6ec78YGWIGS,POP FLOW
37i9dQZF1DX6ec78YGWIGS,POP FLOW
37i9dQZF1DX6ec78YGWIGS,POP FLOW
37i9dQZF1DX6ec78YGWIGS,POP FLOW
37i9dQZF1DX6ec78YGWIGS,POP FLOW
37i9dQZF1DX6ec78YGWIGS,POP FLOW
37i9dQZF1DX6ec78YGWIGS,POP FLOW
37i9dQZF1DX6ec78YGWIGS,POP FLOW
37i9dQZF1DX6ec78YGWIGS,POP FLOW
37i9dQZF1DX6ec78YGWIGS,POP FLOW
37i9dQZF1DX6ec78YGWIGS,POP FLOW
37i9dQZF1DX6ec78YGWIGS,POP FLOW
37i9dQZF1DX6ec78YGWIGS,POP FLOW
37i9dQZF1DX6ec78YGWIGS,POP FLOW
37i9dQZF1DX6ec78YGWIGS,POP FLOW
37i9dQZF1DX6ec78YGWIGS,POP FLOW
37i9dQZF1DX6ec78YGWIGS,POP FLOW
37i9dQZF1DX6ec78YGWIGS,POP FLOW
37i9dQZF1DX6ec78YGWIGS,POP FLOW
37i9dQZF1DX6ec78YGWIGS,POP FLOW
37i9dQZF1DX6ec78YGWIGS,POP FLOW
37i9dQZF1DX6ec78YGWIGS,POP FLOW
37i9dQZF1DX6ec78YGWIGS,POP FLOW
37i9dQZF1DX6ec78YGWIGS,POP FLOW
37i9dQZF1DX6ec78YGWIGS,POP FLOW
37i9dQZF1DX6ec78YGWIGS,POP FLOW
37i9dQZF1DX6ec78YGWIGS,POP FLOW
37i9dQZF1DX6ec78YGWIGS,POP FLOW
37i9dQZF1DX6ec78YGWIGS,POP FLOW
37i9dQZF1DX6ec78YGWIGS,POP FLOW
37i9dQZF1DX6ec78YGWIGS,POP FLOW
37i9dQZF1DX6ec78YGWIGS,POP FLOW
37i9dQZF1DX6ec78YGWIGS,POP FLOW
37i9dQZF1DX6ec78YGWIGS,POP FLOW
37i9dQZF1DX6ec78YGWIGS,POP FLOW
37i9dQZF1DX6ec78YGWIGS,POP FLOW
37i9dQZF1DX6ec78YGWIGS,POP FLOW
37i9dQZF1DX6ec78YGWIGS,POP FLOW
37i9dQZF1DX6ec78YGWIGS,POP FLOW
37i9dQZF1DX6ec78YGWIGS,POP FLOW
37i9dQZF1DX6ec78YGWIGS,POP FLOW
37i9dQZF1DX6ec78YGWIGS,POP FLOW
37i9dQZF1DX1WhyP6stXXl,Pop Brandneu
37i9dQZF1DX1WhyP6stXXl,Pop Brandneu
37i9dQZF1DX1WhyP6stXXl,Pop Brandneu
37i9dQZF1DX1WhyP6stXXl,Pop Brandneu
37i9dQZF1DX1WhyP6stXXl,Pop Brandneu
37i9dQZF1DX1WhyP6stXXl,Pop Brandneu
37i9dQZF1DX1WhyP6stXXl,Pop Brandneu
37i9dQZF1DX1WhyP6stXXl,Pop Brandneu
37i9dQZF1DX1WhyP6stXXl,Pop Brandneu
37i9dQZF1DX1WhyP6stXXl,Pop Brandneu
37i9dQZF1DX1WhyP6stXXl,Pop Brandneu
37i9dQZF1DX1WhyP6stXXl,Pop Brandneu
37i9dQZF1DX1WhyP6stXXl,Pop Brandneu
37i9dQZF1DX1WhyP6stXXl,Pop Brandneu
37i9dQZF1DX1WhyP6stXXl,Pop Brandneu
37i9dQZF1DX1WhyP6stXXl,Pop Brandneu
37i9dQZF1DX1WhyP6stXXl,Pop Brandneu
37i9dQZF1DX1WhyP6stXXl,Pop Brandneu
37i9dQZF1DX1WhyP6stXXl,Pop Brandneu
37i9dQZF1DX1WhyP6stXXl,Pop Brandneu
37i9dQZF1DX1WhyP6stXXl,Pop Brandneu
37i9dQZF1DX1WhyP6stXXl,Pop Brandneu
37i9dQZF1DX1WhyP6stXXl,Pop Brandneu
37i9dQZF1DX1WhyP6stXXl,Pop Brandneu
37i9dQZF1DX1WhyP6stXXl,Pop Brandneu
37i9dQZF1DX1WhyP6stXXl,Pop Brandneu
37i9dQZF1DX1WhyP6stXXl,Pop Brandneu
37i9dQZF1DX1WhyP6stXXl,Pop Brandneu
37i9dQZF1DX1WhyP6stXXl,Pop Brandneu
37i9dQZF1DX1WhyP6stXXl,Pop Brandneu
37i9dQZF1DX1WhyP6stXXl,Pop Brandneu
37i9dQZF1DX1WhyP6stXXl,Pop Brandneu
37i9dQZF1DX1WhyP6stXXl,Pop Brandneu
37i9dQZF1DX1WhyP6stXXl,Pop Brandneu
37i9dQZF1DX1WhyP6stXXl,Pop Brandneu
37i9dQZF1DX1WhyP6stXXl,Pop Brandneu
37i9dQZF1DX1WhyP6stXXl,Pop Brandneu
37i9dQZF1DX1WhyP6stXXl,Pop Brandneu
37i9dQZF1DX1WhyP6stXXl,Pop Brandneu
37i9dQZF1DX1WhyP6stXXl,Pop Brandneu
37i9dQZF1DX1WhyP6stXXl,Pop Brandneu
37i9dQZF1DX1WhyP6stXXl,Pop Brandneu
37i9dQZF1DX1WhyP6stXXl,Pop Brandneu
37i9dQZF1DX1WhyP6stXXl,Pop Brandneu
37i9dQZF1DX1WhyP6stXXl,Pop Brandneu
37i9dQZF1DX1WhyP6stXXl,Pop Brandneu
37i9dQZF1DX1WhyP6stXXl,Pop Brandneu
37i9dQZF1DX1WhyP6stXXl,Pop Brandneu
37i9dQZF1DX1WhyP6stXXl,Pop Brandneu
37i9dQZF1DX1WhyP6stXXl,Pop Brandneu
37i9dQZF1DX1WhyP6stXXl,Pop Brandneu
37i9dQZF1DX1WhyP6stXXl,Pop Brandneu
37i9dQZF1DX1WhyP6stXXl,Pop Brandneu
37i9dQZF1DX1WhyP6stXXl,Pop Brandneu
37i9dQZF1DX1WhyP6stXXl,Pop Brandneu
37i9dQZF1DX1WhyP6stXXl,Pop Brandneu
37i9dQZF1DX1WhyP6stXXl,Pop Brandneu
37i9dQZF1DX1WhyP6stXXl,Pop Brandneu
37i9dQZF1DX1WhyP6stXXl,Pop Brandneu
37i9dQZF1DX1WhyP6stXXl,Pop Brandneu
37i9dQZF1DX1WhyP6stXXl,Pop Brandneu
37i9dQZF1DX1WhyP6stXXl,Pop Brandneu
37i9dQZF1DX1WhyP6stXXl,Pop Brandneu
37i9dQZF1DX1WhyP6stXXl,Pop Brandneu
37i9dQZF1DX1WhyP6stXXl,Pop Brandneu
37i9dQZF1DX1WhyP6stXXl,Pop Brandneu
37i9dQZF1DX1WhyP6stXXl,Pop Brandneu
37i9dQZF1DX1WhyP6stXXl,Pop Brandneu
37i9dQZF1DX1WhyP6stXXl,Pop Brandneu
37i9dQZF1DX1WhyP6stXXl,Pop Brandneu
37i9dQZF1DX1WhyP6stXXl,Pop Brandneu
37i9dQZF1DX1WhyP6stXXl,Pop Brandneu
37i9dQZF1DX1WhyP6stXXl,Pop Brandneu
37i9dQZF1DX1WhyP6stXXl,Pop Brandneu
37i9dQZF1DX1WhyP6stXXl,Pop Brandneu
37i9dQZF1DX1WhyP6stXXl,Pop Brandneu
37i9dQZF1DX1WhyP6stXXl,Pop Brandneu
37i9dQZF1DX1WhyP6stXXl,Pop Brandneu
37i9dQZF1DX1WhyP6stXXl,Pop Brandneu
37i9dQZF1DX1WhyP6stXXl,Pop Brandneu
