track_id,track_name,artist_id,artist_name,album_id,duration,release_date,popularity,danceability,energy,key,loudness,mode,speechiness,acousticness,instrumentalness,liveness,valence,tempo,album_name
423oRmTgCWl8nF9Oac1fvA,One More Night,04gDigrS5kc9YWfZHwBETP,Maroon 5,5x7JzoE4A3DwwU6FPt8qws,219466,2021-06-20,47,0.718,0.82,5,-3.453,0,0.0323,0.0444,0.0,0.0846,0.613,92.998,Overexposed
1LmN9SSHISbtp9LoaR5ZVJ,Payphone,04gDigrS5kc9YWfZHwBETP,Maroon 5,5x7JzoE4A3DwwU6FPt8qws,231386,2021-06-20,70,0.739,0.756,4,-4.828,1,0.0394,0.0136,0.0,0.37,0.523,110.028,Overexposed
2l8D5dB5pXywjeIeWw16E7,Daylight,04gDigrS5kc9YWfZHwBETP,Maroon 5,5x7JzoE4A3DwwU6FPt8qws,225400,2021-06-20,43,0.662,0.67,2,-5.504,1,0.027,0.0022,0.0,0.203,0.352,119.977,Overexposed
6tVrmsbI5HVDgOlFSTrQjB,Lucky Strike,04gDigrS5kc9YWfZHwBETP,Maroon 5,5x7JzoE4A3DwwU6FPt8qws,185280,2021-06-20,49,0.674,0.74,11,-4.517,0,0.0419,0.000637,0.0,0.111,0.431,143.998,Overexposed
1GpqVTiLDdIeDeX5PrpPDX,The Man Who Never Lied,04gDigrS5kc9YWfZHwBETP,Maroon 5,5x7JzoE4A3DwwU6FPt8qws,205200,2021-06-20,35,0.627,0.848,2,-5.989,1,0.0351,0.000388,0.0,0.0716,0.848,139.954,Overexposed
0B7uZOwTqMBLhvbD3RIFLa,Love Somebody,04gDigrS5kc9YWfZHwBETP,Maroon 5,5x7JzoE4A3DwwU6FPt8qws,229826,2021-06-20,43,0.675,0.79,1,-6.295,1,0.0369,0.129,0.0,0.121,0.423,120.015,Overexposed
6xoDzK0sJcPDduzCkwi3A3,Ladykiller,04gDigrS5kc9YWfZHwBETP,Maroon 5,5x7JzoE4A3DwwU6FPt8qws,163973,2021-06-20,33,0.818,0.607,0,-6.927,1,0.0425,0.00974,0.000194,0.154,0.784,115.054,Overexposed
3GXcpquo4MdMeZdbI9LRDJ,Fortune Teller,04gDigrS5kc9YWfZHwBETP,Maroon 5,5x7JzoE4A3DwwU6FPt8qws,203453,2021-06-20,32,0.668,0.757,4,-6.115,0,0.0411,0.0501,0.0,0.151,0.41,119.961,Overexposed
3wX3zl0LPavrdx7zd2Xn00,Sad,04gDigrS5kc9YWfZHwBETP,Maroon 5,5x7JzoE4A3DwwU6FPt8qws,194253,2021-06-20,33,0.781,0.259,7,-9.204,1,0.0323,0.795,0.0,0.0993,0.331,111.9,Overexposed
4CE3qSc6HJg6hpHZXVLaiJ,Tickets,04gDigrS5kc9YWfZHwBETP,Maroon 5,5x7JzoE4A3DwwU6FPt8qws,209013,2021-06-20,32,0.796,0.836,4,-4.19,0,0.0322,0.0163,2.72e-06,0.106,0.973,120.026,Overexposed
2kDVThEfQx1RPw0uMswT0L,Doin’ Dirt,04gDigrS5kc9YWfZHwBETP,Maroon 5,5x7JzoE4A3DwwU6FPt8qws,211426,2021-06-20,32,0.684,0.864,3,-4.05,0,0.0472,0.000877,0.0,0.0774,0.894,124.95,Overexposed
2zjVGe3HVBgTtBExRfTyuu,Beautiful Goodbye,04gDigrS5kc9YWfZHwBETP,Maroon 5,5x7JzoE4A3DwwU6FPt8qws,255280,2021-06-20,34,0.662,0.578,3,-2.637,1,0.0343,0.002,2.45e-06,0.104,0.404,168.04,Overexposed
5zFglKYiknIxks8geR8rcL,Beautiful Mistakes (feat. Megan Thee Stallion),04gDigrS5kc9YWfZHwBETP,Maroon 5,1pCA38N6MkLlthXtAOvZTU,227395,2021-06-11,80,0.713,0.676,10,-5.483,1,0.027,0.0377,0.0,0.154,0.721,99.048,JORDI (Deluxe)
6tHQAadcluhVV4oD2IvHSk,Lost,04gDigrS5kc9YWfZHwBETP,Maroon 5,1pCA38N6MkLlthXtAOvZTU,172597,2021-06-11,55,0.766,0.706,7,-6.553,0,0.16,0.223,0.00028,0.064,0.766,142.989,JORDI (Deluxe)
54WpJSyO81dpA40MKJHd0C,Echo (feat. blackbear),04gDigrS5kc9YWfZHwBETP,Maroon 5,1pCA38N6MkLlthXtAOvZTU,178620,2021-06-11,54,0.759,0.67,1,-5.309,1,0.0509,0.0204,0.0,0.0953,0.741,136.027,JORDI (Deluxe)
4lejz024CsCP6S5kPD6Upb,Lovesick,04gDigrS5kc9YWfZHwBETP,Maroon 5,1pCA38N6MkLlthXtAOvZTU,185068,2021-06-11,57,0.675,0.699,0,-5.894,1,0.0296,0.00248,0.000604,0.114,0.43,123.042,JORDI (Deluxe)
03blI4F6MeYd6kJx26VsJ2,Remedy (feat. Stevie Nicks),04gDigrS5kc9YWfZHwBETP,Maroon 5,1pCA38N6MkLlthXtAOvZTU,149492,2021-06-11,52,0.753,0.633,6,-7.263,0,0.0594,0.14,0.0,0.392,0.714,132.031,JORDI (Deluxe)
1G5rzVAFlgMqG4gaRujcaA,Seasons,04gDigrS5kc9YWfZHwBETP,Maroon 5,1pCA38N6MkLlthXtAOvZTU,168304,2021-06-11,49,0.638,0.504,8,-8.335,1,0.0578,0.509,2.18e-05,0.103,0.281,140.204,JORDI (Deluxe)
6PyFYTEo8X3inQ4hQvA8md,One Light (feat. Bantu),04gDigrS5kc9YWfZHwBETP,Maroon 5,1pCA38N6MkLlthXtAOvZTU,214390,2021-06-11,48,0.81,0.642,10,-5.801,1,0.0712,0.106,0.0,0.0805,0.596,105.968,JORDI (Deluxe)
7DVassGvnqQRSfVSVPxtpV,Convince Me Otherwise (with H.E.R.),04gDigrS5kc9YWfZHwBETP,Maroon 5,1pCA38N6MkLlthXtAOvZTU,187682,2021-06-11,49,0.378,0.677,5,-6.998,0,0.0475,0.079,9.38e-05,0.102,0.481,199.656,JORDI (Deluxe)
2ST72jD2KVe7f3fbcGyX1b,Nobody's Love,04gDigrS5kc9YWfZHwBETP,Maroon 5,1pCA38N6MkLlthXtAOvZTU,211253,2021-06-11,66,0.485,0.567,1,-6.456,1,0.0388,0.316,0.0,0.0949,0.157,93.676,JORDI (Deluxe)
5kS3Kw2elRTrodnsyQuhvI,Can't Leave You Alone (feat. Juice WRLD),04gDigrS5kc9YWfZHwBETP,Maroon 5,1pCA38N6MkLlthXtAOvZTU,196898,2021-06-11,58,0.727,0.53,8,-7.296,1,0.0703,0.159,0.0,0.105,0.43,139.996,JORDI (Deluxe)
4cktbXiXOapiLBMprHFErI,Memories,04gDigrS5kc9YWfZHwBETP,Maroon 5,1pCA38N6MkLlthXtAOvZTU,189486,2021-06-11,86,0.775,0.327,11,-7.241,1,0.0557,0.841,0.0,0.0821,0.595,91.05,JORDI (Deluxe)
3p4WMekidOIiyf8SFvfrIC,Memories Remix (feat. Nipsey Hussle & YG),04gDigrS5kc9YWfZHwBETP,Maroon 5,1pCA38N6MkLlthXtAOvZTU,189486,2021-06-11,60,0.807,0.396,11,-7.415,1,0.0545,0.855,0.0,0.0805,0.7,91.159,JORDI (Deluxe)
6FDKYM0lBf6zqrg8cFokPd,Button (feat. Anuel AA & Tainy),04gDigrS5kc9YWfZHwBETP,Maroon 5,1pCA38N6MkLlthXtAOvZTU,164224,2021-06-11,50,0.717,0.657,10,-6.355,1,0.0714,0.129,0.0,0.397,0.589,100.924,JORDI (Deluxe)
4rEe3htSUbJbO8kJePhHBx,Lifestyle (Jason Derulo ft. Adam Levine),07YZf4WDAMNwqr4jfgOZ8y,Jason Derulo,1pCA38N6MkLlthXtAOvZTU,153865,2021-06-11,47,0.749,0.675,10,-5.128,0,0.0366,0.0219,0.0,0.17,0.708,123.055,JORDI (Deluxe)
6m9RExR1U4qZZYAgOatzSn,Best 4 U,04gDigrS5kc9YWfZHwBETP,Maroon 5,3ThQ5dvf9wlqB0C7evh5nH,239751,2018-06-15,39,0.526,0.608,10,-5.776,0,0.169,0.127,0.0,0.113,0.372,93.311,Red Pill Blues (Deluxe)
2j5hsQvApottzvTn4pFJWF,What Lovers Do (feat. SZA),04gDigrS5kc9YWfZHwBETP,Maroon 5,3ThQ5dvf9wlqB0C7evh5nH,199849,2018-06-15,68,0.799,0.597,5,-5.131,0,0.0611,0.0788,5.66e-06,0.1,0.419,110.001,Red Pill Blues (Deluxe)
6AvfZXpbb6r35DfF7gHPRq,Wait,04gDigrS5kc9YWfZHwBETP,Maroon 5,3ThQ5dvf9wlqB0C7evh5nH,190642,2018-06-15,62,0.655,0.603,8,-5.014,1,0.0555,0.0959,0.0,0.107,0.452,126.088,Red Pill Blues (Deluxe)
5ezKhlg0ZwDPgOtMCoQt1S,Lips On You,04gDigrS5kc9YWfZHwBETP,Maroon 5,3ThQ5dvf9wlqB0C7evh5nH,216930,2018-06-15,47,0.652,0.555,9,-6.608,1,0.032,0.137,2.18e-05,0.09,0.107,103.043,Red Pill Blues (Deluxe)
7HCnuwV7xCMfqljSUcgGci,Bet My Heart,04gDigrS5kc9YWfZHwBETP,Maroon 5,3ThQ5dvf9wlqB0C7evh5nH,196120,2018-06-15,38,0.759,0.604,8,-6.663,0,0.051,0.141,0.0,0.149,0.418,121.096,Red Pill Blues (Deluxe)
1Px62X35tayLsX5V1qx1Mb,Help Me Out (with Julia Michaels),04gDigrS5kc9YWfZHwBETP,Maroon 5,3ThQ5dvf9wlqB0C7evh5nH,193603,2018-06-15,43,0.934,0.564,11,-4.806,1,0.0638,0.461,1.84e-05,0.101,0.543,115.092,Red Pill Blues (Deluxe)
6wogrqAh1GfVvhgLB8PRRD,Who I Am (feat. LunchMoney Lewis),04gDigrS5kc9YWfZHwBETP,Maroon 5,3ThQ5dvf9wlqB0C7evh5nH,183427,2018-06-15,39,0.812,0.67,5,-4.008,1,0.0901,0.172,3.29e-06,0.253,0.654,125.087,Red Pill Blues (Deluxe)
6zEOfBb85G0Vaau5skdAUG,Whiskey (feat. A$AP Rocky),04gDigrS5kc9YWfZHwBETP,Maroon 5,3ThQ5dvf9wlqB0C7evh5nH,210422,2018-06-15,42,0.604,0.405,10,-8.279,1,0.0597,0.735,0.0,0.105,0.0861,103.98,Red Pill Blues (Deluxe)
6OEHjJJvdkk1Ln0p0AZdyz,Girls Like You,04gDigrS5kc9YWfZHwBETP,Maroon 5,3ThQ5dvf9wlqB0C7evh5nH,215229,2018-06-15,63,0.611,0.462,0,-7.054,1,0.0646,0.558,1.01e-06,0.131,0.377,59.635,Red Pill Blues (Deluxe)
4W8ZFQ9eMeInTDW4VefRBd,Closure,04gDigrS5kc9YWfZHwBETP,Maroon 5,3ThQ5dvf9wlqB0C7evh5nH,688741,2018-06-15,38,0.748,0.813,0,-6.687,0,0.0704,0.183,0.0518,0.424,0.445,116.962,Red Pill Blues (Deluxe)
37L9lpOweL2PcMWtFhF8Ce,Denim Jacket,04gDigrS5kc9YWfZHwBETP,Maroon 5,3ThQ5dvf9wlqB0C7evh5nH,232550,2018-06-15,39,0.781,0.628,1,-5.34,1,0.0668,0.161,0.0,0.0917,0.288,117.992,Red Pill Blues (Deluxe)
1QK06BoMwWscsZpjyXQ1KL,Visions,04gDigrS5kc9YWfZHwBETP,Maroon 5,3ThQ5dvf9wlqB0C7evh5nH,230727,2018-06-15,38,0.594,0.762,0,-5.457,1,0.0581,0.0536,0.0,0.127,0.574,154.791,Red Pill Blues (Deluxe)
5H2aKE95Ud9gkFoTWMYSH1,Plastic Rose,04gDigrS5kc9YWfZHwBETP,Maroon 5,3ThQ5dvf9wlqB0C7evh5nH,222885,2018-06-15,36,0.666,0.736,11,-5.363,0,0.137,0.00539,0.0,0.0613,0.477,110.389,Red Pill Blues (Deluxe)
1nueTG77MzNkJTKQ0ZdGzT,Don't Wanna Know (feat. Kendrick Lamar),04gDigrS5kc9YWfZHwBETP,Maroon 5,3ThQ5dvf9wlqB0C7evh5nH,214265,2018-06-15,65,0.783,0.61,7,-6.124,1,0.0696,0.343,0.0,0.0983,0.418,100.047,Red Pill Blues (Deluxe)
7gwLQ4tZ5UdZ7qNcDyJ8wr,Cold (feat. Future),04gDigrS5kc9YWfZHwBETP,Maroon 5,3ThQ5dvf9wlqB0C7evh5nH,234308,2018-06-15,66,0.693,0.717,9,-6.346,0,0.107,0.14,0.0,0.0464,0.412,99.836,Red Pill Blues (Deluxe)
6V1bu6o1Yo5ZXnsCJU8Ovk,Girls Like You (feat. Cardi B) - Cardi B Version,04gDigrS5kc9YWfZHwBETP,Maroon 5,3ThQ5dvf9wlqB0C7evh5nH,235545,2018-06-15,68,0.851,0.541,0,-6.825,1,0.0505,0.568,0.0,0.13,0.448,124.959,Red Pill Blues (Deluxe)
2FtGF9wKcbAXsXlB2WTmxM,Maps,04gDigrS5kc9YWfZHwBETP,Maroon 5,7cVkMpmcdlEo67aMmffyoU,189960,2014-09-02,47,0.742,0.713,1,-5.522,0,0.0303,0.0205,0.0,0.059,0.879,120.032,V (Deluxe)
5s8TNhF23nv2Pumf0JTe2i,Animals,04gDigrS5kc9YWfZHwBETP,Maroon 5,7cVkMpmcdlEo67aMmffyoU,231013,2014-09-02,46,0.279,0.742,4,-6.46,0,0.0898,0.000185,0.0,0.593,0.328,189.868,V (Deluxe)
2YqKlMOlKlKQbBtzIOv2U8,It Was Always You,04gDigrS5kc9YWfZHwBETP,Maroon 5,7cVkMpmcdlEo67aMmffyoU,239920,2014-09-02,37,0.613,0.765,11,-6.582,1,0.0441,0.082,1.25e-06,0.092,0.299,103.951,V (Deluxe)
1P495QP4sdUyeNwhXEZoSX,Unkiss Me,04gDigrS5kc9YWfZHwBETP,Maroon 5,7cVkMpmcdlEo67aMmffyoU,238200,2014-09-02,34,0.532,0.599,6,-6.543,1,0.0333,0.00784,0.0,0.14,0.113,130.019,V (Deluxe)
0JssjDh3UWEgjUslVZgHJG,Sugar,04gDigrS5kc9YWfZHwBETP,Maroon 5,7cVkMpmcdlEo67aMmffyoU,235493,2014-09-02,46,0.748,0.788,1,-7.055,1,0.0334,0.0591,0.0,0.0863,0.884,120.076,V (Deluxe)
0drzZOcHbyrHIUcfiPIKu0,Leaving California,04gDigrS5kc9YWfZHwBETP,Maroon 5,7cVkMpmcdlEo67aMmffyoU,203453,2014-09-02,33,0.501,0.704,3,-5.64,1,0.0326,0.284,0.0,0.155,0.27,97.039,V (Deluxe)
6Nynqgge2ysTrtdccrLkjN,In Your Pocket,04gDigrS5kc9YWfZHwBETP,Maroon 5,7cVkMpmcdlEo67aMmffyoU,219493,2014-09-02,36,0.618,0.837,6,-6.142,0,0.0515,0.032,0.0,0.0475,0.434,126.082,V (Deluxe)
3Ai49rnVYBSxRgzivheqS8,New Love,04gDigrS5kc9YWfZHwBETP,Maroon 5,7cVkMpmcdlEo67aMmffyoU,196546,2014-09-02,32,0.63,0.886,5,-5.216,0,0.076,0.0107,0.00011,0.214,0.824,165.012,V (Deluxe)
2Yff3rfBdcfgQ2OMdv2imH,Coming Back For You,04gDigrS5kc9YWfZHwBETP,Maroon 5,7cVkMpmcdlEo67aMmffyoU,226960,2014-09-02,34,0.644,0.866,1,-5.687,0,0.0341,0.0121,0.0,0.0719,0.39,114.927,V (Deluxe)
22TcZGXKvZ8XnhnnaRcaiB,Feelings,04gDigrS5kc9YWfZHwBETP,Maroon 5,7cVkMpmcdlEo67aMmffyoU,194773,2014-09-02,36,0.693,0.727,10,-5.364,0,0.0749,0.00365,0.0,0.0576,0.746,121.937,V (Deluxe)
2A95wVBG5ysxGX7to0HxcG,My Heart Is Open,04gDigrS5kc9YWfZHwBETP,Maroon 5,7cVkMpmcdlEo67aMmffyoU,236866,2014-09-02,38,0.41,0.327,1,-7.663,1,0.0301,0.547,0.0,0.0763,0.283,101.861,V (Deluxe)
28SVUNVJ8wMX79hcbghCgv,This Summer,04gDigrS5kc9YWfZHwBETP,Maroon 5,7cVkMpmcdlEo67aMmffyoU,224400,2014-09-02,37,0.54,0.766,4,-5.148,0,0.07,0.000248,0.0,0.641,0.176,98.932,V (Deluxe)
6urL4lfM0LQe2zGWITrpvP,Shoot Love,04gDigrS5kc9YWfZHwBETP,Maroon 5,7cVkMpmcdlEo67aMmffyoU,189666,2014-09-02,35,0.595,0.797,8,-5.828,1,0.0352,0.00259,0.0,0.11,0.425,135.0,V (Deluxe)
0beCjUwOTRNatg7CYf4GS8,Sex And Candy,04gDigrS5kc9YWfZHwBETP,Maroon 5,7cVkMpmcdlEo67aMmffyoU,264720,2014-09-02,45,0.805,0.38,10,-9.713,0,0.0352,0.322,1.33e-05,0.0629,0.653,133.926,V (Deluxe)
5wHaZHMw8PZQIoKqGqI7oE,Lost Stars,4bYPcJP5jwMhSivRcqie2n,Adam Levine,7cVkMpmcdlEo67aMmffyoU,266933,2014-09-02,42,0.494,0.582,0,-4.769,1,0.0266,0.102,0.0,0.0805,0.416,82.025,V (Deluxe)
4gbVRS8gloEluzf0GzDOFc,Maps,04gDigrS5kc9YWfZHwBETP,Maroon 5,2Auw0pTT6EcQdvHNimhLQI,189960,2014-09-02,86,0.742,0.713,1,-5.522,0,0.0303,0.0205,0.0,0.059,0.879,120.032,V
2bL2gyO6kBdLkNSkxXNh6x,Animals,04gDigrS5kc9YWfZHwBETP,Maroon 5,2Auw0pTT6EcQdvHNimhLQI,231013,2014-09-02,83,0.279,0.742,4,-6.46,0,0.0898,0.000185,0.0,0.593,0.328,189.868,V
2PLo8T3kGE9URFvBy3tUdt,It Was Always You,04gDigrS5kc9YWfZHwBETP,Maroon 5,2Auw0pTT6EcQdvHNimhLQI,239920,2014-09-02,59,0.613,0.765,11,-6.582,1,0.0441,0.082,1.25e-06,0.092,0.299,103.951,V
1m39XApxHXb2UkGItyyIUO,Unkiss Me,04gDigrS5kc9YWfZHwBETP,Maroon 5,2Auw0pTT6EcQdvHNimhLQI,238200,2014-09-02,52,0.532,0.599,6,-6.543,1,0.0333,0.00784,0.0,0.14,0.113,130.019,V
2iuZJX9X9P0GKaE93xcPjk,Sugar,04gDigrS5kc9YWfZHwBETP,Maroon 5,2Auw0pTT6EcQdvHNimhLQI,235493,2014-09-02,83,0.748,0.788,1,-7.055,1,0.0334,0.0591,0.0,0.0863,0.884,120.076,V
13YQutqrAhT5iX9HOctlu5,Leaving California,04gDigrS5kc9YWfZHwBETP,Maroon 5,2Auw0pTT6EcQdvHNimhLQI,203453,2014-09-02,51,0.501,0.704,3,-5.64,1,0.0326,0.284,0.0,0.155,0.27,97.039,V
6SCh4BKjB0il6zKgtSiasQ,In Your Pocket,04gDigrS5kc9YWfZHwBETP,Maroon 5,2Auw0pTT6EcQdvHNimhLQI,219493,2014-09-02,50,0.618,0.837,6,-6.142,0,0.0515,0.032,0.0,0.0475,0.434,126.082,V
42QGdFKDbWMDvmgsYq35HP,New Love,04gDigrS5kc9YWfZHwBETP,Maroon 5,2Auw0pTT6EcQdvHNimhLQI,196546,2014-09-02,47,0.63,0.886,5,-5.216,0,0.076,0.0107,0.00011,0.214,0.824,165.012,V
4J1moeUmaCFMfHNyCeUpkN,Coming Back For You,04gDigrS5kc9YWfZHwBETP,Maroon 5,2Auw0pTT6EcQdvHNimhLQI,226960,2014-09-02,48,0.644,0.866,1,-5.687,0,0.0341,0.0121,0.0,0.0719,0.39,114.927,V
2dyyOwe0KxTZTJjjXDeLmU,Feelings,04gDigrS5kc9YWfZHwBETP,Maroon 5,2Auw0pTT6EcQdvHNimhLQI,194773,2014-09-02,58,0.693,0.727,10,-5.364,0,0.0749,0.00365,0.0,0.0576,0.746,121.937,V
5AnZXEB5IVhU57cJdOtJeX,My Heart Is Open,04gDigrS5kc9YWfZHwBETP,Maroon 5,2Auw0pTT6EcQdvHNimhLQI,236866,2014-09-02,50,0.41,0.327,1,-7.663,1,0.0301,0.547,0.0,0.0763,0.283,101.861,V
5uVji14OWpj9HMKLXdhjAv,This Summer,04gDigrS5kc9YWfZHwBETP,Maroon 5,2Auw0pTT6EcQdvHNimhLQI,224400,2014-09-02,58,0.54,0.766,4,-5.148,0,0.07,0.000248,0.0,0.641,0.176,98.932,V
4XNrMwGx1SqP01sqkGTDmo,One More Night,04gDigrS5kc9YWfZHwBETP,Maroon 5,2pjfMmH52fryXVQuWTWOgP,219466,2012-01-01,74,0.718,0.82,5,-3.453,0,0.0323,0.0444,0.0,0.0846,0.613,92.998,Overexposed (Deluxe)
4P0osvTXoSYZZC2n8IFH3c,Payphone,04gDigrS5kc9YWfZHwBETP,Maroon 5,2pjfMmH52fryXVQuWTWOgP,231386,2012-01-01,74,0.739,0.756,4,-4.828,1,0.0394,0.0136,0.0,0.37,0.523,110.028,Overexposed (Deluxe)
3cvNxYnBgh6ystYLC6NQTT,Daylight,04gDigrS5kc9YWfZHwBETP,Maroon 5,2pjfMmH52fryXVQuWTWOgP,225400,2012-01-01,54,0.662,0.67,2,-5.504,1,0.027,0.0022,0.0,0.203,0.352,119.977,Overexposed (Deluxe)
5b2aMqcSeAMlDptX6EjE7m,Lucky Strike,04gDigrS5kc9YWfZHwBETP,Maroon 5,2pjfMmH52fryXVQuWTWOgP,185280,2012-01-01,54,0.674,0.74,11,-4.517,0,0.0419,0.000637,0.0,0.111,0.431,143.998,Overexposed (Deluxe)
5ElhEl1tkaDZBglzN5XKZg,The Man Who Never Lied,04gDigrS5kc9YWfZHwBETP,Maroon 5,2pjfMmH52fryXVQuWTWOgP,205200,2012-01-01,43,0.627,0.848,2,-5.989,1,0.0351,0.000388,0.0,0.0716,0.848,139.954,Overexposed (Deluxe)
12tUCBq7V9qCF8qGOLpcnu,Love Somebody,04gDigrS5kc9YWfZHwBETP,Maroon 5,2pjfMmH52fryXVQuWTWOgP,229826,2012-01-01,55,0.675,0.79,1,-6.295,1,0.0369,0.129,0.0,0.121,0.423,120.015,Overexposed (Deluxe)
0yg6n1GI3n6oiC1D1vdncA,Ladykiller,04gDigrS5kc9YWfZHwBETP,Maroon 5,2pjfMmH52fryXVQuWTWOgP,163973,2012-01-01,39,0.818,0.607,0,-6.927,1,0.0425,0.00974,0.000194,0.154,0.784,115.054,Overexposed (Deluxe)
6lx0wqoIBxSJgd033dJxvj,Fortune Teller,04gDigrS5kc9YWfZHwBETP,Maroon 5,2pjfMmH52fryXVQuWTWOgP,203453,2012-01-01,36,0.668,0.757,4,-6.115,0,0.0411,0.0501,0.0,0.151,0.41,119.961,Overexposed (Deluxe)
2EUxbBRKE07EOWW8mBkg5q,Sad,04gDigrS5kc9YWfZHwBETP,Maroon 5,2pjfMmH52fryXVQuWTWOgP,194253,2012-01-01,45,0.781,0.259,7,-9.204,1,0.0323,0.795,0.0,0.0993,0.331,111.9,Overexposed (Deluxe)
24QIrV8FsMKIPCjwmDkEyw,Tickets,04gDigrS5kc9YWfZHwBETP,Maroon 5,2pjfMmH52fryXVQuWTWOgP,209013,2012-01-01,37,0.796,0.836,4,-4.19,0,0.0322,0.0163,2.72e-06,0.106,0.973,120.026,Overexposed (Deluxe)
7B0un3gd0aBlXbbItaoYxI,Doin’ Dirt,04gDigrS5kc9YWfZHwBETP,Maroon 5,2pjfMmH52fryXVQuWTWOgP,211426,2012-01-01,39,0.684,0.864,3,-4.05,0,0.0472,0.000877,0.0,0.0774,0.894,124.95,Overexposed (Deluxe)
62FOsBpnZXEoPc1Qo9hcap,Beautiful Goodbye,04gDigrS5kc9YWfZHwBETP,Maroon 5,2pjfMmH52fryXVQuWTWOgP,255266,2012-01-01,50,0.662,0.578,3,-2.637,1,0.0343,0.002,2.45e-06,0.104,0.404,168.04,Overexposed (Deluxe)
1c2MXiju7DNPSfsKoVbHlg,Wipe Your Eyes,04gDigrS5kc9YWfZHwBETP,Maroon 5,2pjfMmH52fryXVQuWTWOgP,214853,2012-01-01,41,0.608,0.909,4,-3.638,0,0.0349,0.0516,0.0,0.111,0.617,137.04,Overexposed (Deluxe)
5mICU0mlpIYeah7MRjHmHP,Wasted Years,04gDigrS5kc9YWfZHwBETP,Maroon 5,2pjfMmH52fryXVQuWTWOgP,212666,2012-01-01,33,0.724,0.85,2,-4.221,1,0.238,0.0532,0.0,0.258,0.788,158.666,Overexposed (Deluxe)
0ToTl9sLEljoOkHjJlLzHq,Let’s Stay Together,04gDigrS5kc9YWfZHwBETP,Maroon 5,2pjfMmH52fryXVQuWTWOgP,203933,2012-01-01,40,0.687,0.273,5,-9.259,1,0.0302,0.919,0.0,0.0978,0.539,110.45,Overexposed (Deluxe)
3EgODk377wwLhTO2BtN9nt,Misery,04gDigrS5kc9YWfZHwBETP,Maroon 5,5kygdThrNHarL5gnO2jMOt,216200,2011-01-01,45,0.705,0.808,4,-4.874,0,0.0427,0.000315,0.0,0.216,0.719,102.98,Hands All Over (Deluxe)
1pgm0Uer7xIkcYcGZE7cKZ,Give A Little More,04gDigrS5kc9YWfZHwBETP,Maroon 5,5kygdThrNHarL5gnO2jMOt,180293,2011-01-01,35,0.753,0.823,0,-4.301,1,0.0385,0.000945,0.000175,0.141,0.937,117.955,Hands All Over (Deluxe)
0dnpN2l5GOtgMAh2kKa6B0,Stutter,04gDigrS5kc9YWfZHwBETP,Maroon 5,5kygdThrNHarL5gnO2jMOt,196920,2011-01-01,34,0.711,0.882,1,-2.772,0,0.0333,0.0173,0.0,0.111,0.81,119.984,Hands All Over (Deluxe)
0FQpDXa74Ip5IdWz0ddfSp,Don't Know Nothing,04gDigrS5kc9YWfZHwBETP,Maroon 5,5kygdThrNHarL5gnO2jMOt,199066,2011-01-01,29,0.657,0.846,9,-3.124,0,0.0258,0.0149,0.0,0.136,0.857,129.999,Hands All Over (Deluxe)
6f20Pw1naYO4xkCyHa8AxA,Never Gonna Leave This Bed,04gDigrS5kc9YWfZHwBETP,Maroon 5,5kygdThrNHarL5gnO2jMOt,196706,2011-01-01,38,0.609,0.812,11,-4.208,1,0.0296,0.109,0.0,0.247,0.464,117.367,Hands All Over (Deluxe)
3IkqtvkTJmlqOohbmveWDi,I Can't Lie,04gDigrS5kc9YWfZHwBETP,Maroon 5,5kygdThrNHarL5gnO2jMOt,211200,2011-01-01,32,0.626,0.872,2,-4.89,1,0.0327,0.0261,0.0,0.168,0.961,90.979,Hands All Over (Deluxe)
45Pupst39aIab4KzvvdYMa,Hands All Over,04gDigrS5kc9YWfZHwBETP,Maroon 5,5kygdThrNHarL5gnO2jMOt,192853,2011-01-01,31,0.651,0.791,5,-4.706,0,0.04,0.00941,0.0,0.103,0.728,86.434,Hands All Over (Deluxe)
3OKZLvHIv39o9B8f64MvoE,How,04gDigrS5kc9YWfZHwBETP,Maroon 5,5kygdThrNHarL5gnO2jMOt,216600,2011-01-01,29,0.535,0.689,4,-4.55,1,0.0263,0.122,0.0,0.345,0.391,92.981,Hands All Over (Deluxe)
3TDKkACUlLgnDGLMzM408B,Get Back In My Life,04gDigrS5kc9YWfZHwBETP,Maroon 5,5kygdThrNHarL5gnO2jMOt,217893,2011-01-01,29,0.759,0.924,11,-3.843,1,0.0273,0.000269,0.0,0.137,0.906,111.956,Hands All Over (Deluxe)
0PLu0oeBEZ0isWbm5PFoZt,Just A Feeling,04gDigrS5kc9YWfZHwBETP,Maroon 5,5kygdThrNHarL5gnO2jMOt,226506,2011-01-01,32,0.602,0.616,3,-5.098,1,0.0284,0.147,0.0,0.106,0.296,149.945,Hands All Over (Deluxe)
6A3Il4B3GLSy7argIx0Qxx,Runaway,04gDigrS5kc9YWfZHwBETP,Maroon 5,5kygdThrNHarL5gnO2jMOt,181200,2011-01-01,29,0.662,0.844,11,-3.681,0,0.03,0.00903,0.0,0.151,0.589,99.994,Hands All Over (Deluxe)
4il2zPMLjkgy07uNQ8zlfA,Out Of Goodbyes With Lady Antebellum,04gDigrS5kc9YWfZHwBETP,Maroon 5,5kygdThrNHarL5gnO2jMOt,196080,2011-01-01,26,0.662,0.533,0,-8.459,1,0.0248,0.141,9.27e-05,0.108,0.383,103.923,Hands All Over (Deluxe)
5d63e8JNRbvshRK9zu8HGG,"Moves Like Jagger - Studio Recording From ""The Voice"" Performance",04gDigrS5kc9YWfZHwBETP,Maroon 5,5kygdThrNHarL5gnO2jMOt,201240,2011-01-01,40,0.713,0.758,11,-4.508,0,0.0438,0.0114,0.0,0.296,0.624,128.061,Hands All Over (Deluxe)
6MX7pPsiJrEuvG9448h9AD,Last Chance,04gDigrS5kc9YWfZHwBETP,Maroon 5,5kygdThrNHarL5gnO2jMOt,189893,2011-01-01,27,0.792,0.774,6,-5.159,0,0.0323,0.0523,0.0,0.204,0.924,129.02,Hands All Over (Deluxe)
0UR7XgAjJKu0teihK7rgEv,No Curtain Call,04gDigrS5kc9YWfZHwBETP,Maroon 5,5kygdThrNHarL5gnO2jMOt,224946,2011-01-01,25,0.521,0.807,10,-4.99,0,0.0275,0.0017,0.0,0.106,0.353,168.034,Hands All Over (Deluxe)
4TZMzn111XmDXcg8kOkHZu,Never Gonna Leave This Bed - Acoustic Version,04gDigrS5kc9YWfZHwBETP,Maroon 5,5kygdThrNHarL5gnO2jMOt,202520,2011-01-01,24,0.715,0.683,11,-5.702,1,0.0396,0.306,0.0,0.079,0.605,114.948,Hands All Over (Deluxe)
57VoRVkOAyrLpEisnX3Adf,Misery - Acoustic Version,04gDigrS5kc9YWfZHwBETP,Maroon 5,5kygdThrNHarL5gnO2jMOt,226506,2011-01-01,24,0.728,0.591,6,-7.56,1,0.0374,0.265,1.01e-06,0.112,0.426,97.003,Hands All Over (Deluxe)
1nQYaiTQ2PYcB1MMnuTexO,If I Ain’t Got You - Live,04gDigrS5kc9YWfZHwBETP,Maroon 5,5kygdThrNHarL5gnO2jMOt,240773,2011-01-01,25,0.511,0.404,3,-8.317,1,0.0267,0.553,0.0,0.0842,0.24,114.546,Hands All Over (Deluxe)
6AwiHxvuUgJXGXzBY4koAV,The Air That I Breathe - Bonus Track,04gDigrS5kc9YWfZHwBETP,Maroon 5,5kygdThrNHarL5gnO2jMOt,257653,2011-01-01,29,0.741,0.548,1,-7.045,1,0.0315,0.107,0.0,0.18,0.38,117.962,Hands All Over (Deluxe)
1nWRjur5frpKZSFyGdwQTg,If I Never See Your Face Again,04gDigrS5kc9YWfZHwBETP,Maroon 5,2FNYaSxnB6sLUtbDhRY0eU,201000,2008-01-01,27,0.745,0.867,1,-2.452,1,0.0376,0.017,0.0,0.262,0.93,106.006,It Won't Be Soon Before Long. (MTV Bonus Version)
5WmlgXbHgTiiBgs42kRF6l,Makes Me Wonder,04gDigrS5kc9YWfZHwBETP,Maroon 5,2FNYaSxnB6sLUtbDhRY0eU,211080,2008-01-01,34,0.803,0.85,7,-2.429,1,0.0359,0.00492,0.000413,0.0599,0.874,113.997,It Won't Be Soon Before Long. (MTV Bonus Version)
5E9yeKi0R3NMhiZ6I4XXkr,Little Of Your Time,04gDigrS5kc9YWfZHwBETP,Maroon 5,2FNYaSxnB6sLUtbDhRY0eU,137066,2008-01-01,24,0.686,0.964,6,-2.532,0,0.0792,0.0664,0.0,0.104,0.966,143.961,It Won't Be Soon Before Long. (MTV Bonus Version)
0GamzfxbLFqQ3VOHINvzPv,Wake Up Call,04gDigrS5kc9YWfZHwBETP,Maroon 5,2FNYaSxnB6sLUtbDhRY0eU,201306,2008-01-01,33,0.631,0.949,4,-2.671,0,0.0592,0.0304,0.0,0.0883,0.969,164.113,It Won't Be Soon Before Long. (MTV Bonus Version)
3fEOgd4l1yNyp6B5rlfjvq,Won't Go Home Without You,04gDigrS5kc9YWfZHwBETP,Maroon 5,2FNYaSxnB6sLUtbDhRY0eU,231173,2008-01-01,36,0.738,0.613,3,-3.76,1,0.0318,0.0154,0.0,0.102,0.415,110.026,It Won't Be Soon Before Long. (MTV Bonus Version)
7EaCjmAALlGki1Kzq1AajA,Nothing Lasts Forever,04gDigrS5kc9YWfZHwBETP,Maroon 5,2FNYaSxnB6sLUtbDhRY0eU,187920,2008-01-01,27,0.595,0.762,4,-4.631,0,0.0304,0.347,0.0,0.0854,0.554,95.963,It Won't Be Soon Before Long. (MTV Bonus Version)
6tLKGPcpzVwTWAummN70mg,Can't Stop,04gDigrS5kc9YWfZHwBETP,Maroon 5,2FNYaSxnB6sLUtbDhRY0eU,152800,2008-01-01,24,0.613,0.93,4,-1.875,0,0.064,0.0171,0.0,0.0587,0.971,154.874,It Won't Be Soon Before Long. (MTV Bonus Version)
3pV2FW9gCqroj0P8jnTe9K,Goodnight Goodnight,04gDigrS5kc9YWfZHwBETP,Maroon 5,2FNYaSxnB6sLUtbDhRY0eU,243320,2008-01-01,22,0.45,0.679,2,-3.764,1,0.0285,0.0323,0.0,0.182,0.25,189.983,It Won't Be Soon Before Long. (MTV Bonus Version)
2WW47a1tRO6SHf46TGRHpR,Not Falling Apart,04gDigrS5kc9YWfZHwBETP,Maroon 5,2FNYaSxnB6sLUtbDhRY0eU,243626,2008-01-01,23,0.758,0.706,7,-5.024,1,0.0379,0.00777,1.38e-06,0.0632,0.399,119.977,It Won't Be Soon Before Long. (MTV Bonus Version)
1VwVK2FpR9I1D7gpCTRicb,Kiwi,04gDigrS5kc9YWfZHwBETP,Maroon 5,2FNYaSxnB6sLUtbDhRY0eU,214546,2008-01-01,20,0.744,0.874,9,-4.465,0,0.0989,0.0396,0.00604,0.83,0.703,141.977,It Won't Be Soon Before Long. (MTV Bonus Version)
3RmljIRSVQXQkanz9SjuUS,Better That We Break,04gDigrS5kc9YWfZHwBETP,Maroon 5,2FNYaSxnB6sLUtbDhRY0eU,186306,2008-01-01,21,0.473,0.614,0,-3.238,1,0.0279,0.314,0.0,0.129,0.381,159.843,It Won't Be Soon Before Long. (MTV Bonus Version)
7n5CIroA7sqhXiyEJ3Fx4j,Back At Your Door,04gDigrS5kc9YWfZHwBETP,Maroon 5,2FNYaSxnB6sLUtbDhRY0eU,226826,2008-01-01,21,0.647,0.629,3,-3.42,1,0.0263,0.0206,0.0,0.224,0.311,111.998,It Won't Be Soon Before Long. (MTV Bonus Version)
1rhHkjoNw3EPUG4qAuGZih,If I Never See Your Face Again - Featuring Rihanna (FNMTV Live Performance),04gDigrS5kc9YWfZHwBETP,Maroon 5,2FNYaSxnB6sLUtbDhRY0eU,200720,2008-01-01,20,0.589,0.923,6,-3.431,1,0.0861,0.00252,0.000214,0.933,0.641,108.501,It Won't Be Soon Before Long. (MTV Bonus Version)
5RFo4jjKsAoe9JZiq25fWs,If I Never See Your Face Again - Swizz Beatz Remix,04gDigrS5kc9YWfZHwBETP,Maroon 5,1btcxe4BlA1oqaBXQhd5zm,225733,2008-01-01,24,0.619,0.932,6,-4.244,1,0.0471,0.0018,0.0,0.351,0.681,106.03,Call And Response: The Remix Album
2TZpefebxp7JIj9TQvrNGn,Wake Up Call - Mark Ronson Remix,04gDigrS5kc9YWfZHwBETP,Maroon 5,1btcxe4BlA1oqaBXQhd5zm,191560,2008-01-01,25,0.62,0.902,11,-3.511,0,0.122,0.104,0.0,0.0942,0.907,89.413,Call And Response: The Remix Album
3zojn1LRZxEh3aH477WRmm,Sunday Morning - Questlove Remix,04gDigrS5kc9YWfZHwBETP,Maroon 5,1btcxe4BlA1oqaBXQhd5zm,226546,2008-01-01,34,0.519,0.642,0,-5.26,1,0.0389,0.155,0.0,0.0512,0.892,87.907,Call And Response: The Remix Album
4DZRhGua8FwDIf6St0dbHo,Makes Me Wonder - Just Blaze Remix,04gDigrS5kc9YWfZHwBETP,Maroon 5,1btcxe4BlA1oqaBXQhd5zm,354986,2008-01-01,24,0.447,0.719,11,-6.058,0,0.0675,0.0691,0.000672,0.547,0.0738,175.917,Call And Response: The Remix Album
7lF4S3wpOcMQcdlY7G4Vaf,"This Love - C. ""Tricky"" Stewart Remix",04gDigrS5kc9YWfZHwBETP,Maroon 5,1btcxe4BlA1oqaBXQhd5zm,177546,2008-01-01,24,0.809,0.76,8,-6.08,1,0.0828,0.0135,2.52e-06,0.0573,0.725,114.944,Call And Response: The Remix Album
7mbR1Mao73NCRI457H9zAC,She Will Be Loved - Pharrell Williams Remix,04gDigrS5kc9YWfZHwBETP,Maroon 5,1btcxe4BlA1oqaBXQhd5zm,261653,2008-01-01,28,0.684,0.531,5,-5.744,0,0.0269,0.24,0.0,0.148,0.212,101.998,Call And Response: The Remix Album
6AM6mcvOhsBXhBRLqNrAvB,Shiver - DJ Quick Remix,04gDigrS5kc9YWfZHwBETP,Maroon 5,1btcxe4BlA1oqaBXQhd5zm,164746,2008-01-01,21,0.745,0.763,2,-4.75,1,0.113,0.0193,0.00523,0.0581,0.917,171.958,Call And Response: The Remix Album
5Iiu0kA68rJNN0gZLxRT6U,Wake Up Call - David Banner Remix,04gDigrS5kc9YWfZHwBETP,Maroon 5,1btcxe4BlA1oqaBXQhd5zm,200853,2008-01-01,24,0.742,0.792,4,-5.313,0,0.0743,0.00358,0.0377,0.0719,0.384,163.988,Call And Response: The Remix Album
23W2HOwEyDj9uA8WzaqSKf,Harder To Breathe - The Cool Kids Remix,04gDigrS5kc9YWfZHwBETP,Maroon 5,1btcxe4BlA1oqaBXQhd5zm,178066,2008-01-01,26,0.702,0.706,1,-7.066,0,0.0576,0.00474,0.00523,0.134,0.961,150.075,Call And Response: The Remix Album
0rsCN21VJFkoTlrnNre7SP,Little Of Your Time - Bloodshy & Avant Remix,04gDigrS5kc9YWfZHwBETP,Maroon 5,1btcxe4BlA1oqaBXQhd5zm,234440,2008-01-01,21,0.631,0.841,7,-5.577,1,0.119,0.00158,0.0,0.315,0.835,145.044,Call And Response: The Remix Album
5oaOnZFJViAM54otXt27Z3,Little Of Your Time - Of Montreal Remix,04gDigrS5kc9YWfZHwBETP,Maroon 5,1btcxe4BlA1oqaBXQhd5zm,179520,2008-01-01,19,0.593,0.952,6,-6.884,0,0.0684,0.00788,0.164,0.394,0.592,144.068,Call And Response: The Remix Album
1yVlbG6WLOtWp3tLkFKpLs,Goodnight Goodnight - Deerhoof Remix,04gDigrS5kc9YWfZHwBETP,Maroon 5,1btcxe4BlA1oqaBXQhd5zm,242400,2008-01-01,21,0.648,0.483,2,-7.055,1,0.0296,0.117,1.94e-06,0.0789,0.233,94.977,Call And Response: The Remix Album
6ymmQd6NKrsjVuGTCZ2jYJ,Not Falling Apart - Tiësto Remix,04gDigrS5kc9YWfZHwBETP,Maroon 5,1btcxe4BlA1oqaBXQhd5zm,368733,2008-01-01,25,0.741,0.376,7,-8.465,1,0.0632,0.00138,0.0138,0.225,0.418,130.011,Call And Response: The Remix Album
0tG5QWGVg7Dillxob8z2em,Better That We Break - Ali Shaheed Muhammad & Doc Remix,04gDigrS5kc9YWfZHwBETP,Maroon 5,1btcxe4BlA1oqaBXQhd5zm,159853,2008-01-01,20,0.515,0.838,9,-4.669,0,0.148,0.0104,0.0,0.292,0.598,94.012,Call And Response: The Remix Album
7KR1V5JyZ0dIBMkeoQUqVU,Secret - Premier 5 Remix,04gDigrS5kc9YWfZHwBETP,Maroon 5,1btcxe4BlA1oqaBXQhd5zm,233573,2008-01-01,21,0.752,0.605,7,-6.044,1,0.0411,0.00224,0.00029,0.212,0.389,87.989,Call And Response: The Remix Album
3NPQFM3LRycBk6PxVlT1eL,Woman - Sam Farrar Remix,04gDigrS5kc9YWfZHwBETP,Maroon 5,1btcxe4BlA1oqaBXQhd5zm,251853,2008-01-01,22,0.672,0.707,7,-7.283,1,0.125,0.0496,0.00171,0.0617,0.797,173.972,Call And Response: The Remix Album
2Q8sQ7cYrMqBQt2lAoWPDl,This Love - Cut Copy Galactic Beach House Mix,04gDigrS5kc9YWfZHwBETP,Maroon 5,1btcxe4BlA1oqaBXQhd5zm,441306,2008-01-01,21,0.632,0.892,10,-6.807,0,0.0366,0.00175,0.253,0.101,0.533,114.996,Call And Response: The Remix Album
4ZSsnZIeuhu7urOeVFQsWT,If I Never See Your Face Again - Paul Oakenfold Remix,04gDigrS5kc9YWfZHwBETP,Maroon 5,1btcxe4BlA1oqaBXQhd5zm,423253,2008-01-01,27,0.636,0.709,3,-6.44,0,0.0427,0.0216,0.00108,0.425,0.659,124.997,Call And Response: The Remix Album
6LGXMlZFFkvMrz8iJPwSbY,Shiver - Live,04gDigrS5kc9YWfZHwBETP,Maroon 5,07hPT8Ndirhuv2NeurOD6C,289160,2007-01-01,23,0.226,0.987,0,-5.258,1,0.0754,0.00801,2.88e-06,0.833,0.358,173.533,Live Friday The 13th
2nvjcxZbWfgtC8a44B4MVU,Through With You - Live,04gDigrS5kc9YWfZHwBETP,Maroon 5,07hPT8Ndirhuv2NeurOD6C,199040,2007-01-01,23,0.488,0.933,10,-6.333,0,0.0354,0.00879,0.0,0.409,0.653,142.043,Live Friday The 13th
4BE1xijuaclg0GPzx1dI71,Tangled - Live,04gDigrS5kc9YWfZHwBETP,Maroon 5,07hPT8Ndirhuv2NeurOD6C,217493,2007-01-01,23,0.393,0.969,9,-5.943,0,0.0692,0.000927,5.82e-05,0.979,0.473,141.093,Live Friday The 13th
68a4QAkomPREeFxjiWBIsJ,Harder To Breathe - Live,04gDigrS5kc9YWfZHwBETP,Maroon 5,07hPT8Ndirhuv2NeurOD6C,179786,2007-01-01,28,0.279,0.976,1,-5.67,0,0.0545,0.00546,0.0,0.934,0.726,148.125,Live Friday The 13th
2RhYrgApWxy0brsWNko6xD,The Sun - Live,04gDigrS5kc9YWfZHwBETP,Maroon 5,07hPT8Ndirhuv2NeurOD6C,472280,2007-01-01,23,0.333,0.942,7,-6.645,1,0.0685,0.00317,5.86e-05,0.957,0.309,80.061,Live Friday The 13th
3uc8EaDOksuNPOrSCwuu2W,Wasted Years - Live,04gDigrS5kc9YWfZHwBETP,Maroon 5,07hPT8Ndirhuv2NeurOD6C,323480,2007-01-01,22,0.271,0.881,9,-6.682,0,0.0501,0.0191,0.0,0.991,0.438,152.043,Live Friday The 13th
0cCYNg9N6BFtJxVF0FB0o5,Secret/Ain't No Sunshine - Live,04gDigrS5kc9YWfZHwBETP,Maroon 5,07hPT8Ndirhuv2NeurOD6C,431626,2007-01-01,23,0.39,0.687,5,-8.226,1,0.0319,0.0306,0.00119,0.965,0.192,83.606,Live Friday The 13th
2MTCwBeOpNa3ww6PFUb0kq,Not Coming Home - Live,04gDigrS5kc9YWfZHwBETP,Maroon 5,07hPT8Ndirhuv2NeurOD6C,268280,2007-01-01,22,0.522,0.953,1,-5.999,0,0.112,0.0631,1.08e-06,0.981,0.361,120.994,Live Friday The 13th
0lRm2146tAYFre5X1oIwN8,This Love - Live,04gDigrS5kc9YWfZHwBETP,Maroon 5,07hPT8Ndirhuv2NeurOD6C,314186,2007-01-01,33,0.417,0.977,0,-5.675,1,0.117,0.0333,0.0,0.945,0.286,95.165,Live Friday The 13th
2kYvXQ6GPDBINWJLiOaOiC,Must Get Out - Live,04gDigrS5kc9YWfZHwBETP,Maroon 5,07hPT8Ndirhuv2NeurOD6C,248720,2007-01-01,22,0.483,0.883,7,-5.752,1,0.0327,0.0036,0.0,0.942,0.394,98.001,Live Friday The 13th
2GRpb2NAI2vn8qwLa3oxd8,Sunday Morning - Live,04gDigrS5kc9YWfZHwBETP,Maroon 5,07hPT8Ndirhuv2NeurOD6C,397520,2007-01-01,28,0.346,0.927,0,-6.188,1,0.0957,0.0175,1.18e-05,0.932,0.291,85.886,Live Friday The 13th
2pBttYLLbR8W2xgAPOZIUS,Sweetest Goodbye - Live,04gDigrS5kc9YWfZHwBETP,Maroon 5,07hPT8Ndirhuv2NeurOD6C,578666,2007-01-01,24,0.218,0.954,3,-6.598,0,0.0817,0.00401,0.00138,0.989,0.227,83.075,Live Friday The 13th
1vpT2nIDyx9MV6P4TfvwMq,Hello - Live,04gDigrS5kc9YWfZHwBETP,Maroon 5,07hPT8Ndirhuv2NeurOD6C,232240,2007-01-01,20,0.185,0.984,9,-4.638,0,0.0977,3.21e-05,0.00402,1.0,0.169,108.552,Live Friday The 13th
4CbFaTmshnLTEKYS2v3t2L,She Will Be Loved - Live,04gDigrS5kc9YWfZHwBETP,Maroon 5,07hPT8Ndirhuv2NeurOD6C,379013,2007-01-01,39,0.226,0.87,2,-6.907,1,0.0512,0.0353,0.0,0.397,0.481,201.099,Live Friday The 13th
4xSjIgsYgd36OAK4QZ55Pr,If I Never See Your Face Again,04gDigrS5kc9YWfZHwBETP,Maroon 5,29hJ8AFYZU98OzenrMr6iU,201000,2007-01-01,46,0.745,0.867,1,-2.446,1,0.0374,0.017,0.0,0.281,0.936,106.006,It Won't Be Soon Before Long.
1lHXlGlve5Zx8tXLhyjDwM,Makes Me Wonder,04gDigrS5kc9YWfZHwBETP,Maroon 5,29hJ8AFYZU98OzenrMr6iU,211080,2007-01-01,60,0.803,0.851,7,-2.429,1,0.0357,0.00485,0.000358,0.0577,0.881,113.996,It Won't Be Soon Before Long.
3UuylZ8AmrOT4OfjGofTCN,Little Of Your Time,04gDigrS5kc9YWfZHwBETP,Maroon 5,29hJ8AFYZU98OzenrMr6iU,137066,2007-01-01,37,0.686,0.963,6,-2.532,0,0.0801,0.0658,0.0,0.104,0.965,143.931,It Won't Be Soon Before Long.
1zqllQUMCgMaInr0CzFVll,Wake Up Call,04gDigrS5kc9YWfZHwBETP,Maroon 5,29hJ8AFYZU98OzenrMr6iU,201306,2007-01-01,56,0.632,0.949,4,-2.671,0,0.0593,0.0302,0.0,0.0871,0.969,164.118,It Won't Be Soon Before Long.
0tuyEYTaqLxE41yGHSsXjy,Won't Go Home Without You,04gDigrS5kc9YWfZHwBETP,Maroon 5,29hJ8AFYZU98OzenrMr6iU,231173,2007-01-01,65,0.737,0.615,3,-3.76,1,0.0317,0.0149,0.0,0.102,0.41,110.023,It Won't Be Soon Before Long.
6zaKzSQwWtxqAvBvoubEWo,Nothing Lasts Forever,04gDigrS5kc9YWfZHwBETP,Maroon 5,29hJ8AFYZU98OzenrMr6iU,187920,2007-01-01,47,0.595,0.764,4,-4.631,0,0.0304,0.345,0.0,0.0855,0.558,95.959,It Won't Be Soon Before Long.
6ZXRfraYr0sKNd9TKW5XQx,Can't Stop,04gDigrS5kc9YWfZHwBETP,Maroon 5,29hJ8AFYZU98OzenrMr6iU,152813,2007-01-01,39,0.61,0.931,4,-1.872,0,0.0633,0.0167,0.0,0.0585,0.971,154.874,It Won't Be Soon Before Long.
0Bw6iiL5mYvq5I8VCaspqG,Goodnight Goodnight,04gDigrS5kc9YWfZHwBETP,Maroon 5,29hJ8AFYZU98OzenrMr6iU,243306,2007-01-01,44,0.587,0.701,2,-3.77,1,0.0258,0.0358,0.0,0.183,0.273,94.981,It Won't Be Soon Before Long.
6RFxg84B3wA2zUs9RrVOTZ,Not Falling Apart,04gDigrS5kc9YWfZHwBETP,Maroon 5,29hJ8AFYZU98OzenrMr6iU,243626,2007-01-01,36,0.758,0.714,7,-5.027,1,0.0382,0.00788,1.34e-06,0.0636,0.403,119.971,It Won't Be Soon Before Long.
2QAcGZOKjrQW0UL1YxO3Aa,Kiwi,04gDigrS5kc9YWfZHwBETP,Maroon 5,29hJ8AFYZU98OzenrMr6iU,214546,2007-01-01,33,0.74,0.874,4,-4.47,0,0.0992,0.0384,0.00634,0.901,0.709,141.984,It Won't Be Soon Before Long.
1EQoBUXD7EApSye8jmJTTg,Better That We Break,04gDigrS5kc9YWfZHwBETP,Maroon 5,29hJ8AFYZU98OzenrMr6iU,186306,2007-01-01,42,0.52,0.613,0,-3.238,1,0.0268,0.314,0.0,0.13,0.383,79.914,It Won't Be Soon Before Long.
1UvGv4XWZrVDrxbGKJfA0p,Back At Your Door,04gDigrS5kc9YWfZHwBETP,Maroon 5,29hJ8AFYZU98OzenrMr6iU,226826,2007-01-01,36,0.647,0.624,3,-3.415,1,0.0263,0.0196,0.0,0.224,0.315,111.994,It Won't Be Soon Before Long.
3d7pK1CqZaj5xbIGPy85rD,This Love - Acoustic,04gDigrS5kc9YWfZHwBETP,Maroon 5,0BCjGDBIymcwf4etd4KBgu,255293,2004,58,0.649,0.621,10,-8.959,0,0.0559,0.503,1.23e-05,0.379,0.674,91.25,1.22.03 Acoustic
3bXhtg6H8lOMWaLZttQF6F,Sunday Morning - Acoustic,04gDigrS5kc9YWfZHwBETP,Maroon 5,0BCjGDBIymcwf4etd4KBgu,254853,2004,65,0.55,0.667,7,-8.613,1,0.0776,0.57,0.0,0.705,0.763,82.767,1.22.03 Acoustic
2sLS4tVaEoMYrNS67PVz0V,She Will Be Loved - Acoustic,04gDigrS5kc9YWfZHwBETP,Maroon 5,0BCjGDBIymcwf4etd4KBgu,276786,2004,66,0.618,0.504,11,-9.328,0,0.0319,0.496,4.73e-06,0.698,0.58,98.12,1.22.03 Acoustic
5Ay81Q9Ms1TxEpW4K2sEdF,Harder To Breathe - Acoustic,04gDigrS5kc9YWfZHwBETP,Maroon 5,0BCjGDBIymcwf4etd4KBgu,189880,2004,49,0.693,0.798,8,-7.809,0,0.195,0.482,0.0,0.735,0.955,146.468,1.22.03 Acoustic
4UXIPGSBpaK4TXaWsY0bfY,The Sun - Acoustic,04gDigrS5kc9YWfZHwBETP,Maroon 5,0BCjGDBIymcwf4etd4KBgu,318520,2004,35,0.438,0.727,4,-9.248,0,0.125,0.528,6.59e-05,0.575,0.469,154.583,1.22.03 Acoustic
3lAqHOGFBABytXxiPpDm6e,"If I Fell - Acoustic / Live At The Hit Factory, NYC / 2003",04gDigrS5kc9YWfZHwBETP,Maroon 5,0BCjGDBIymcwf4etd4KBgu,203306,2004,37,0.508,0.125,6,-16.55,0,0.0364,0.919,0.0,0.708,0.192,81.3,1.22.03 Acoustic
2h7AMLucO47xzRTxdFzK7U,"Highway To Hell - Acoustic - Live From Hamburg, Germany",04gDigrS5kc9YWfZHwBETP,Maroon 5,0BCjGDBIymcwf4etd4KBgu,269693,2004,29,0.493,0.878,7,-6.966,1,0.0761,0.0265,0.00134,0.924,0.451,121.88,1.22.03 Acoustic
2RjpDxBii8EvC6p6wxwCSz,Harder To Breathe,04gDigrS5kc9YWfZHwBETP,Maroon 5,1Rv9WRKyYhFaGbuYDaQunN,173693,2002-06-25,55,0.662,0.908,1,-4.764,0,0.0449,0.0506,0.0,0.0508,0.967,149.941,Songs About Jane
6YgV0EF8xJMZz0Zm6BTaT4,This Love,04gDigrS5kc9YWfZHwBETP,Maroon 5,1Rv9WRKyYhFaGbuYDaQunN,206200,2002-06-25,65,0.712,0.862,5,-4.612,0,0.0378,0.0525,0.0,0.093,0.809,95.051,Songs About Jane
3T35D5r5tkO6c1KzZ0HCBr,Shiver,04gDigrS5kc9YWfZHwBETP,Maroon 5,1Rv9WRKyYhFaGbuYDaQunN,179773,2002-06-25,48,0.625,0.925,0,-4.435,1,0.342,0.0421,0.0,0.865,0.515,172.017,Songs About Jane
7sapKrjDij2fpDVj0GxP66,She Will Be Loved,04gDigrS5kc9YWfZHwBETP,Maroon 5,1Rv9WRKyYhFaGbuYDaQunN,257133,2002-06-25,74,0.706,0.713,0,-5.512,0,0.0301,0.0596,0.0,0.132,0.544,102.037,Songs About Jane
07oRM1c6VtzDpxjTn8w6Hm,Tangled,04gDigrS5kc9YWfZHwBETP,Maroon 5,1Rv9WRKyYhFaGbuYDaQunN,198200,2002-06-25,47,0.626,0.8,9,-5.085,0,0.0611,0.0313,0.0,0.0587,0.737,145.839,Songs About Jane
6cX1zmXxkfhSvHW82U5CW6,The Sun,04gDigrS5kc9YWfZHwBETP,Maroon 5,1Rv9WRKyYhFaGbuYDaQunN,251693,2002-06-25,54,0.446,0.728,7,-5.663,1,0.0463,0.0492,0.0,0.0316,0.562,79.648,Songs About Jane
7xlIrLvCs7digqxVI3LKMM,Must Get Out,04gDigrS5kc9YWfZHwBETP,Maroon 5,1Rv9WRKyYhFaGbuYDaQunN,239440,2002-06-25,47,0.749,0.531,7,-6.636,1,0.0324,0.0549,0.0,0.237,0.317,97.022,Songs About Jane
1YI0uK36eupTmw9F8kHysr,Sunday Morning,04gDigrS5kc9YWfZHwBETP,Maroon 5,1Rv9WRKyYhFaGbuYDaQunN,244866,2002-06-25,67,0.607,0.76,0,-5.229,1,0.0482,0.0745,0.0,0.0595,0.805,88.059,Songs About Jane
64i1dyG9Td5z5Q0TCG17Pb,Secret,04gDigrS5kc9YWfZHwBETP,Maroon 5,1Rv9WRKyYhFaGbuYDaQunN,295000,2002-06-25,55,0.42,0.438,5,-8.402,1,0.051,0.256,0.000117,0.0963,0.149,87.986,Songs About Jane
6DhtWg2DzPVEcBZoJ2CJh9,Through With You,04gDigrS5kc9YWfZHwBETP,Maroon 5,1Rv9WRKyYhFaGbuYDaQunN,181573,2002-06-25,45,0.69,0.8,10,-5.407,0,0.044,0.0749,0.0,0.0848,0.663,146.147,Songs About Jane
7sT621Iv8V6bMv6Z5B16PO,Not Coming Home,04gDigrS5kc9YWfZHwBETP,Maroon 5,1Rv9WRKyYhFaGbuYDaQunN,261226,2002-06-25,45,0.668,0.925,1,-5.204,0,0.0901,0.135,4.55e-06,0.983,0.352,120.049,Songs About Jane
44R3zk8n5b3g5fTEXCkwnW,Sweetest Goodbye,04gDigrS5kc9YWfZHwBETP,Maroon 5,1Rv9WRKyYhFaGbuYDaQunN,270733,2002-06-25,47,0.566,0.819,1,-5.951,1,0.104,0.167,0.0,0.187,0.708,164.004,Songs About Jane
4V9JDRqKjN8F2HWdlEDxvI,Harder To Breathe,04gDigrS5kc9YWfZHwBETP,Maroon 5,5zClcGCSWj926AMjvBNSLc,173693,2002,67,0.662,0.908,1,-4.764,0,0.0449,0.0506,0.0,0.0508,0.967,149.941,Songs About Jane: 10th Anniversary Edition
6ECp64rv50XVz93WvxXMGF,This Love,04gDigrS5kc9YWfZHwBETP,Maroon 5,5zClcGCSWj926AMjvBNSLc,206200,2002,84,0.712,0.862,5,-4.612,0,0.0378,0.0525,0.0,0.093,0.809,95.051,Songs About Jane: 10th Anniversary Edition
6MvQ6mhfqeoxfhTydwYRRI,Shiver,04gDigrS5kc9YWfZHwBETP,Maroon 5,5zClcGCSWj926AMjvBNSLc,179773,2002,47,0.625,0.925,0,-4.435,1,0.342,0.0421,0.0,0.865,0.515,172.017,Songs About Jane: 10th Anniversary Edition
4llK75pXNWZz6KAho2Gp16,She Will Be Loved - Radio Mix,04gDigrS5kc9YWfZHwBETP,Maroon 5,5zClcGCSWj926AMjvBNSLc,259453,2002,83,0.651,0.663,0,-5.569,0,0.0281,0.228,0.0,0.0994,0.465,102.0,Songs About Jane: 10th Anniversary Edition
4c0Arzex2NVpiCePeB5rf5,Tangled,04gDigrS5kc9YWfZHwBETP,Maroon 5,5zClcGCSWj926AMjvBNSLc,198200,2002,46,0.63,0.798,9,-5.075,0,0.0559,0.0348,0.0,0.0557,0.788,145.977,Songs About Jane: 10th Anniversary Edition
16tn9LlieVLhbCmL2x2TRe,The Sun,04gDigrS5kc9YWfZHwBETP,Maroon 5,5zClcGCSWj926AMjvBNSLc,251693,2002,49,0.532,0.73,7,-5.671,1,0.0414,0.0464,0.0,0.0323,0.558,79.989,Songs About Jane: 10th Anniversary Edition
7BMFfYoeXMXMX2mVCy2NVz,Must Get Out,04gDigrS5kc9YWfZHwBETP,Maroon 5,5zClcGCSWj926AMjvBNSLc,239440,2002,54,0.748,0.529,7,-6.641,1,0.0323,0.053,0.0,0.338,0.317,97.017,Songs About Jane: 10th Anniversary Edition
5qII2n90lVdPDcgXEEVHNy,Sunday Morning,04gDigrS5kc9YWfZHwBETP,Maroon 5,5zClcGCSWj926AMjvBNSLc,244880,2002,78,0.608,0.768,0,-5.227,1,0.0475,0.0913,0.0,0.0629,0.809,88.059,Songs About Jane: 10th Anniversary Edition
6QU5K23dgQ6kOca5INWOVB,Secret,04gDigrS5kc9YWfZHwBETP,Maroon 5,5zClcGCSWj926AMjvBNSLc,295000,2002,48,0.641,0.446,5,-8.369,1,0.0391,0.231,8.68e-05,0.106,0.15,88.04,Songs About Jane: 10th Anniversary Edition
1ShkiUGko94e4BW5fEnxxw,Through With You,04gDigrS5kc9YWfZHwBETP,Maroon 5,5zClcGCSWj926AMjvBNSLc,181573,2002,44,0.691,0.795,10,-5.38,0,0.0439,0.0715,0.0,0.0932,0.64,146.144,Songs About Jane: 10th Anniversary Edition
47GAwoC7QtBMVqrixfLVUo,Not Coming Home,04gDigrS5kc9YWfZHwBETP,Maroon 5,5zClcGCSWj926AMjvBNSLc,261226,2002,43,0.667,0.921,1,-5.223,0,0.0909,0.123,6.66e-06,0.982,0.378,120.04,Songs About Jane: 10th Anniversary Edition
6b9NzxGrLgueouFOAr5Jw3,Sweetest Goodbye,04gDigrS5kc9YWfZHwBETP,Maroon 5,5zClcGCSWj926AMjvBNSLc,270746,2002,43,0.557,0.819,3,-5.985,0,0.0983,0.15,0.0,0.185,0.721,163.986,Songs About Jane: 10th Anniversary Edition
03yLhZ200apRpQR47lb2fg,Harder To Breathe - Demo,04gDigrS5kc9YWfZHwBETP,Maroon 5,5zClcGCSWj926AMjvBNSLc,137680,2002,38,0.537,0.79,6,-5.614,0,0.176,0.0898,0.0,0.0914,0.908,149.8,Songs About Jane: 10th Anniversary Edition
4PNn9pMYbErIXMHmE0w4a2,This Love - Demo,04gDigrS5kc9YWfZHwBETP,Maroon 5,5zClcGCSWj926AMjvBNSLc,201866,2002,40,0.686,0.576,0,-6.775,0,0.0376,0.182,0.0,0.106,0.642,95.94,Songs About Jane: 10th Anniversary Edition
2NPgLm7I9ltBDXE4oigXi6,Shiver - Demo,04gDigrS5kc9YWfZHwBETP,Maroon 5,5zClcGCSWj926AMjvBNSLc,188773,2002,34,0.762,0.613,4,-5.59,0,0.132,0.0134,7.52e-06,0.091,0.704,171.906,Songs About Jane: 10th Anniversary Edition
0HJdnuMSH9cR4GNUUtQBPM,She Will Be Loved - Demo,04gDigrS5kc9YWfZHwBETP,Maroon 5,5zClcGCSWj926AMjvBNSLc,188906,2002,43,0.879,0.429,1,-7.939,0,0.041,0.0227,0.0,0.064,0.61,100.014,Songs About Jane: 10th Anniversary Edition
3B4rsHMPbvYV7nNxs4FSWE,Tangled - Demo,04gDigrS5kc9YWfZHwBETP,Maroon 5,5zClcGCSWj926AMjvBNSLc,164413,2002,34,0.842,0.534,5,-8.309,1,0.221,0.181,0.0,0.17,0.522,77.98,Songs About Jane: 10th Anniversary Edition
09ZNbemRWaTfNBmZ246SOQ,The Sun - Demo,04gDigrS5kc9YWfZHwBETP,Maroon 5,5zClcGCSWj926AMjvBNSLc,202613,2002,33,0.7,0.646,7,-6.823,1,0.0737,0.121,0.0,0.0729,0.741,80.302,Songs About Jane: 10th Anniversary Edition
6ky7V6pofLTDxI6vJ6azZ4,Must Get Out - Demo,04gDigrS5kc9YWfZHwBETP,Maroon 5,5zClcGCSWj926AMjvBNSLc,197466,2002,33,0.664,0.507,7,-7.11,1,0.0371,0.214,0.0,0.0849,0.586,191.978,Songs About Jane: 10th Anniversary Edition
6lwJPy78yr392u5uVUQKww,Sunday Morning - Demo,04gDigrS5kc9YWfZHwBETP,Maroon 5,5zClcGCSWj926AMjvBNSLc,252106,2002,45,0.536,0.624,0,-7.481,1,0.0533,0.0274,0.0,0.0908,0.886,88.648,Songs About Jane: 10th Anniversary Edition
4ygNJLjf6J6X91VPExX0Ee,Secret - Demo,04gDigrS5kc9YWfZHwBETP,Maroon 5,5zClcGCSWj926AMjvBNSLc,249666,2002,34,0.512,0.51,5,-7.219,1,0.0455,0.097,2.39e-05,0.128,0.132,177.109,Songs About Jane: 10th Anniversary Edition
2gGyGhrur9okI0UBIDXJEG,Through With You - Demo,04gDigrS5kc9YWfZHwBETP,Maroon 5,5zClcGCSWj926AMjvBNSLc,200853,2002,32,0.677,0.427,10,-7.47,0,0.0434,0.0605,0.0,0.0788,0.537,140.057,Songs About Jane: 10th Anniversary Edition
4lgsjS8hYdpP8lOyyKdNEf,Not Coming Home - Demo,04gDigrS5kc9YWfZHwBETP,Maroon 5,5zClcGCSWj926AMjvBNSLc,231293,2002,32,0.747,0.361,2,-8.595,0,0.0549,0.0511,2.26e-06,0.202,0.397,121.499,Songs About Jane: 10th Anniversary Edition
5tSN9S1BvuQ1TcmBnkA9Ws,Sweetest Goodbye - Demo,04gDigrS5kc9YWfZHwBETP,Maroon 5,5zClcGCSWj926AMjvBNSLc,210453,2002,35,0.716,0.606,7,-7.083,1,0.0446,0.216,1.27e-06,0.112,0.787,164.052,Songs About Jane: 10th Anniversary Edition
4bvqIVboftRLtgT8WBOXCI,Take What You Want - Demo,04gDigrS5kc9YWfZHwBETP,Maroon 5,5zClcGCSWj926AMjvBNSLc,145066,2002,35,0.642,0.834,9,-6.517,1,0.0615,0.0462,0.0,0.201,0.54,112.344,Songs About Jane: 10th Anniversary Edition
39gJMnnXw8x2Im44B8BM3P,Ragdoll - Original Demo/Non-LP International B-Side,04gDigrS5kc9YWfZHwBETP,Maroon 5,5zClcGCSWj926AMjvBNSLc,328693,2002,35,0.718,0.576,7,-5.244,1,0.0342,0.333,3.15e-06,0.0965,0.361,121.699,Songs About Jane: 10th Anniversary Edition
4PPgUdOaHiGBEswMhwSziB,Woman - Demo,04gDigrS5kc9YWfZHwBETP,Maroon 5,5zClcGCSWj926AMjvBNSLc,246213,2002,34,0.774,0.604,9,-9.445,0,0.131,0.227,0.00268,0.0646,0.78,173.998,Songs About Jane: 10th Anniversary Edition
1hbbMyfgxjcFrW2v4ll8uQ,Chilly Winter - Demo,04gDigrS5kc9YWfZHwBETP,Maroon 5,5zClcGCSWj926AMjvBNSLc,175106,2002,31,0.793,0.489,0,-9.254,1,0.0358,0.0831,0.000444,0.111,0.793,136.009,Songs About Jane: 10th Anniversary Edition
0ecxQl1Uij06vO9S7htIVI,The Sun - Alternate Mix,04gDigrS5kc9YWfZHwBETP,Maroon 5,5zClcGCSWj926AMjvBNSLc,256680,2002,33,0.618,0.805,7,-4.962,1,0.0378,0.0175,0.0,0.0455,0.476,80.024,Songs About Jane: 10th Anniversary Edition
7LcfRTgAVTs5pQGEQgUEzN,"Moves Like Jagger - Studio Recording From ""The Voice"" Performance",04gDigrS5kc9YWfZHwBETP,Maroon 5,7strNUlU6xZqlVWBNUdOYv,201160,2010,74,0.722,0.758,11,-4.477,0,0.0471,0.0111,0.0,0.308,0.62,128.047,Singles
